"municipio";"ubs";"upa";"caps";"hospital";"outros"
"120001";6;0;1;0;9
"120005";3;0;0;0;8
"120010";9;0;1;1;15
"120013";5;0;0;0;5
"120017";5;0;1;0;7
"120020";36;1;2;4;93
"120025";8;0;1;0;7
"120030";8;0;0;1;11
"120032";3;0;0;0;7
"120033";11;0;1;1;12
"120034";3;0;0;0;8
"120035";5;0;1;0;10
"120038";8;0;1;1;11
"120039";5;0;0;0;8
"120040";66;4;2;12;778
"120042";7;0;0;0;14
"120043";3;0;0;0;8
"120045";9;0;0;1;8
"120050";17;0;1;1;24
"120060";11;0;0;1;25
"120070";8;0;1;1;11
"120080";5;0;0;0;8
"270010";11;0;1;0;8
"270020";8;0;1;0;5
"270030";42;1;2;8;338
"270040";17;0;1;1;17
"270050";6;1;0;0;6
"270060";4;0;0;0;6
"270070";7;0;1;0;12
"270080";4;0;0;0;2
"270090";6;0;0;0;3
"270100";11;0;1;1;12
"270110";5;0;0;0;7
"270120";8;0;0;0;5
"270130";8;0;1;1;4
"270135";3;0;0;0;2
"270140";14;0;1;1;13
"270150";7;0;0;0;2
"270160";8;0;1;0;5
"270170";8;0;1;1;8
"270180";5;0;0;0;3
"270190";5;0;0;0;3
"270200";10;0;0;0;7
"270210";8;0;1;0;11
"270220";3;0;0;0;3
"270230";20;1;1;3;23
"270235";12;0;1;0;6
"270240";29;1;1;1;33
"270250";5;0;0;0;4
"270255";12;0;1;0;3
"270260";11;0;1;0;7
"270270";2;0;0;0;1
"270280";5;0;0;0;5
"270290";15;0;1;0;12
"270300";6;1;1;0;3
"270310";11;0;1;0;9
"270320";14;0;1;0;7
"270330";5;0;1;0;7
"270340";6;0;0;0;5
"270350";3;0;0;0;1
"270360";4;0;0;0;3
"270370";3;0;0;0;4
"270375";7;1;0;0;4
"270380";8;0;1;1;6
"270390";3;0;0;0;2
"270400";24;0;1;1;8
"270410";14;0;1;0;6
"270420";20;0;1;0;7
"270430";83;7;7;39;1641
"270440";7;0;1;0;5
"270450";10;1;1;0;12
"270460";9;0;0;0;4
"270470";19;2;1;0;20
"270480";6;0;0;0;11
"270490";2;0;0;0;2
"270500";6;0;1;0;6
"270510";10;0;1;1;8
"270520";6;0;1;0;5
"270530";4;0;0;0;2
"270540";6;0;0;0;5
"270550";11;0;1;1;4
"270560";5;0;0;0;8
"270570";8;0;1;0;8
"270580";2;0;0;0;3
"270590";6;0;0;0;2
"270600";5;0;0;0;6
"270610";6;0;1;0;3
"270620";3;0;0;0;3
"270630";23;1;2;1;70
"270640";10;0;1;0;13
"270642";11;0;0;0;6
"270644";4;1;0;0;10
"270650";7;0;1;0;6
"270660";4;0;0;0;3
"270670";20;1;1;2;75
"270680";9;0;1;0;5
"270690";13;1;1;1;7
"270700";2;0;0;0;3
"270710";6;1;1;1;24
"270720";11;0;0;0;5
"270730";11;0;1;2;11
"270740";8;0;1;0;4
"270750";8;0;1;0;8
"270760";8;0;1;1;5
"270770";24;0;1;1;25
"270780";4;0;0;0;2
"270790";6;0;0;0;2
"270800";17;1;2;1;44
"270810";5;0;0;0;6
"270820";8;0;0;1;2
"270830";12;0;1;0;7
"270840";14;0;1;1;6
"270850";14;0;1;1;10
"270860";13;1;2;1;37
"270870";4;0;0;0;2
"270880";28;0;1;0;15
"270890";8;0;1;0;6
"270895";5;0;0;0;4
"270900";3;0;0;0;3
"270910";14;0;1;0;11
"270915";28;0;1;1;16
"270920";12;0;1;0;5
"270930";19;0;2;2;30
"270940";10;1;1;1;15
"160005";7;0;0;1;4
"160010";9;0;0;1;5
"160015";10;0;0;1;13
"160020";5;0;0;1;3
"160021";5;0;0;0;3
"160023";6;0;0;1;7
"160025";11;0;0;0;5
"160027";14;1;1;1;13
"160030";54;4;4;9;557
"160040";19;0;1;1;10
"160050";11;0;1;1;21
"160053";12;0;1;1;10
"160055";5;0;0;0;3
"160060";19;0;2;2;68
"160070";17;0;0;1;8
"160080";8;0;0;1;3
"130002";6;0;0;1;7
"130006";3;0;0;1;8
"130008";6;0;0;1;9
"130010";5;0;0;1;3
"130014";8;0;1;1;5
"130020";8;0;0;1;37
"130030";13;0;1;1;10
"130040";7;0;0;1;25
"130050";12;0;0;1;11
"130060";5;0;0;1;18
"130063";3;0;0;1;4
"130068";5;0;0;1;5
"130070";5;0;0;1;14
"130080";9;0;1;1;7
"130083";4;0;0;1;4
"130090";2;0;0;1;2
"130100";8;0;0;1;9
"130110";14;0;1;1;9
"130115";16;0;1;1;2
"130120";15;0;1;1;23
"130130";8;0;1;1;6
"130140";4;0;1;1;11
"130150";3;0;0;1;4
"130160";4;0;0;1;7
"130165";5;0;1;1;6
"130170";13;0;1;1;48
"130180";9;0;0;1;6
"130185";18;0;1;1;14
"130190";16;1;1;1;42
"130195";2;0;0;1;6
"130200";3;0;0;1;6
"130210";4;0;0;1;5
"130220";2;0;0;0;5
"130230";3;0;0;1;9
"130240";8;0;1;1;31
"130250";21;0;2;1;21
"130255";3;0;1;1;7
"130260";221;13;6;40;1401
"130270";12;0;1;1;15
"130280";5;0;0;1;6
"130290";18;0;1;1;18
"130300";11;0;0;1;9
"130310";10;0;1;1;15
"130320";5;0;0;1;1
"130330";6;0;1;1;5
"130340";16;1;2;2;51
"130350";4;0;0;1;5
"130353";22;0;1;1;12
"130356";16;0;1;1;11
"130360";4;0;1;1;19
"130370";7;0;0;2;13
"130380";6;0;1;1;31
"130390";6;0;1;1;13
"130395";4;0;0;1;3
"130400";5;0;0;1;4
"130406";8;0;0;3;29
"130410";6;0;1;1;8
"130420";11;0;1;2;33
"130423";5;0;0;1;10
"130426";3;0;0;0;4
"130430";8;0;0;1;5
"130440";6;0;0;2;7
"290010";5;0;1;1;6
"290020";8;0;0;1;11
"290030";7;0;0;0;4
"290035";8;0;0;0;5
"290040";10;0;1;1;4
"290050";7;0;0;1;14
"290060";2;1;0;0;4
"290070";37;0;1;5;254
"290080";10;0;1;1;12
"290090";3;0;0;0;4
"290100";12;0;1;1;42
"290110";6;0;1;1;11
"290115";10;0;1;1;4
"290120";9;0;1;1;7
"290130";5;0;1;1;8
"290135";7;0;1;0;13
"290140";5;0;0;1;10
"290150";11;0;0;1;3
"290160";6;0;0;2;10
"290170";5;1;0;0;1
"290180";6;0;0;0;5
"290190";7;0;0;0;6
"290195";5;0;0;0;5
"290200";6;0;1;1;16
"290205";4;0;0;0;9
"290210";25;1;1;1;23
"290220";5;0;0;0;7
"290225";6;0;0;0;5
"290230";4;0;0;0;6
"290240";7;0;0;1;6
"290250";6;0;0;1;5
"290260";10;0;1;1;12
"290265";6;1;0;0;4
"290270";20;0;1;2;12
"290280";9;0;1;1;20
"290290";11;0;1;1;23
"290300";15;0;0;1;9
"290310";3;0;0;0;8
"290320";38;1;2;9;229
"290323";9;0;1;1;5
"290327";16;0;1;1;16
"290330";4;0;0;1;6
"290340";10;0;1;1;21
"290350";6;0;1;1;8
"290360";12;0;1;1;4
"290370";8;0;0;0;4
"290380";17;0;1;1;6
"290390";29;1;1;2;96
"290395";4;0;0;1;5
"290400";13;0;1;1;4
"290405";8;0;1;1;5
"290410";15;0;1;1;23
"290420";12;0;1;1;17
"290430";6;0;0;1;6
"290440";5;0;0;1;3
"290450";11;0;0;1;14
"290460";16;0;1;2;133
"290470";8;0;1;0;7
"290475";6;0;1;1;8
"290480";4;0;0;1;3
"290485";11;0;1;0;7
"290490";13;1;1;1;34
"290500";10;0;1;1;31
"290510";5;0;0;1;5
"290515";8;0;1;0;2
"290520";15;1;1;2;110
"290530";8;0;1;1;10
"290540";13;0;1;0;7
"290550";5;0;1;1;4
"290560";9;0;1;2;20
"290570";42;6;4;7;283
"290580";19;0;1;1;9
"290590";9;0;1;2;6
"290600";27;0;1;1;52
"290610";8;0;0;1;4
"290620";13;0;1;1;7
"290630";11;0;1;1;25
"290640";4;0;0;1;5
"290650";24;2;1;4;57
"290660";7;0;0;1;12
"290670";15;0;1;1;15
"290680";13;0;1;1;25
"290682";8;0;1;1;5
"290685";6;0;0;1;8
"290687";9;1;1;1;36
"290689";5;0;0;0;5
"290690";9;0;1;1;13
"290700";4;0;0;0;8
"290710";10;0;1;1;13
"290720";20;0;1;1;19
"290730";15;0;1;2;16
"290740";3;0;0;0;4
"290750";15;0;1;2;70
"290755";4;0;0;1;7
"290760";6;0;0;1;7
"290770";6;0;0;1;9
"290780";12;0;1;1;22
"290790";7;0;1;1;9
"290800";7;0;1;1;14
"290810";9;0;1;1;5
"290820";8;0;1;1;13
"290830";18;0;1;1;12
"290840";23;0;1;6;96
"290850";17;0;1;1;26
"290860";14;0;0;1;6
"290870";8;0;1;1;19
"290880";2;0;0;0;6
"290890";7;0;1;1;7
"290900";5;0;0;1;4
"290910";8;0;1;1;13
"290920";9;1;1;0;6
"290930";13;0;1;2;10
"290940";6;0;0;1;4
"290950";5;0;0;1;3
"290960";9;0;1;1;5
"290970";7;0;0;1;6
"290980";25;1;1;2;83
"290990";15;0;1;1;8
"291000";6;0;0;0;6
"291005";18;1;1;2;34
"291010";12;0;0;1;16
"291020";2;0;0;0;3
"291030";9;0;0;1;1
"291040";10;0;1;1;6
"291050";13;1;1;1;23
"291060";13;1;1;1;23
"291070";19;1;1;1;33
"291072";26;1;3;3;198
"291075";10;1;1;0;4
"291077";3;0;0;1;5
"291080";108;3;5;32;769
"291085";18;0;1;1;11
"291090";5;0;0;0;2
"291100";5;0;0;0;2
"291110";11;0;0;0;9
"291120";12;1;1;1;80
"291125";2;0;0;0;2
"291130";5;0;0;1;8
"291140";13;0;1;0;9
"291150";4;0;0;1;5
"291160";11;0;1;0;21
"291165";6;0;0;0;19
"291170";27;1;2;4;178
"291180";9;0;1;1;11
"291185";5;0;0;0;9
"291190";12;0;1;1;12
"291200";6;0;0;1;14
"291210";11;0;1;1;15
"291220";10;0;1;0;19
"291230";8;0;1;1;9
"291240";9;0;0;2;9
"291250";14;0;1;1;28
"291260";2;0;0;0;5
"291270";8;0;1;1;5
"291280";8;0;0;1;19
"291290";8;0;1;1;10
"291300";9;0;1;1;3
"291310";5;0;0;2;7
"291320";13;0;1;2;58
"291330";6;0;0;1;2
"291340";12;0;1;1;8
"291345";9;0;0;1;6
"291350";12;0;1;2;4
"291360";39;2;3;8;245
"291370";14;0;1;1;18
"291380";6;0;1;1;2
"291390";14;0;1;4;77
"291400";13;1;1;1;38
"291410";5;0;0;1;5
"291420";5;0;1;1;2
"291430";5;0;0;1;5
"291440";10;0;1;1;8
"291450";13;0;1;1;28
"291460";30;1;1;10;110
"291465";12;0;1;1;26
"291470";23;0;1;3;69
"291480";33;1;3;7;405
"291490";14;0;1;2;22
"291500";9;0;1;1;3
"291510";6;0;0;1;11
"291520";8;0;0;0;8
"291530";3;0;0;1;3
"291535";9;0;1;1;3
"291540";3;0;0;0;3
"291550";9;0;1;1;12
"291560";22;0;1;1;62
"291570";5;0;0;0;3
"291580";8;0;1;1;21
"291590";3;1;0;0;4
"291600";13;0;1;1;19
"291610";9;0;1;1;3
"291620";7;0;0;0;12
"291630";5;0;0;1;5
"291640";21;1;2;3;107
"291650";17;0;1;1;9
"291660";4;0;0;0;4
"291670";9;0;0;1;5
"291680";7;0;1;1;10
"291685";8;0;1;1;12
"291690";6;0;0;1;5
"291700";14;0;1;1;16
"291710";8;0;1;1;15
"291720";10;0;1;1;10
"291730";17;0;1;1;21
"291733";4;0;0;1;8
"291735";6;0;0;1;6
"291740";9;0;0;1;13
"291750";30;1;2;3;171
"291760";17;1;1;3;48
"291770";15;0;1;1;27
"291780";11;0;0;0;11
"291790";10;0;0;0;4
"291800";26;2;2;6;233
"291810";25;0;1;1;30
"291820";8;0;0;1;8
"291830";7;0;0;1;8
"291835";13;0;1;1;13
"291840";54;1;3;10;270
"291845";6;0;0;1;8
"291850";10;0;1;1;7
"291855";3;0;0;1;6
"291860";6;0;0;1;15
"291870";2;0;0;0;3
"291875";7;0;0;1;5
"291880";9;0;1;1;12
"291890";5;0;0;0;4
"291900";4;0;0;0;4
"291905";4;0;0;1;3
"291910";5;0;0;1;3
"291915";14;0;1;1;12
"291920";18;5;3;6;216
"291930";5;0;1;1;5
"291940";9;0;0;1;5
"291950";25;1;1;4;59
"291955";20;1;2;3;176
"291960";3;0;0;1;8
"291970";8;0;1;1;14
"291980";26;1;1;2;36
"291990";7;0;0;0;4
"291992";8;0;1;1;15
"291995";6;1;0;0;7
"292000";4;0;0;1;4
"292010";27;0;1;1;12
"292020";6;0;0;1;4
"292030";5;0;0;0;7
"292040";5;0;0;0;4
"292045";7;0;0;0;6
"292050";13;0;1;1;37
"292060";15;1;1;1;14
"292070";11;0;1;0;6
"292080";6;0;0;1;6
"292090";8;0;0;0;5
"292100";17;1;1;1;23
"292105";7;0;0;1;19
"292110";17;0;1;1;21
"292120";11;0;1;1;19
"292130";4;0;0;1;3
"292140";14;0;1;0;4
"292145";5;1;0;0;4
"292150";27;0;1;1;12
"292160";4;0;0;0;9
"292170";30;1;1;1;19
"292180";6;0;0;1;17
"292190";12;0;1;1;11
"292200";15;2;2;2;40
"292205";6;0;1;1;6
"292210";12;0;1;1;8
"292220";4;0;0;0;5
"292225";13;0;0;0;6
"292230";9;1;1;2;28
"292240";8;0;1;1;20
"292250";12;1;1;1;24
"292260";12;0;0;0;5
"292265";8;0;1;1;7
"292270";12;0;1;1;7
"292273";4;0;0;1;9
"292275";3;1;0;0;5
"292280";6;0;0;0;6
"292285";5;0;0;0;3
"292290";17;0;1;1;12
"292300";12;0;1;1;26
"292303";14;0;1;0;4
"292305";6;0;0;0;8
"292310";8;0;1;1;12
"292320";11;0;1;1;15
"292330";6;0;0;1;4
"292335";11;0;0;1;4
"292340";9;0;0;1;9
"292350";7;0;1;0;5
"292360";25;0;2;3;39
"292370";13;0;1;1;8
"292380";12;0;1;1;11
"292390";5;0;0;1;5
"292400";42;1;2;6;344
"292405";7;0;1;1;11
"292410";4;0;0;0;5
"292420";8;0;0;0;4
"292430";6;0;1;1;10
"292440";10;0;1;1;11
"292450";9;0;0;1;8
"292460";12;0;1;1;13
"292465";4;0;0;0;9
"292467";6;0;0;0;3
"292470";6;0;0;1;8
"292480";16;0;0;1;8
"292490";8;0;0;2;6
"292500";12;0;1;1;19
"292510";13;1;1;1;39
"292520";12;0;1;2;27
"292525";11;0;1;2;14
"292530";43;2;3;3;321
"292540";5;0;0;1;3
"292550";12;1;1;1;18
"292560";6;0;1;1;5
"292570";8;0;1;1;7
"292575";10;0;1;0;21
"292580";13;0;1;1;13
"292590";12;0;1;1;3
"292593";9;0;0;0;10
"292595";19;0;1;1;5
"292600";10;1;1;2;16
"292610";15;0;0;1;10
"292620";14;0;0;1;4
"292630";14;0;1;3;31
"292640";12;0;1;1;17
"292650";7;0;0;1;5
"292660";16;0;1;2;54
"292665";6;0;0;0;3
"292670";16;0;0;1;8
"292680";9;0;1;0;9
"292690";7;0;0;1;8
"292700";13;1;1;1;16
"292710";9;0;0;0;12
"292720";18;0;1;1;21
"292730";5;0;0;1;7
"292740";170;20;19;63;3269
"292750";9;0;1;1;18
"292760";8;1;0;0;7
"292770";14;0;1;1;14
"292780";3;0;0;0;1
"292790";6;0;0;1;6
"292800";24;1;2;3;29
"292805";6;0;0;0;2
"292810";15;1;1;2;48
"292820";9;0;1;1;7
"292830";4;0;0;1;6
"292840";10;0;1;1;7
"292850";9;0;0;1;8
"292860";20;0;1;3;31
"292870";37;1;3;7;154
"292880";17;0;1;1;47
"292890";21;0;1;1;12
"292895";7;0;1;1;14
"292900";10;0;1;1;11
"292905";8;0;1;2;7
"292910";9;0;1;1;26
"292920";17;1;1;1;22
"292925";9;0;0;1;7
"292930";12;0;1;1;18
"292935";4;0;0;0;4
"292937";7;0;0;0;3
"292940";8;0;0;1;7
"292950";20;0;1;1;29
"292960";10;0;1;2;13
"292970";10;0;1;1;5
"292975";6;0;0;1;3
"292980";5;0;1;1;3
"292990";14;1;1;2;53
"293000";5;0;0;1;7
"293010";31;1;2;2;148
"293015";19;0;1;1;19
"293020";8;0;1;1;6
"293030";8;0;1;1;12
"293040";8;0;1;0;7
"293050";29;1;2;4;122
"293060";8;0;1;1;5
"293070";20;1;1;1;57
"293075";6;0;0;1;2
"293076";6;1;0;0;5
"293077";8;0;1;1;19
"293080";9;0;1;1;3
"293090";6;0;0;1;5
"293100";11;0;1;1;10
"293105";9;0;1;1;14
"293110";4;0;0;1;5
"293120";8;0;0;1;7
"293130";5;0;1;1;4
"293135";45;1;3;5;314
"293140";7;0;0;0;4
"293150";12;0;1;1;13
"293160";7;0;0;1;12
"293170";5;0;0;0;6
"293180";11;0;1;1;5
"293190";18;0;1;2;22
"293200";17;0;1;1;27
"293210";12;0;0;1;9
"293220";8;0;1;1;12
"293230";7;0;1;1;11
"293240";8;0;1;1;5
"293245";11;0;1;0;2
"293250";10;0;1;1;15
"293260";7;0;0;1;18
"293270";7;1;1;0;13
"293280";9;0;1;1;12
"293290";29;0;1;1;91
"293300";17;0;1;3;24
"293305";10;0;0;1;4
"293310";5;0;0;1;1
"293315";9;0;0;1;7
"293317";6;0;0;0;7
"293320";18;1;1;0;11
"293325";6;0;0;1;2
"293330";50;2;3;14;1154
"293340";8;0;0;2;4
"293345";5;1;0;0;9
"293350";8;0;0;1;10
"293360";14;0;1;1;23
"230010";6;0;0;0;6
"230015";13;0;1;0;3
"230020";27;1;1;1;32
"230030";18;0;1;1;23
"230040";8;0;0;1;5
"230050";8;0;0;0;7
"230060";3;0;0;1;4
"230070";7;0;0;1;31
"230075";14;0;1;0;7
"230080";3;0;0;1;4
"230090";8;0;0;1;2
"230100";37;0;3;4;32
"230110";24;1;2;3;71
"230120";17;0;1;1;20
"230125";6;0;0;1;5
"230130";9;0;1;1;10
"230140";7;0;0;1;7
"230150";6;0;0;1;3
"230160";12;0;1;1;13
"230170";12;0;1;1;13
"230180";3;0;0;1;3
"230185";9;0;1;1;9
"230190";24;0;3;3;77
"230195";16;0;1;1;5
"230200";11;0;1;1;8
"230205";8;0;0;1;7
"230210";14;1;1;1;43
"230220";20;0;1;1;13
"230230";17;0;1;1;20
"230240";22;0;1;1;19
"230250";21;0;3;3;72
"230260";20;1;2;1;39
"230270";15;0;1;1;21
"230280";17;1;3;1;46
"230290";11;0;1;1;9
"230300";7;0;0;1;6
"230310";11;0;1;1;5
"230320";14;0;1;1;13
"230330";9;0;0;1;13
"230340";19;0;1;0;17
"230350";15;1;2;1;40
"230360";11;1;1;1;7
"230365";5;0;0;1;8
"230370";55;2;3;3;172
"230380";13;0;1;1;14
"230390";7;1;1;1;6
"230393";18;0;0;1;4
"230395";17;0;1;0;8
"230400";8;0;1;1;6
"230410";23;1;1;2;69
"230420";38;0;2;4;198
"230423";9;0;1;1;13
"230425";13;0;1;1;24
"230426";8;0;0;1;7
"230427";3;0;0;1;3
"230428";17;1;2;1;81
"230430";19;0;1;1;16
"230435";9;0;1;0;14
"230440";129;12;21;81;6430
"230445";7;0;1;1;8
"230450";7;1;1;1;7
"230460";7;0;0;1;4
"230465";9;0;1;0;6
"230470";16;1;2;1;12
"230480";4;0;0;1;4
"230490";9;0;0;1;10
"230495";13;0;1;1;6
"230500";21;0;1;1;33
"230510";4;0;0;1;3
"230520";6;0;1;1;8
"230523";20;1;3;1;24
"230526";7;1;0;1;7
"230530";16;0;1;1;16
"230533";6;0;0;0;13
"230535";8;1;1;1;6
"230540";25;1;5;1;41
"230550";31;2;3;4;113
"230560";19;1;1;1;13
"230565";7;1;1;1;6
"230570";6;0;0;1;5
"230580";19;0;2;5;22
"230590";15;0;1;2;15
"230600";8;0;0;1;8
"230610";9;0;1;1;13
"230620";4;0;0;0;6
"230625";23;0;1;1;11
"230630";23;0;1;1;27
"230640";41;1;1;3;115
"230650";9;0;1;1;2
"230655";15;1;1;1;19
"230660";15;0;1;0;5
"230670";8;1;1;1;11
"230680";8;0;0;1;7
"230690";16;1;1;1;29
"230700";13;0;1;1;28
"230710";13;0;1;1;10
"230720";9;0;0;1;9
"230725";15;1;1;1;9
"230730";54;3;3;8;541
"230740";12;1;1;1;9
"230750";12;0;1;1;17
"230760";20;0;2;3;119
"230763";10;0;1;1;6
"230765";29;1;3;8;254
"230770";34;1;3;1;59
"230780";10;0;1;1;11
"230790";6;0;0;1;5
"230800";12;0;0;1;11
"230810";27;0;3;1;25
"230820";10;0;0;1;9
"230830";16;0;1;1;21
"230835";7;0;1;1;13
"230837";6;0;0;1;5
"230840";18;0;1;1;14
"230850";14;0;1;1;23
"230860";8;1;1;1;10
"230870";26;1;1;2;41
"230880";5;0;0;0;6
"230890";8;0;1;1;6
"230900";6;0;0;1;8
"230910";6;0;1;1;4
"230920";12;0;0;0;7
"230930";14;0;1;1;12
"230940";14;1;2;1;13
"230945";17;0;1;1;11
"230950";19;0;1;1;9
"230960";20;0;1;1;43
"230970";20;1;2;1;13
"230980";17;0;1;1;5
"230990";4;0;0;0;6
"231000";5;0;1;1;3
"231010";6;0;0;1;3
"231020";14;0;1;1;21
"231025";12;0;2;1;23
"231030";14;0;1;1;12
"231040";5;0;0;1;5
"231050";17;0;1;1;28
"231060";5;0;0;1;16
"231070";16;1;1;1;12
"231080";8;0;0;1;11
"231085";10;0;1;1;10
"231090";8;1;1;1;8
"231095";5;1;0;0;7
"231100";6;0;0;1;5
"231110";9;0;1;1;6
"231120";10;0;0;1;7
"231123";4;0;0;0;4
"231126";11;1;1;0;39
"231130";21;1;3;2;123
"231135";8;0;1;1;10
"231140";29;1;3;3;43
"231150";8;0;1;1;14
"231160";23;0;1;1;15
"231170";8;0;1;1;10
"231180";25;1;1;1;74
"231190";7;0;0;1;10
"231195";14;0;0;1;8
"231200";12;0;1;1;8
"231210";8;0;0;1;7
"231220";13;0;1;1;15
"231230";20;1;1;2;72
"231240";21;1;1;1;32
"231250";4;0;0;0;4
"231260";7;0;0;1;7
"231270";13;0;1;1;18
"231280";6;0;0;0;4
"231290";42;2;3;5;353
"231300";11;1;1;1;15
"231310";10;0;1;1;27
"231320";13;0;3;1;6
"231325";4;0;0;0;2
"231330";20;1;2;1;51
"231335";21;0;0;1;3
"231340";33;1;1;1;41
"231350";26;0;1;1;12
"231355";6;0;0;0;4
"231360";17;0;1;1;19
"231370";4;0;0;1;7
"231375";7;0;1;1;3
"231380";11;0;1;0;8
"231390";8;0;0;1;7
"231395";7;0;1;0;12
"231400";13;0;1;1;19
"231410";18;0;1;1;17
"530010";178;20;18;72;5175
"320010";17;0;0;1;40
"320013";6;1;0;0;22
"320016";5;0;0;0;10
"320020";10;0;1;1;85
"320030";5;1;0;0;26
"320035";4;1;0;0;3
"320040";11;1;1;2;65
"320050";4;0;0;1;9
"320060";19;2;1;1;255
"320070";5;0;0;1;16
"320080";38;0;1;1;37
"320090";16;0;0;2;98
"320100";11;0;0;0;26
"320110";5;1;0;0;12
"320115";5;1;0;0;22
"320120";36;1;2;6;484
"320130";36;4;3;4;225
"320140";10;0;1;1;124
"320150";42;0;2;6;424
"320160";12;0;0;1;25
"320170";7;0;0;1;30
"320180";2;0;0;0;11
"320190";18;0;0;1;50
"320200";4;0;0;0;12
"320210";9;0;1;1;24
"320220";3;1;1;0;19
"320225";5;0;0;0;31
"320230";11;1;1;1;60
"320240";25;1;2;2;231
"320245";6;1;0;1;103
"320250";16;1;0;0;23
"320255";5;1;0;0;19
"320260";6;1;0;0;37
"320265";6;1;0;0;34
"320270";6;0;0;0;29
"320280";15;0;1;2;68
"320290";7;0;0;1;15
"320300";11;0;0;1;80
"320305";14;0;1;0;49
"320310";5;0;0;1;31
"320313";12;0;1;1;33
"320316";6;0;0;1;29
"320320";37;1;2;4;563
"320330";6;0;0;0;17
"320332";15;1;0;0;82
"320334";11;0;0;0;21
"320335";6;0;0;0;16
"320340";12;0;1;1;53
"320350";8;0;0;1;32
"320360";5;0;0;0;9
"320370";8;0;1;1;55
"320380";6;0;0;1;12
"320390";22;0;1;1;100
"320400";10;0;0;1;24
"320405";7;0;1;1;16
"320410";11;0;0;1;52
"320420";11;0;0;1;36
"320425";5;1;0;0;15
"320430";11;1;0;0;13
"320435";6;0;0;0;26
"320440";6;1;0;0;9
"320450";6;0;0;1;6
"320455";15;0;1;1;101
"320460";10;0;1;1;60
"320465";8;0;0;0;11
"320470";12;0;1;3;122
"320480";4;0;1;1;21
"320490";28;1;2;3;226
"320495";4;1;0;0;27
"320500";40;3;3;8;480
"320501";6;0;0;0;41
"320503";9;1;1;1;36
"320506";5;0;0;1;135
"320510";28;2;0;0;29
"320515";7;0;0;0;18
"320517";6;1;0;0;19
"320520";29;3;3;11;1030
"320530";30;2;4;22;1167
"520005";4;0;1;0;14
"520010";5;0;1;0;14
"520013";6;0;1;3;23
"520015";1;0;0;1;2
"520017";2;0;0;0;3
"520020";2;0;0;0;2
"520025";24;1;1;1;68
"520030";10;0;1;1;31
"520050";1;0;0;1;2
"520055";2;0;0;1;8
"520060";4;0;0;1;13
"520080";4;0;0;1;11
"520082";2;0;0;0;2
"520085";2;0;0;1;3
"520090";2;0;0;1;1
"520110";51;2;3;11;519
"520120";1;0;0;0;2
"520130";9;0;1;1;21
"520140";48;3;5;13;289
"520145";2;0;0;0;1
"520150";1;0;0;1;3
"520160";2;0;0;1;11
"520170";8;0;1;1;18
"520180";4;0;0;1;7
"520215";3;0;0;1;5
"520235";3;0;0;1;2
"520250";2;0;0;1;6
"520260";2;0;0;0;7
"520280";1;0;0;1;2
"520310";3;1;0;0;9
"520320";3;0;0;1;7
"520330";10;0;1;1;33
"520340";3;0;0;1;10
"520350";6;0;1;1;42
"520355";4;0;0;0;5
"520357";3;0;0;0;3
"520360";3;0;0;0;3
"520380";2;0;0;1;11
"520390";3;0;0;1;9
"520393";2;0;0;1;4
"520396";1;0;0;0;2
"520400";3;0;0;1;4
"520410";5;0;0;1;10
"520420";1;0;0;0;1
"520425";4;0;0;1;11
"520430";7;0;1;2;19
"520440";5;0;0;1;9
"520450";22;1;3;5;181
"520455";1;0;0;0;2
"520460";1;0;0;0;3
"520465";1;0;0;1;7
"520470";8;0;0;1;12
"520480";6;0;0;1;3
"520485";2;0;0;0;4
"520490";6;0;0;2;16
"520495";3;0;0;0;2
"520500";3;0;0;1;6
"520505";1;0;0;1;3
"520510";18;1;2;3;509
"520520";3;0;0;1;7
"520530";3;0;1;1;3
"520540";7;1;1;10;205
"520545";4;0;1;1;10
"520547";3;0;0;1;10
"520549";24;0;1;2;24
"520551";8;0;1;1;13
"520552";4;0;0;1;3
"520570";1;0;0;1;4
"520580";2;0;0;1;11
"520590";2;0;0;1;8
"520620";21;1;1;2;54
"520630";1;0;0;1;4
"520640";7;0;1;3;33
"520650";3;0;0;1;6
"520660";2;0;0;1;3
"520670";2;0;0;1;2
"520680";2;0;0;1;5
"520690";1;0;0;0;2
"520710";1;0;0;1;2
"520725";2;0;0;1;6
"520735";2;0;0;1;8
"520740";6;0;0;1;14
"520750";2;0;0;1;2
"520753";3;0;0;1;5
"520760";2;0;0;1;5
"520780";5;0;0;1;12
"520790";5;0;1;1;5
"520800";19;1;2;4;126
"520810";2;0;0;1;5
"520815";2;0;0;0;7
"520830";3;0;0;1;5
"520840";5;0;1;1;17
"520850";3;0;0;1;2
"520860";25;1;1;4;97
"520870";87;7;12;114;3688
"520880";17;0;1;2;24
"520890";10;0;1;1;32
"520910";16;0;0;4;134
"520915";2;0;0;0;5
"520920";6;0;0;0;12
"520929";1;1;0;0;3
"520940";2;0;0;0;2
"520945";1;0;0;0;2
"520960";2;0;0;1;8
"520970";8;0;0;1;19
"520980";5;0;0;1;2
"520990";6;0;0;1;3
"520993";2;0;0;1;6
"520995";6;0;1;2;13
"521000";14;1;1;5;80
"521010";11;0;1;4;88
"521015";2;0;0;0;2
"521020";9;1;0;4;64
"521030";0;0;0;1;4
"521040";11;0;1;2;52
"521056";2;0;0;0;5
"521060";2;0;0;1;12
"521080";1;0;0;1;4
"521090";8;0;1;1;36
"521100";4;0;0;1;5
"521120";10;0;1;2;33
"521130";4;0;0;1;8
"521140";3;0;0;1;4
"521150";12;1;1;3;439
"521160";3;0;0;1;2
"521170";3;0;0;1;3
"521180";13;0;1;2;46
"521190";15;1;2;3;280
"521200";1;0;0;1;1
"521205";2;0;0;0;1
"521210";2;0;0;1;10
"521220";7;0;1;2;35
"521225";1;0;0;0;2
"521230";4;1;0;0;3
"521250";41;2;2;6;326
"521260";1;0;0;1;2
"521270";4;0;0;1;4
"521280";6;0;0;2;15
"521290";1;0;0;1;1
"521295";3;0;0;1;3
"521300";4;0;0;1;12
"521305";2;0;0;0;2
"521308";8;0;1;3;19
"521310";11;1;1;4;127
"521340";4;0;0;0;2
"521350";3;0;0;1;5
"521370";6;0;0;1;4
"521375";5;0;0;1;11
"521377";4;0;0;0;3
"521380";15;0;2;3;74
"521385";1;0;0;1;1
"521390";3;0;0;1;3
"521400";4;0;0;1;24
"521405";1;0;0;1;4
"521410";2;0;0;1;3
"521440";5;0;0;1;5
"521450";5;0;1;2;25
"521460";15;0;1;3;47
"521470";2;0;0;0;4
"521480";2;0;0;0;3
"521483";4;0;0;1;8
"521486";2;0;0;0;3
"521487";1;0;0;0;1
"521490";3;0;0;0;3
"521500";3;0;0;0;6
"521520";2;0;0;1;2
"521523";22;1;1;0;22
"521525";2;0;0;0;7
"521530";13;0;1;1;22
"521540";1;1;0;0;4
"521550";2;0;0;1;7
"521560";11;0;2;1;15
"521565";1;0;0;1;1
"521570";6;0;0;2;22
"521580";1;0;1;1;4
"521590";3;0;0;1;4
"521600";1;0;0;0;2
"521630";4;0;0;1;10
"521640";5;0;1;1;17
"521645";1;0;0;0;6
"521680";2;0;0;1;13
"521690";1;0;0;0;3
"521710";8;0;1;2;47
"521720";4;0;0;1;13
"521730";14;0;1;1;20
"521740";8;0;1;1;82
"521760";27;1;1;3;45
"521770";7;1;1;2;25
"521800";15;0;1;2;72
"521805";1;0;0;1;5
"521810";1;0;0;1;1
"521830";12;0;0;1;26
"521839";2;0;0;0;5
"521850";16;1;1;4;137
"521860";5;0;1;1;21
"521870";2;0;0;0;8
"521878";1;0;0;1;8
"521880";21;2;3;10;1201
"521890";12;0;1;2;29
"521900";3;0;0;1;9
"521910";2;0;0;1;9
"521920";2;0;0;1;2
"521925";1;0;0;1;2
"521930";9;1;1;3;56
"521935";2;0;0;0;2
"521940";3;0;0;0;2
"521945";3;0;0;0;2
"521950";1;0;0;1;5
"521960";3;0;0;1;2
"521970";4;0;0;1;6
"521971";1;0;0;0;4
"521973";3;0;0;1;2
"521975";30;0;1;3;17
"521980";4;0;0;1;4
"521990";2;0;0;1;5
"522000";4;0;1;1;4
"522005";1;0;0;0;4
"522010";10;0;1;3;70
"522015";2;0;0;1;5
"522020";8;0;1;2;34
"522026";2;0;0;1;4
"522028";1;0;0;0;2
"522040";8;0;1;1;40
"522045";24;3;2;3;103
"522050";3;0;0;1;6
"522060";8;0;1;1;18
"522068";2;0;0;1;2
"522070";2;0;0;0;2
"522100";2;0;0;2;2
"522108";2;1;0;0;5
"522119";3;0;0;0;8
"522130";1;0;1;0;8
"522140";26;1;2;5;78
"522145";2;0;0;1;6
"522150";2;0;0;1;5
"522155";1;0;0;1;6
"522157";2;0;0;0;5
"522160";14;1;1;4;104
"522170";5;0;1;1;9
"522180";1;0;0;0;5
"522185";39;2;1;2;84
"522190";1;0;0;0;4
"522200";5;0;0;1;10
"522205";5;0;0;1;8
"522220";2;0;0;0;4
"522230";2;0;0;0;3
"210005";30;1;2;4;94
"210010";2;0;0;1;6
"210015";6;0;0;0;2
"210020";14;0;1;1;6
"210030";10;0;1;1;5
"210040";7;0;0;0;4
"210043";9;0;0;1;6
"210047";17;0;1;1;3
"210050";5;0;0;1;14
"210055";3;0;0;1;1
"210060";29;0;2;1;14
"210070";16;0;1;1;9
"210080";7;0;0;1;5
"210083";7;0;1;1;2
"210087";9;0;0;1;3
"210090";18;0;0;2;5
"210095";12;0;0;1;7
"210100";12;0;1;1;6
"210110";12;0;0;1;3
"210120";24;0;2;4;68
"210125";13;0;1;1;5
"210130";8;0;0;1;3
"210135";4;0;0;0;4
"210140";37;1;1;3;115
"210150";11;0;0;1;7
"210160";28;1;1;5;53
"210170";18;0;1;1;16
"210173";4;0;0;0;3
"210177";9;0;0;1;2
"210180";3;0;0;1;2
"210190";10;0;1;1;3
"210193";8;0;0;1;2
"210197";4;0;0;1;1
"210200";26;0;1;1;5
"210203";12;0;0;1;12
"210207";9;0;0;0;3
"210210";13;0;0;1;2
"210215";5;0;0;0;1
"210220";18;0;0;1;6
"210230";10;0;1;1;4
"210232";25;1;2;1;21
"210235";6;0;0;1;2
"210237";4;0;0;0;4
"210240";4;0;0;1;4
"210250";6;0;0;1;3
"210255";5;0;1;1;6
"210260";9;0;0;1;3
"210270";9;0;0;1;2
"210275";6;0;1;1;4
"210280";11;0;0;1;6
"210290";9;0;0;1;10
"210300";38;1;3;5;99
"210310";7;0;1;1;2
"210312";4;0;0;1;4
"210315";6;0;0;0;5
"210317";6;0;0;0;5
"210320";31;1;1;3;30
"210325";15;0;1;1;7
"210330";23;1;1;1;39
"210340";12;1;2;2;18
"210350";29;0;1;3;17
"210355";5;0;0;1;1
"210360";18;1;1;1;29
"210370";24;0;1;1;7
"210375";6;0;0;0;6
"210380";9;0;1;1;8
"210390";7;0;0;1;8
"210400";12;0;1;1;6
"210405";10;0;1;2;14
"210407";3;0;0;0;5
"210408";6;0;0;1;3
"210409";10;0;1;0;7
"210410";7;0;0;0;7
"210420";10;0;0;1;3
"210430";5;0;0;0;4
"210440";9;0;1;1;4
"210450";10;0;0;1;3
"210455";8;0;0;1;10
"210460";9;0;1;1;5
"210462";4;0;0;1;2
"210465";6;0;0;1;3
"210467";13;0;1;1;6
"210470";6;0;0;1;3
"210480";21;0;1;4;28
"210490";18;0;1;1;3
"210500";15;0;0;1;5
"210510";14;0;1;1;5
"210515";8;0;0;1;3
"210520";6;0;0;0;6
"210530";37;2;3;10;475
"210535";9;0;1;1;3
"210540";22;0;0;1;23
"210542";9;0;0;0;7
"210545";7;0;0;1;3
"210547";11;0;1;1;11
"210550";9;0;1;2;11
"210560";13;0;1;1;4
"210565";3;0;0;1;1
"210570";19;0;1;4;16
"210580";6;0;0;1;1
"210590";10;0;0;1;4
"210592";6;0;0;0;7
"210594";6;0;0;1;3
"210596";5;0;0;1;3
"210598";4;0;0;0;3
"210600";10;0;1;1;7
"210610";7;0;0;0;3
"210620";3;0;0;0;4
"210630";8;0;0;1;3
"210632";9;1;0;0;8
"210635";5;0;0;0;3
"210637";6;0;0;1;3
"210640";14;0;0;1;10
"210650";10;0;1;1;4
"210660";11;0;1;1;13
"210663";7;0;0;0;4
"210667";5;0;0;0;3
"210670";11;0;1;1;5
"210675";9;0;1;1;6
"210680";7;0;1;1;4
"210690";13;0;0;1;7
"210700";5;0;0;1;2
"210710";11;0;0;2;6
"210720";7;0;0;1;5
"210725";4;0;0;0;4
"210730";2;0;0;0;4
"210735";5;0;0;1;3
"210740";9;0;0;1;3
"210745";12;0;1;1;4
"210750";17;1;1;1;34
"210760";20;0;1;1;5
"210770";14;0;1;1;5
"210780";13;0;1;1;10
"210790";9;0;1;2;10
"210800";15;0;1;1;11
"210805";8;0;0;1;4
"210810";9;0;1;1;5
"210820";15;0;2;4;37
"210825";9;0;1;1;6
"210830";16;0;1;1;7
"210840";7;0;0;1;4
"210845";6;0;0;1;6
"210850";17;0;0;1;7
"210860";29;0;1;3;45
"210870";11;0;0;1;6
"210880";11;0;0;1;6
"210890";9;0;1;1;7
"210900";9;0;1;1;17
"210905";3;0;0;0;3
"210910";16;0;1;2;43
"210920";4;0;0;1;4
"210923";2;0;0;1;3
"210927";13;0;0;1;2
"210930";4;0;0;0;3
"210940";8;0;1;1;4
"210945";6;0;1;2;5
"210950";7;0;1;1;4
"210955";4;0;0;1;7
"210960";13;0;1;2;11
"210970";4;0;0;0;3
"210975";3;0;0;0;5
"210980";12;0;1;1;9
"210990";24;0;1;3;58
"211000";27;0;0;1;9
"211003";9;0;0;1;5
"211010";13;0;0;1;4
"211020";26;0;1;1;13
"211023";5;0;0;1;4
"211027";8;0;0;1;3
"211030";8;0;1;1;5
"211040";10;0;0;1;10
"211050";22;0;1;1;6
"211060";12;0;0;1;7
"211065";4;0;0;1;1
"211070";19;0;1;1;10
"211080";3;0;0;0;3
"211085";7;0;0;1;2
"211090";11;0;0;1;8
"211100";9;0;1;1;3
"211102";5;0;0;1;3
"211105";5;0;0;1;5
"211107";10;0;1;1;13
"211110";10;1;1;1;17
"211120";38;1;1;3;50
"211125";5;0;0;1;4
"211130";70;7;6;45;1618
"211140";11;0;1;1;6
"211150";10;0;1;2;11
"211153";4;0;0;1;9
"211157";4;0;0;1;8
"211160";11;0;0;0;8
"211163";6;0;0;1;1
"211167";7;0;0;0;2
"211170";14;0;1;1;5
"211172";8;0;0;1;6
"211174";6;0;0;1;3
"211176";9;0;0;0;7
"211178";6;0;1;1;4
"211180";11;0;0;1;4
"211190";4;0;0;1;4
"211195";4;0;0;1;3
"211200";7;0;0;1;4
"211210";9;0;1;1;8
"211220";44;1;3;2;59
"211223";17;0;1;1;3
"211227";8;0;0;1;2
"211230";19;0;1;1;14
"211240";16;0;1;1;3
"211245";8;0;1;1;6
"211250";22;0;1;1;16
"211260";12;0;0;1;3
"211270";17;0;0;1;8
"211280";23;0;1;2;14
"211285";6;0;0;1;5
"211290";14;0;1;1;10
"211300";16;0;1;1;8
"211400";17;0;1;1;11
"510010";4;0;0;0;6
"510020";13;0;1;2;60
"510025";26;1;1;4;156
"510030";7;0;0;2;33
"510035";3;0;0;0;6
"510040";3;1;0;0;14
"510050";5;1;0;0;5
"510060";3;0;0;1;13
"510080";3;0;0;1;6
"510100";1;1;0;0;7
"510120";1;0;0;0;3
"510125";5;0;0;1;21
"510130";4;0;0;1;18
"510140";7;0;0;2;31
"510160";5;1;0;0;6
"510170";10;1;1;1;42
"510180";26;1;2;4;195
"510185";4;0;0;0;8
"510190";12;0;0;1;25
"510250";22;1;2;3;210
"510260";3;0;1;1;14
"510263";11;0;1;2;95
"510267";16;0;1;2;77
"510268";3;0;0;1;26
"510269";2;1;0;0;10
"510270";8;0;1;3;52
"510279";5;0;0;0;14
"510285";4;1;0;0;14
"510300";12;1;0;0;16
"510305";4;0;0;1;11
"510310";3;0;0;1;11
"510320";8;1;1;3;60
"510325";8;0;0;2;30
"510330";12;0;0;1;35
"510335";8;0;1;2;53
"510336";2;1;0;0;10
"510337";5;0;0;1;12
"510340";90;5;5;29;1905
"510343";4;0;0;0;6
"510345";4;1;0;0;9
"510350";12;1;1;1;43
"510360";6;0;0;1;6
"510370";5;1;0;0;14
"510380";1;0;0;0;6
"510385";4;0;0;1;23
"510390";2;0;0;1;7
"510395";2;0;0;0;4
"510410";10;0;1;2;37
"510420";6;0;1;1;13
"510450";1;1;0;0;5
"510452";4;0;0;0;11
"510454";6;0;0;0;9
"510455";1;0;0;1;6
"510460";5;0;1;1;20
"510480";8;0;1;2;53
"510490";4;1;0;0;10
"510500";5;0;0;1;8
"510510";10;0;1;3;77
"510515";15;1;1;3;82
"510517";3;0;0;1;21
"510520";8;0;0;1;8
"510523";3;1;0;0;4
"510525";20;1;2;1;214
"510530";2;0;0;0;5
"510550";6;0;0;1;11
"510558";4;0;0;1;10
"510560";8;0;0;2;26
"510562";9;0;1;2;70
"510590";6;0;0;1;31
"510600";3;0;0;1;7
"510610";5;0;0;1;6
"510615";8;0;0;1;18
"510617";2;0;0;0;6
"510618";4;0;0;0;9
"510619";1;0;0;0;6
"510620";3;0;0;0;7
"510621";7;0;0;0;12
"510622";13;1;1;1;202
"510623";6;0;0;1;24
"510624";11;0;0;0;11
"510625";5;0;1;1;21
"510626";4;1;0;0;7
"510627";2;0;0;1;10
"510628";5;0;0;1;5
"510629";4;0;0;1;18
"510630";7;0;0;1;28
"510631";1;0;0;0;3
"510637";5;0;1;1;14
"510642";9;1;1;1;27
"510645";3;0;0;0;5
"510650";9;1;1;1;24
"510665";3;0;0;0;8
"510670";1;0;0;1;6
"510675";11;1;1;2;92
"510677";5;0;0;1;7
"510680";4;0;0;1;9
"510682";4;1;0;0;10
"510685";5;0;0;0;6
"510700";7;0;0;1;14
"510704";17;0;1;3;176
"510706";11;0;1;2;36
"510710";5;1;1;2;21
"510715";1;0;0;0;4
"510718";5;0;0;1;20
"510719";2;0;0;1;4
"510720";2;0;0;1;4
"510724";2;0;0;0;11
"510726";2;0;0;0;6
"510729";2;0;0;0;2
"510730";7;0;0;1;23
"510735";2;2;0;0;6
"510740";3;0;0;0;4
"510757";3;0;0;0;8
"510760";67;1;2;6;721
"510770";6;0;0;1;17
"510774";1;1;0;0;6
"510775";4;0;0;1;6
"510776";3;1;0;0;10
"510777";2;0;0;1;6
"510779";2;0;0;0;9
"510780";7;0;0;1;7
"510785";7;0;1;1;15
"510787";6;0;1;1;57
"510788";1;0;0;0;5
"510790";32;1;2;7;593
"510792";29;1;2;4;223
"510794";3;0;0;1;14
"510795";29;1;2;3;313
"510800";7;0;0;1;21
"510805";4;0;0;1;11
"510810";2;0;0;1;3
"510820";2;0;0;1;7
"510830";2;1;0;0;11
"510835";3;0;0;0;9
"510840";30;1;3;6;229
"510850";3;1;0;1;14
"510860";6;0;1;1;19
"510880";1;0;0;0;5
"510885";1;0;0;0;6
"510890";4;1;0;0;5
"510895";3;0;0;0;10
"500020";4;0;1;1;21
"500025";2;0;0;1;13
"500060";10;0;0;2;95
"500070";11;0;0;1;10
"500080";4;0;0;1;8
"500085";4;0;0;1;14
"500090";3;0;0;1;16
"500100";8;0;1;1;65
"500110";15;0;1;3;108
"500124";7;0;0;1;7
"500150";3;0;0;0;5
"500190";10;0;1;1;52
"500200";5;0;0;0;13
"500210";8;0;1;1;22
"500215";4;0;0;1;10
"500220";6;0;1;1;24
"500230";7;0;0;1;28
"500240";7;0;1;1;51
"500260";7;0;1;1;28
"500270";81;10;7;23;1088
"500280";3;0;0;1;4
"500290";10;0;1;2;74
"500295";8;0;1;1;83
"500310";4;0;0;0;4
"500315";3;0;0;1;14
"500320";23;1;3;3;139
"500325";5;0;1;1;60
"500330";9;0;1;2;66
"500345";8;0;0;1;35
"500348";8;0;0;0;12
"500350";4;0;0;0;8
"500370";35;1;3;9;817
"500375";5;0;0;1;16
"500380";7;0;1;1;40
"500390";1;0;0;1;6
"500400";6;0;0;1;37
"500410";4;0;0;1;11
"500430";5;1;0;1;17
"500440";5;0;0;1;11
"500450";8;0;0;1;21
"500460";7;0;0;1;7
"500470";9;0;0;1;105
"500480";5;0;0;0;3
"500490";2;0;0;0;3
"500500";9;0;0;1;52
"500510";5;0;0;1;7
"500515";2;0;0;1;10
"500520";6;0;0;1;13
"500525";4;0;0;1;9
"500540";14;0;1;1;59
"500560";17;0;0;1;15
"500568";5;0;0;1;26
"500570";15;0;1;2;138
"500580";5;0;0;0;11
"500600";7;0;0;1;29
"500620";12;0;1;2;177
"500625";3;0;0;1;2
"500627";4;1;0;0;11
"500630";12;0;1;3;140
"500635";4;0;1;1;15
"500640";3;0;0;1;8
"500660";31;0;3;2;127
"500690";3;0;0;1;12
"500710";7;0;0;1;39
"500720";15;0;1;1;98
"500730";3;0;0;1;7
"500740";10;0;1;1;26
"500750";2;0;0;0;5
"500755";3;0;0;0;9
"500769";11;0;1;1;61
"500770";4;0;0;1;7
"500780";3;0;0;1;10
"500790";11;1;1;1;56
"500793";6;0;1;1;28
"500795";2;0;0;1;13
"500797";2;0;0;0;7
"500800";5;1;0;0;10
"500830";21;1;2;4;357
"500840";5;0;0;1;8
"310010";2;0;0;1;5
"310020";6;1;1;1;47
"310030";8;0;1;1;10
"310040";3;0;0;0;3
"310050";6;0;0;0;8
"310060";4;0;1;1;8
"310070";2;0;0;0;2
"310080";5;0;0;0;3
"310090";9;0;2;1;31
"310100";7;0;1;1;10
"310110";9;0;1;1;29
"310120";4;0;0;1;8
"310130";2;0;0;1;3
"310140";1;0;0;0;3
"310150";13;0;1;1;111
"310160";31;0;1;3;227
"310163";2;0;0;0;7
"310170";12;0;1;1;62
"310180";3;0;0;0;4
"310190";7;0;1;1;36
"310200";5;0;0;1;43
"310205";5;0;0;0;11
"310210";5;0;0;1;28
"310220";2;0;0;0;6
"310230";7;0;1;1;24
"310240";7;0;0;0;3
"310250";2;0;0;0;2
"310260";9;0;1;1;84
"310270";5;0;1;1;6
"310280";4;0;1;2;19
"310285";4;0;0;0;5
"310290";4;0;1;1;11
"310300";7;0;0;0;7
"310310";3;0;0;0;4
"310320";2;0;0;0;2
"310330";1;0;0;0;2
"310340";21;0;3;1;64
"310350";25;1;3;5;276
"310360";1;0;0;0;10
"310370";5;0;0;0;7
"310375";3;0;0;1;9
"310380";2;0;0;0;4
"310390";5;0;0;0;6
"310400";21;1;3;4;487
"310410";7;0;0;0;10
"310420";14;0;1;2;102
"310430";5;0;0;1;21
"310440";3;0;0;0;2
"310445";4;0;0;0;4
"310450";8;0;1;1;32
"310460";6;0;1;0;38
"310470";6;0;0;1;6
"310480";1;0;0;0;3
"310490";8;0;1;1;38
"310500";2;0;0;0;8
"310510";7;0;1;2;67
"310520";2;0;0;0;8
"310530";2;0;0;0;12
"310540";10;1;1;1;77
"310550";4;0;0;0;3
"310560";28;0;3;9;697
"310570";4;0;0;0;2
"310590";7;0;1;1;49
"310600";5;0;0;0;22
"310610";5;0;0;0;4
"310620";163;11;16;58;6226
"310630";9;0;1;1;31
"310640";4;0;0;1;4
"310650";6;0;1;1;9
"310660";3;0;0;0;5
"310665";3;0;0;0;5
"310670";39;5;5;4;378
"310680";1;0;0;0;3
"310690";6;0;0;1;28
"310700";2;0;0;0;3
"310710";14;1;1;1;174
"310720";3;0;0;0;4
"310730";15;0;2;1;51
"310740";15;0;1;1;187
"310750";3;0;0;1;16
"310760";3;0;0;0;4
"310770";2;0;0;0;4
"310780";7;0;1;1;11
"310790";6;0;0;0;14
"310800";8;0;1;1;23
"310810";2;0;0;0;14
"310820";3;0;1;0;9
"310825";10;0;1;0;6
"310830";7;0;0;0;33
"310840";7;0;0;1;13
"310850";5;0;0;0;2
"310855";8;0;0;0;27
"310860";16;0;2;2;41
"310870";5;0;0;0;6
"310880";1;0;0;0;1
"310890";7;0;0;1;22
"310900";17;1;2;1;91
"310910";5;0;0;1;25
"310920";4;0;0;0;6
"310925";6;0;0;0;4
"310930";13;0;1;1;25
"310940";14;0;1;1;14
"310945";2;0;0;0;8
"310950";6;0;0;1;15
"310960";1;0;0;0;6
"310970";3;0;0;0;14
"310980";1;0;0;0;4
"310990";2;0;1;1;13
"311000";11;0;1;1;38
"311010";7;0;0;0;3
"311020";2;0;0;0;4
"311030";7;0;0;1;19
"311040";3;0;0;0;7
"311050";8;1;1;1;39
"311060";12;0;1;1;124
"311070";6;0;0;1;19
"311080";2;0;0;0;5
"311090";6;0;0;1;39
"311100";10;0;1;1;39
"311110";6;0;0;1;54
"311115";4;0;0;0;4
"311120";17;1;2;2;204
"311130";5;0;0;1;10
"311140";2;1;0;0;7
"311150";4;1;0;1;21
"311160";12;0;1;1;35
"311170";3;0;0;0;7
"311180";6;0;0;1;16
"311190";3;0;0;0;7
"311200";6;0;1;1;33
"311205";3;0;0;0;2
"311210";2;0;0;0;5
"311220";2;0;0;0;5
"311230";17;0;1;1;88
"311240";3;0;0;0;9
"311250";5;0;0;0;4
"311260";5;0;0;1;15
"311265";4;0;0;0;3
"311270";13;0;1;0;10
"311280";4;0;0;1;8
"311290";6;0;0;0;6
"311300";8;0;1;1;10
"311310";2;0;0;0;3
"311320";17;0;1;1;78
"311330";14;0;3;2;104
"311340";28;1;3;3;241
"311350";7;0;0;1;17
"311360";1;0;0;1;15
"311370";7;0;1;1;19
"311380";1;0;0;0;3
"311390";5;0;0;1;10
"311400";6;0;0;1;6
"311410";8;0;1;1;23
"311420";8;1;1;0;12
"311430";9;1;2;1;125
"311440";11;0;1;1;36
"311450";7;0;1;1;68
"311455";7;0;0;0;13
"311460";2;0;0;1;2
"311470";1;0;0;0;6
"311480";2;0;0;0;6
"311490";1;0;0;0;1
"311500";2;0;0;0;1
"311510";7;0;1;1;25
"311520";2;0;0;0;6
"311530";19;0;2;1;348
"311535";3;0;0;0;14
"311540";1;0;0;0;3
"311545";3;0;1;0;7
"311547";5;0;0;0;5
"311550";9;0;1;1;83
"311560";2;0;0;0;7
"311570";4;0;0;1;5
"311580";5;0;0;1;6
"311590";2;0;0;0;3
"311600";5;0;0;0;7
"311610";8;0;1;0;9
"311615";4;0;0;1;12
"311620";3;0;0;0;2
"311630";3;0;0;1;12
"311640";3;0;0;0;2
"311650";8;0;0;0;4
"311660";10;0;1;1;54
"311670";4;0;0;0;3
"311680";2;0;0;1;16
"311690";1;1;0;0;4
"311700";5;0;0;0;3
"311710";4;0;0;1;32
"311720";2;0;0;0;3
"311730";7;1;1;1;30
"311740";3;0;0;0;6
"311750";10;1;1;1;40
"311760";6;0;0;0;4
"311770";8;0;0;1;33
"311780";5;1;0;0;17
"311783";5;0;0;0;6
"311787";5;0;0;0;16
"311790";6;0;1;0;25
"311800";24;2;2;1;136
"311810";3;0;0;0;7
"311820";4;0;0;1;10
"311830";39;0;3;4;377
"311840";7;0;1;1;25
"311850";1;0;0;0;0
"311860";81;6;4;5;735
"311870";7;0;1;0;14
"311880";12;0;2;1;29
"311890";4;0;0;0;5
"311900";4;0;0;0;2
"311910";9;1;1;0;34
"311920";6;0;0;0;2
"311930";16;0;1;1;72
"311940";15;1;2;2;158
"311950";5;0;0;0;4
"311960";3;0;0;0;2
"311970";2;0;0;0;6
"311980";3;0;0;0;6
"311990";1;0;0;0;2
"311995";2;1;0;0;6
"312000";3;0;0;0;2
"312010";2;0;0;0;3
"312015";3;0;0;0;4
"312020";5;0;0;1;18
"312030";3;0;0;0;5
"312040";3;0;0;0;2
"312050";8;0;0;1;18
"312060";2;0;0;0;10
"312070";5;0;0;0;4
"312080";6;0;2;1;23
"312083";3;0;0;0;7
"312087";5;0;0;0;6
"312090";31;2;1;3;190
"312100";7;0;0;0;7
"312110";5;0;0;0;12
"312120";8;0;0;1;4
"312125";3;0;0;0;7
"312130";3;0;0;0;9
"312140";6;0;0;0;17
"312150";2;0;0;0;6
"312160";26;0;1;2;177
"312170";5;0;0;0;3
"312180";4;0;0;1;6
"312190";3;0;0;0;7
"312200";9;0;1;1;43
"312210";2;0;0;1;5
"312220";4;0;1;0;11
"312230";47;1;3;5;1035
"312235";5;0;0;0;7
"312240";3;0;0;0;8
"312245";3;0;1;0;8
"312247";2;0;0;0;7
"312250";2;0;0;0;10
"312260";4;0;0;1;2
"312270";5;0;0;1;8
"312280";4;0;0;0;6
"312290";4;0;0;0;1
"312300";3;0;0;0;15
"312310";4;0;0;0;5
"312320";6;0;0;1;27
"312330";3;0;0;0;5
"312340";2;0;0;0;4
"312350";1;0;0;0;2
"312352";4;0;0;0;4
"312360";11;1;1;1;94
"312370";5;0;0;0;22
"312380";4;0;0;0;7
"312385";3;0;0;0;2
"312390";7;0;0;1;32
"312400";9;0;2;1;14
"312410";30;0;1;1;34
"312420";7;0;1;1;27
"312430";8;0;0;1;45
"312440";3;0;0;0;7
"312450";6;0;0;1;8
"312460";2;0;0;0;2
"312470";2;0;0;1;7
"312480";4;0;0;0;6
"312490";7;0;1;1;12
"312500";3;0;0;0;1
"312510";21;0;1;2;129
"312520";1;0;0;0;5
"312530";3;0;0;0;4
"312540";3;0;0;0;4
"312550";2;0;0;0;6
"312560";5;0;1;1;5
"312570";8;0;1;0;23
"312580";2;0;0;0;3
"312590";2;0;0;1;14
"312595";5;0;1;1;9
"312600";3;1;0;0;21
"312610";17;1;1;2;198
"312620";3;0;0;0;5
"312630";2;0;0;0;4
"312640";2;0;0;0;4
"312650";6;0;1;0;17
"312660";5;0;0;0;5
"312670";8;1;2;1;17
"312675";3;0;0;0;2
"312680";3;0;0;0;2
"312690";6;0;0;1;4
"312695";1;0;0;0;3
"312700";5;1;0;0;18
"312705";2;0;0;0;2
"312707";4;0;0;0;3
"312710";15;0;2;2;207
"312720";5;0;0;0;4
"312730";5;0;0;0;5
"312733";3;0;0;0;5
"312735";6;0;0;0;3
"312737";3;0;1;0;9
"312738";4;0;0;0;3
"312740";2;0;0;0;3
"312750";2;0;0;0;5
"312760";9;0;0;1;9
"312770";52;1;3;9;817
"312780";7;0;1;1;10
"312790";2;0;0;0;3
"312800";15;0;1;1;64
"312810";5;0;0;1;10
"312820";5;0;0;1;6
"312825";2;0;0;0;3
"312830";10;0;1;1;24
"312840";3;0;0;0;9
"312850";3;0;0;0;5
"312860";3;0;0;1;10
"312870";12;0;1;2;231
"312880";3;0;0;0;13
"312890";5;0;0;0;13
"312900";2;0;0;0;8
"312910";3;0;0;1;5
"312920";3;0;0;0;7
"312930";3;0;1;0;5
"312940";1;0;1;1;10
"312950";8;0;1;1;76
"312960";6;0;0;0;9
"312965";4;0;0;0;3
"312970";6;0;0;1;13
"312980";27;1;4;1;55
"312990";2;0;0;0;3
"313000";1;0;0;0;3
"313005";7;0;0;0;5
"313010";10;1;1;0;38
"313020";7;0;0;0;4
"313030";4;0;0;1;7
"313040";6;0;0;0;11
"313050";6;1;0;1;13
"313055";4;0;0;0;2
"313060";2;0;0;0;3
"313065";7;0;0;0;8
"313070";5;0;0;0;3
"313080";2;0;0;0;2
"313090";12;0;2;1;35
"313100";2;0;0;0;8
"313110";3;0;0;0;6
"313115";8;0;1;0;9
"313120";8;0;2;2;35
"313130";26;1;2;2;675
"313140";2;0;0;0;4
"313150";4;1;0;0;21
"313160";3;0;0;0;5
"313170";26;0;3;2;653
"313180";5;0;1;1;7
"313190";13;1;3;1;134
"313200";8;0;0;0;3
"313210";9;0;1;1;17
"313220";6;0;1;1;21
"313230";4;0;0;1;5
"313240";23;1;2;2;489
"313250";24;0;1;2;37
"313260";3;0;0;0;8
"313270";13;0;1;2;23
"313280";1;0;0;0;3
"313290";5;0;0;1;13
"313300";7;0;1;1;26
"313310";9;0;1;1;88
"313320";6;0;0;1;12
"313330";12;0;3;1;34
"313340";5;1;0;0;30
"313350";11;0;0;1;37
"313360";4;0;0;0;11
"313370";4;0;0;0;13
"313375";8;0;0;1;42
"313380";23;1;3;1;398
"313390";2;0;0;0;7
"313400";6;0;0;0;14
"313410";3;0;0;0;4
"313420";19;0;1;5;297
"313430";4;0;0;0;6
"313440";8;1;1;2;101
"313450";2;0;0;0;5
"313460";6;0;0;1;26
"313470";7;0;1;1;13
"313480";3;0;0;1;12
"313490";8;0;0;1;23
"313500";2;0;1;0;3
"313505";12;0;1;1;32
"313507";2;0;0;0;1
"313510";15;0;4;4;122
"313520";23;0;1;1;111
"313530";2;0;0;0;11
"313535";9;0;0;0;9
"313540";3;1;0;1;8
"313545";4;0;0;0;6
"313550";8;0;1;0;18
"313560";6;0;0;0;10
"313570";3;0;0;0;7
"313580";12;0;2;1;27
"313590";3;0;0;0;3
"313600";8;0;1;1;12
"313610";2;0;0;0;3
"313620";12;0;1;1;366
"313630";25;1;1;2;67
"313640";4;0;0;0;6
"313650";6;0;0;1;15
"313652";3;0;0;0;6
"313655";3;0;0;0;3
"313657";3;0;0;0;2
"313660";2;1;0;0;3
"313665";14;1;0;0;52
"313670";69;3;5;16;1745
"313680";3;0;0;0;4
"313690";6;0;0;1;22
"313695";3;0;0;0;3
"313700";4;0;1;1;14
"313710";5;0;0;0;13
"313720";16;1;1;1;108
"313730";3;0;0;0;5
"313740";5;0;0;0;13
"313750";6;1;1;1;54
"313753";3;1;0;0;17
"313760";20;1;3;2;155
"313770";7;0;1;1;21
"313780";8;0;1;1;41
"313790";1;0;0;1;2
"313800";3;0;0;1;20
"313810";10;0;1;0;7
"313820";23;0;2;2;609
"313830";1;0;0;0;6
"313835";2;0;0;0;7
"313840";16;0;1;1;127
"313850";2;0;1;0;10
"313860";7;0;1;1;23
"313862";3;0;0;0;18
"313865";6;0;1;0;9
"313867";4;0;0;0;5
"313868";4;0;0;0;4
"313870";3;0;0;0;6
"313880";7;0;1;1;31
"313890";4;0;1;1;9
"313900";30;0;1;1;139
"313910";2;0;0;0;6
"313920";8;0;1;1;16
"313925";6;0;0;0;5
"313930";8;0;3;1;15
"313940";26;1;3;1;615
"313950";8;0;1;1;56
"313960";13;0;1;2;50
"313970";3;0;0;0;5
"313980";3;0;0;1;16
"313990";7;0;0;1;29
"314000";33;0;3;1;144
"314010";2;0;0;0;3
"314015";5;1;0;0;10
"314020";2;0;0;0;3
"314030";2;0;0;0;2
"314040";2;0;0;0;3
"314050";5;0;0;1;30
"314053";4;0;0;0;5
"314055";2;0;0;0;7
"314060";2;0;0;0;4
"314070";14;1;1;1;111
"314080";4;0;1;0;20
"314085";7;0;0;0;8
"314090";12;0;2;1;26
"314100";8;0;1;0;23
"314110";11;1;1;1;26
"314120";3;0;0;0;12
"314130";3;0;0;0;6
"314140";10;0;1;1;16
"314150";3;0;0;1;5
"314160";3;0;0;1;18
"314170";3;0;0;0;4
"314180";12;0;2;1;33
"314190";3;0;0;1;5
"314200";8;0;1;1;11
"314210";8;1;0;0;10
"314220";6;0;1;1;21
"314225";6;0;0;0;7
"314230";2;0;0;0;4
"314240";6;0;0;1;9
"314250";4;0;0;0;3
"314260";2;0;0;1;16
"314270";9;0;0;1;6
"314280";6;0;1;1;10
"314290";18;0;1;1;19
"314300";7;0;0;1;30
"314310";12;1;1;3;70
"314315";3;0;0;0;4
"314320";6;0;1;1;39
"314330";89;1;4;11;764
"314340";6;0;0;0;55
"314345";6;0;0;0;9
"314350";8;0;1;1;6
"314360";1;0;0;0;2
"314370";1;0;0;0;2
"314380";4;0;0;0;3
"314390";41;1;3;4;246
"314400";11;0;1;1;31
"314410";8;0;0;1;54
"314420";1;0;0;0;4
"314430";13;0;1;2;80
"314435";3;0;0;0;7
"314437";1;0;0;0;2
"314440";4;0;0;0;5
"314450";3;0;0;1;12
"314460";8;1;1;1;33
"314465";8;0;0;0;6
"314467";4;0;0;0;6
"314470";5;0;0;1;41
"314480";22;2;2;4;317
"314490";2;0;0;0;2
"314500";5;0;1;1;23
"314505";6;0;0;0;3
"314510";8;0;1;1;20
"314520";25;2;3;1;132
"314530";10;0;1;1;24
"314535";6;0;0;0;5
"314537";3;0;0;0;3
"314540";2;0;0;0;3
"314545";5;0;0;0;5
"314550";1;0;0;0;10
"314560";13;0;3;1;98
"314570";1;0;0;0;2
"314580";4;0;0;0;3
"314585";3;0;0;0;4
"314587";4;0;0;0;7
"314590";13;0;1;2;103
"314600";14;1;0;1;85
"314610";44;0;3;1;155
"314620";5;0;0;0;7
"314625";3;0;0;0;6
"314630";9;0;1;1;14
"314640";3;0;0;0;10
"314650";3;0;0;1;8
"314655";4;0;0;0;5
"314660";1;0;0;0;3
"314670";7;0;1;1;10
"314675";5;0;0;0;4
"314690";7;0;0;0;20
"314700";19;0;1;2;223
"314710";26;2;3;1;157
"314720";7;0;0;1;31
"314730";8;0;0;1;53
"314740";7;1;0;0;48
"314750";1;0;0;1;4
"314760";7;0;1;1;43
"314770";4;0;0;1;8
"314780";2;0;0;0;3
"314790";23;1;3;2;320
"314795";4;0;0;0;2
"314800";28;1;2;6;602
"314810";16;1;2;4;212
"314820";4;0;0;0;7
"314830";4;0;0;0;21
"314840";3;0;0;0;4
"314850";4;0;0;0;6
"314860";4;0;1;1;30
"314870";9;0;3;1;24
"314875";4;0;0;0;6
"314880";3;0;1;0;2
"314890";3;0;0;0;4
"314900";2;0;0;0;6
"314910";4;0;0;1;11
"314915";7;0;0;0;4
"314920";2;0;0;0;6
"314930";18;0;2;2;139
"314940";2;0;0;0;2
"314950";2;0;0;0;5
"314960";2;0;0;0;11
"314970";4;0;0;0;11
"314980";9;1;0;1;21
"314990";8;0;1;1;41
"314995";3;0;0;0;6
"315000";2;0;0;0;7
"315010";2;0;0;0;3
"315015";4;0;0;0;5
"315020";2;0;0;0;3
"315030";3;0;0;1;10
"315040";4;0;0;0;6
"315050";3;0;1;1;14
"315053";2;0;0;0;6
"315057";3;0;0;0;5
"315060";4;0;0;0;11
"315070";2;0;0;0;4
"315080";12;0;1;1;14
"315090";4;0;0;0;4
"315100";3;0;0;0;15
"315110";4;0;1;1;21
"315120";19;0;2;2;101
"315130";6;0;0;0;27
"315140";12;0;1;1;114
"315150";11;0;2;1;102
"315160";5;0;0;0;13
"315170";6;0;1;1;43
"315180";36;2;3;6;880
"315190";3;0;0;1;6
"315200";7;0;1;1;45
"315210";19;0;1;2;240
"315213";4;0;0;0;7
"315217";7;0;1;0;8
"315220";16;0;0;1;52
"315230";5;0;1;0;10
"315240";6;0;1;1;8
"315250";35;3;2;3;838
"315260";3;0;0;1;10
"315270";3;0;0;1;6
"315280";13;1;1;1;34
"315290";6;0;0;1;7
"315300";1;0;0;0;8
"315310";6;0;0;1;5
"315320";1;0;0;0;3
"315330";2;0;0;0;3
"315340";9;0;1;1;10
"315350";5;0;0;0;13
"315360";5;0;0;0;5
"315370";1;0;0;0;3
"315380";1;0;0;0;2
"315390";5;0;0;0;6
"315400";8;0;1;1;44
"315410";7;0;0;1;9
"315415";5;0;0;0;5
"315420";6;0;0;1;25
"315430";9;0;1;1;20
"315440";5;0;0;0;3
"315445";6;0;0;0;7
"315450";6;0;1;0;9
"315460";68;2;3;1;86
"315470";2;0;0;1;8
"315480";3;0;0;0;6
"315490";7;0;1;1;47
"315500";2;0;0;0;2
"315510";4;0;0;0;4
"315520";3;0;0;1;3
"315530";3;0;0;0;3
"315540";4;0;1;0;22
"315550";7;0;0;1;31
"315560";16;0;1;1;15
"315570";9;0;1;1;23
"315580";7;0;1;1;29
"315590";1;0;0;1;6
"315600";6;0;1;1;12
"315610";3;0;0;0;6
"315620";1;0;0;0;4
"315630";4;0;0;0;7
"315640";2;0;0;1;1
"315645";2;0;0;0;6
"315650";6;0;0;0;6
"315660";4;0;2;1;6
"315670";19;1;2;3;74
"315680";6;0;0;1;18
"315690";8;0;1;1;62
"315700";13;1;3;3;70
"315710";3;0;0;1;5
"315720";10;0;1;1;89
"315725";2;0;0;0;2
"315727";5;0;0;0;3
"315730";1;0;0;0;2
"315733";4;0;0;0;8
"315737";3;0;0;0;3
"315740";6;0;0;0;3
"315750";3;0;0;0;2
"315760";3;0;0;0;4
"315765";4;0;0;0;3
"315770";4;0;0;1;21
"315780";28;1;4;2;183
"315790";7;0;1;1;12
"315800";3;0;0;1;13
"315810";2;0;0;0;4
"315820";6;0;1;1;13
"315830";3;0;0;0;6
"315840";1;0;0;0;4
"315850";3;0;0;0;4
"315860";2;0;0;0;5
"315870";2;0;0;0;2
"315880";3;0;0;0;4
"315890";4;0;0;0;11
"315895";12;0;1;0;21
"315900";3;0;0;0;2
"315910";3;0;0;0;2
"315920";6;1;0;0;22
"315930";1;0;0;1;4
"315935";3;0;0;0;6
"315940";3;0;0;0;2
"315950";8;0;0;0;6
"315960";13;0;1;1;236
"315970";2;0;0;0;10
"315980";6;0;1;1;26
"315990";6;0;1;1;42
"316000";4;0;0;0;3
"316010";3;0;0;0;4
"316020";2;0;0;0;1
"316030";5;0;0;0;5
"316040";12;1;1;1;39
"316045";5;0;1;0;9
"316050";2;0;0;0;2
"316060";2;0;0;0;3
"316070";20;0;1;1;70
"316080";4;0;0;0;2
"316090";1;0;0;0;6
"316095";3;0;0;0;5
"316100";6;0;1;1;22
"316105";2;0;2;0;7
"316110";20;0;1;1;38
"316120";3;0;0;0;4
"316130";2;0;0;0;12
"316140";3;0;1;0;4
"316150";4;0;0;0;5
"316160";2;0;0;0;2
"316165";2;0;0;0;4
"316170";5;0;0;0;8
"316180";5;0;0;0;7
"316190";6;0;1;0;13
"316200";12;0;1;1;55
"316210";12;0;0;2;66
"316220";4;0;0;1;4
"316225";3;0;0;0;2
"316230";2;0;0;0;4
"316240";13;0;1;1;12
"316245";6;0;1;0;10
"316250";22;1;2;2;333
"316255";5;0;0;0;11
"316257";3;0;0;1;7
"316260";4;0;0;0;6
"316265";5;0;0;0;5
"316270";9;0;1;1;16
"316280";10;0;1;1;18
"316290";6;0;1;1;36
"316292";10;1;1;0;29
"316294";5;0;0;0;7
"316295";7;0;0;0;23
"316300";2;0;0;0;3
"316310";3;0;0;0;4
"316320";3;0;0;0;4
"316330";2;0;0;0;4
"316340";3;0;0;0;3
"316350";2;0;0;0;5
"316360";2;0;0;0;5
"316370";12;2;2;2;285
"316380";3;0;1;0;9
"316390";3;0;0;0;6
"316400";3;0;0;0;15
"316410";4;0;0;0;3
"316420";7;0;0;1;7
"316430";5;0;0;1;8
"316440";2;0;0;0;5
"316443";2;0;0;0;5
"316447";2;0;0;0;4
"316450";4;0;1;0;10
"316460";3;0;0;0;9
"316470";25;1;3;3;214
"316480";1;0;0;0;2
"316490";2;0;0;0;3
"316500";3;0;0;1;9
"316510";4;0;0;0;11
"316520";5;0;1;0;13
"316530";5;0;1;1;13
"316540";3;0;0;0;7
"316550";2;0;0;0;4
"316553";10;1;1;0;33
"316555";4;0;0;0;5
"316556";3;0;0;0;3
"316557";3;0;0;0;3
"316560";3;0;0;0;2
"316570";5;0;1;1;17
"316580";2;0;0;0;4
"316590";2;0;0;0;4
"316600";3;0;0;0;5
"316610";2;0;0;0;4
"316620";3;0;0;0;23
"316630";3;0;0;0;7
"316640";1;0;0;0;4
"316650";1;0;0;0;0
"316660";2;0;0;0;3
"316670";4;0;0;0;2
"316680";5;0;1;1;25
"316690";3;0;0;1;10
"316695";4;0;0;0;4
"316700";1;0;0;0;3
"316710";8;0;1;1;18
"316720";52;2;3;4;602
"316730";3;0;0;0;2
"316740";2;0;0;0;11
"316750";4;0;0;0;2
"316760";10;0;1;0;15
"316770";5;0;0;0;15
"316780";1;0;0;0;6
"316790";3;0;0;0;4
"316800";11;0;1;1;53
"316805";3;0;0;0;4
"316810";2;0;0;0;4
"316820";1;0;0;0;3
"316830";3;0;0;0;4
"316840";7;0;1;1;12
"316850";5;1;0;0;20
"316860";52;2;3;4;458
"316870";16;1;1;1;150
"316880";6;0;0;0;5
"316890";3;0;0;0;18
"316900";3;0;1;0;11
"316905";4;0;0;0;7
"316910";3;0;0;0;4
"316920";4;0;1;1;31
"316930";18;0;3;3;269
"316935";11;0;1;1;69
"316940";15;1;1;2;239
"316950";5;0;0;0;3
"316960";8;1;1;1;14
"316970";9;0;1;1;37
"316980";2;0;0;0;7
"316990";25;0;2;4;186
"317000";11;0;0;0;10
"317005";6;0;1;0;8
"317010";36;2;4;10;662
"317020";79;0;5;14;2691
"317030";2;0;0;0;2
"317040";21;0;1;4;201
"317043";2;0;0;1;5
"317047";3;0;0;0;3
"317050";4;0;0;0;3
"317052";5;0;0;1;10
"317057";3;0;0;0;4
"317060";3;0;0;0;3
"317065";4;0;0;0;8
"317070";23;1;3;4;931
"317075";3;0;0;0;12
"317080";12;1;2;1;40
"317090";11;0;1;1;10
"317100";7;0;1;1;42
"317103";5;0;1;0;7
"317107";3;0;0;0;4
"317110";2;1;0;0;3
"317115";1;0;0;0;3
"317120";20;1;3;1;124
"317130";17;0;3;2;547
"317140";2;0;0;0;4
"317150";3;0;0;0;4
"317160";7;0;0;1;9
"317170";3;0;0;1;15
"317180";4;0;0;1;16
"317190";3;0;1;0;6
"317200";11;0;2;1;84
"317210";5;0;0;0;5
"317220";1;0;0;0;1
"150010";53;1;3;3;45
"150013";3;0;0;1;3
"150020";21;0;1;1;11
"150030";30;0;1;0;3
"150034";11;0;1;1;20
"150040";7;0;1;1;11
"150050";14;0;1;2;15
"150060";60;1;2;4;66
"150070";12;0;0;1;5
"150080";70;4;2;8;218
"150085";11;0;1;1;21
"150090";21;0;1;1;12
"150095";11;0;1;1;10
"150100";8;0;0;0;2
"150110";12;0;0;1;4
"150120";17;0;1;1;9
"150125";6;0;0;1;9
"150130";31;1;2;6;81
"150140";102;4;9;38;1437
"150145";12;0;1;1;8
"150150";18;2;1;0;18
"150157";6;0;0;1;9
"150160";8;0;0;0;11
"150170";36;1;3;3;57
"150172";11;0;1;1;13
"150175";9;0;0;1;4
"150178";22;1;1;1;20
"150180";44;1;1;2;57
"150190";11;0;1;0;8
"150195";16;0;1;0;9
"150200";14;0;0;0;5
"150210";28;1;1;3;108
"150215";13;0;1;3;138
"150220";24;1;1;3;61
"150230";21;0;1;2;22
"150240";56;2;1;5;168
"150250";19;0;0;1;5
"150260";11;0;0;0;2
"150270";18;0;1;2;54
"150275";9;0;1;1;8
"150276";9;0;0;1;13
"150277";7;0;0;1;7
"150280";13;0;1;1;4
"150285";10;0;0;0;7
"150290";14;0;1;1;15
"150293";13;1;1;3;26
"150295";9;0;1;1;18
"150300";6;0;0;0;2
"150304";9;0;1;1;8
"150307";14;0;0;1;6
"150309";17;0;1;0;15
"150310";18;0;1;1;9
"150320";15;0;1;1;13
"150330";14;0;1;2;17
"150340";8;0;0;1;6
"150345";21;0;1;2;18
"150350";11;0;1;1;6
"150360";24;1;1;7;51
"150370";13;0;1;1;12
"150375";9;0;0;0;26
"150380";14;0;1;3;34
"150390";14;0;1;2;17
"150400";20;0;0;1;7
"150405";11;0;1;1;18
"150410";9;0;0;0;8
"150420";25;1;1;7;312
"150430";20;0;0;1;3
"150440";19;0;1;1;10
"150442";22;1;2;2;35
"150445";8;0;1;0;15
"150450";10;0;1;0;5
"150460";10;0;1;1;8
"150470";14;1;1;1;11
"150475";11;0;0;0;6
"150480";27;0;1;1;13
"150490";11;0;0;1;2
"150495";7;0;0;1;9
"150497";5;0;0;1;8
"150500";10;0;1;0;9
"150503";11;0;1;2;26
"150506";22;1;1;1;26
"150510";16;1;1;1;35
"150520";16;0;1;1;6
"150530";21;0;0;3;23
"150540";8;0;1;1;11
"150543";12;0;1;3;47
"150548";12;0;1;2;21
"150549";4;0;0;1;6
"150550";25;1;1;6;78
"150553";28;1;1;9;375
"150555";4;0;0;1;13
"150560";4;0;0;0;7
"150563";9;0;0;0;9
"150565";6;0;0;1;4
"150570";7;0;0;0;6
"150580";22;0;1;1;7
"150590";18;0;1;1;7
"150600";18;0;1;0;5
"150610";5;0;0;0;12
"150611";6;0;0;0;8
"150613";19;0;1;7;87
"150616";8;0;1;2;20
"150618";17;0;1;2;17
"150619";9;0;1;1;7
"150620";17;0;1;1;20
"150630";13;0;0;1;3
"150635";11;0;1;0;8
"150640";4;0;0;0;5
"150650";32;0;2;1;24
"150655";14;0;0;1;15
"150658";10;0;1;2;9
"150660";12;0;1;1;12
"150670";13;0;1;2;28
"150680";77;1;3;5;308
"150690";6;0;0;0;8
"150700";16;0;1;1;5
"150710";11;0;0;0;9
"150715";9;0;1;1;8
"150720";18;0;1;1;12
"150730";26;1;1;4;43
"150740";12;0;1;0;4
"150745";10;0;1;1;13
"150746";4;0;0;0;4
"150747";9;0;0;1;10
"150750";12;0;1;1;4
"150760";27;0;1;1;30
"150770";14;0;0;1;6
"150775";2;0;0;1;5
"150780";10;0;0;0;10
"150790";9;0;1;1;1
"150795";11;0;1;1;27
"150796";6;0;0;0;3
"150797";7;0;0;1;9
"150800";16;2;1;2;16
"150803";16;0;1;1;12
"150805";9;0;0;1;5
"150808";17;0;1;2;38
"150810";32;1;1;4;64
"150812";18;0;1;2;16
"150815";12;0;1;1;18
"150820";24;0;1;1;6
"150830";24;1;0;1;11
"150835";10;1;1;1;19
"150840";13;1;1;3;48
"250010";5;0;1;0;12
"250020";3;0;1;1;10
"250030";12;0;1;1;19
"250040";11;0;0;0;12
"250050";8;0;1;0;9
"250053";4;0;1;0;8
"250057";3;0;0;0;2
"250060";9;1;1;1;15
"250070";14;0;1;1;16
"250073";2;0;0;0;6
"250077";4;0;0;0;9
"250080";10;0;1;0;6
"250090";6;0;0;1;7
"250100";9;0;1;1;14
"250110";13;0;1;1;17
"250115";1;0;0;0;3
"250120";3;0;0;0;5
"250130";10;0;1;1;10
"250135";4;0;0;0;6
"250140";5;0;0;0;17
"250150";9;0;1;1;21
"250153";5;0;0;0;7
"250157";11;0;1;0;9
"250160";8;0;1;0;16
"250170";3;0;0;0;5
"250180";30;1;2;1;38
"250190";8;0;1;1;16
"250200";7;0;1;1;9
"250205";3;0;0;0;8
"250210";4;0;0;0;12
"250215";4;0;0;0;10
"250220";2;0;0;0;9
"250230";2;0;1;1;8
"250240";5;0;0;1;14
"250250";9;0;2;1;11
"250260";4;0;0;0;11
"250270";5;0;0;0;5
"250280";7;0;0;1;13
"250290";3;0;0;1;12
"250300";10;0;1;1;13
"250310";3;0;0;0;11
"250320";23;0;2;1;45
"250330";7;0;0;0;10
"250340";3;0;1;0;7
"250350";7;0;0;1;10
"250355";4;0;0;0;6
"250360";4;0;1;0;10
"250370";34;1;4;2;112
"250375";2;0;0;0;10
"250380";4;1;0;0;5
"250390";2;0;0;0;7
"250400";93;2;8;18;765
"250403";3;0;1;0;5
"250407";2;0;0;0;5
"250410";1;0;0;0;5
"250415";4;0;0;0;4
"250420";3;0;0;0;10
"250430";13;0;1;2;36
"250435";3;0;0;0;6
"250440";10;0;2;1;19
"250450";4;0;0;0;14
"250460";12;1;1;2;12
"250470";4;0;1;0;10
"250480";11;0;1;1;24
"250485";1;0;0;0;4
"250490";6;0;0;0;7
"250500";4;0;0;1;9
"250510";10;0;2;1;26
"250520";3;0;0;0;6
"250523";3;0;0;0;6
"250527";5;0;0;0;3
"250530";1;0;0;0;4
"250535";3;0;0;0;8
"250540";4;1;1;0;10
"250550";2;0;0;0;9
"250560";3;0;1;0;10
"250570";6;1;1;0;8
"250580";3;0;0;0;4
"250590";2;0;0;0;6
"250600";21;0;1;1;44
"250610";11;0;1;0;6
"250620";5;0;0;0;8
"250625";4;0;0;0;7
"250630";21;1;2;5;99
"250640";7;1;0;0;8
"250650";4;0;0;0;11
"250660";3;0;0;0;14
"250670";6;0;0;0;10
"250680";9;1;1;0;8
"250690";17;0;1;1;33
"250700";11;0;1;1;37
"250710";7;0;1;1;12
"250720";5;0;0;0;7
"250730";7;1;1;0;9
"250740";3;0;0;1;11
"250750";110;4;5;41;2233
"250760";5;0;0;0;6
"250770";9;0;1;1;16
"250780";3;0;0;0;9
"250790";6;0;0;0;15
"250800";5;0;1;1;9
"250810";2;0;0;0;8
"250820";7;0;0;1;6
"250830";14;0;1;1;17
"250840";1;0;1;1;5
"250850";4;0;0;0;8
"250855";3;0;0;0;8
"250860";8;0;0;0;9
"250870";2;0;0;0;7
"250880";3;0;0;0;8
"250890";20;1;2;2;39
"250900";5;0;0;0;9
"250905";4;0;0;0;10
"250910";14;1;1;1;15
"250915";3;0;0;0;8
"250920";7;0;0;1;10
"250930";9;0;1;0;3
"250933";3;0;0;0;5
"250937";2;0;0;0;7
"250939";4;0;0;0;14
"250940";8;0;0;0;10
"250950";5;0;0;0;9
"250960";2;0;1;0;6
"250970";31;1;2;2;52
"250980";6;0;1;0;10
"250990";5;0;0;1;4
"251000";6;0;0;0;3
"251010";6;0;0;0;12
"251020";4;0;0;0;8
"251030";6;0;0;0;6
"251040";3;0;0;0;8
"251050";2;0;0;0;7
"251060";2;0;0;0;6
"251065";2;0;0;0;7
"251070";2;0;0;0;6
"251080";45;2;3;4;222
"251090";6;0;0;1;15
"251100";3;0;0;0;7
"251110";5;0;0;0;7
"251120";16;0;1;1;19
"251130";9;1;3;3;30
"251140";14;0;1;1;22
"251150";10;0;1;1;5
"251160";3;0;0;0;6
"251170";5;0;0;0;6
"251180";4;0;1;0;6
"251190";8;0;1;0;11
"251200";9;0;1;1;17
"251203";5;0;0;0;6
"251207";7;0;0;0;5
"251210";15;1;3;1;49
"251220";3;0;1;0;9
"251230";14;1;5;1;40
"251240";7;0;1;0;4
"251250";20;0;1;1;25
"251260";1;0;0;0;5
"251270";10;1;1;0;17
"251272";5;0;0;0;6
"251274";4;0;0;0;5
"251275";5;0;0;0;3
"251276";4;0;0;0;6
"251278";1;0;0;0;8
"251280";3;0;1;0;9
"251290";9;1;1;0;18
"251300";6;0;0;0;6
"251310";11;0;0;0;12
"251315";4;0;0;0;2
"251320";3;0;0;0;13
"251330";3;0;0;0;8
"251335";2;0;0;1;7
"251340";6;0;1;1;13
"251350";3;0;0;0;13
"251360";6;0;1;0;19
"251365";4;0;0;0;2
"251370";46;1;1;2;69
"251380";2;0;0;0;8
"251385";3;0;0;0;7
"251390";15;0;2;1;32
"251392";6;0;0;0;12
"251394";1;0;0;0;3
"251396";2;0;0;0;7
"251398";3;0;0;0;5
"251400";2;0;1;0;8
"251410";2;0;0;0;7
"251420";4;0;0;0;10
"251430";2;0;0;0;7
"251440";2;0;0;0;7
"251445";6;0;0;0;3
"251450";11;0;1;1;13
"251455";2;0;0;0;5
"251460";2;0;0;0;4
"251465";1;0;0;0;3
"251470";2;1;0;0;8
"251480";2;0;0;0;5
"251490";4;0;0;1;9
"251500";5;0;0;0;7
"251510";5;0;1;0;16
"251520";2;0;0;0;5
"251530";21;0;3;1;30
"251540";5;0;0;0;11
"251550";6;0;1;1;14
"251560";4;0;0;0;4
"251570";2;0;0;0;8
"251580";4;0;0;0;10
"251590";3;0;1;1;9
"251593";2;0;0;0;8
"251597";4;0;0;0;5
"251600";11;0;1;0;28
"251610";7;0;1;1;13
"251615";2;0;0;0;5
"251620";36;1;3;4;109
"251630";11;0;1;1;29
"251640";8;0;1;0;7
"251650";7;0;2;1;15
"251660";7;0;0;1;11
"251670";9;0;1;0;11
"251675";1;0;0;0;7
"251680";10;0;0;0;8
"251690";14;0;1;2;21
"251700";5;0;1;1;12
"251710";1;0;0;0;3
"251720";6;0;0;0;7
"251740";1;0;0;0;3
"410010";3;0;0;0;7
"410020";2;1;0;0;8
"410030";3;1;0;0;9
"410040";14;1;2;0;62
"410045";1;0;0;1;5
"410050";7;0;0;1;37
"410060";5;0;0;1;10
"410070";5;1;0;0;13
"410080";4;0;0;1;13
"410090";3;0;0;1;2
"410100";5;0;0;1;41
"410105";2;0;0;0;4
"410110";7;0;1;1;44
"410115";2;0;0;0;5
"410120";6;0;1;1;14
"410130";6;0;0;0;7
"410140";33;1;3;2;435
"410150";32;3;2;3;264
"410160";7;0;1;1;70
"410165";2;0;0;0;4
"410170";6;0;0;1;42
"410180";18;1;3;1;202
"410185";1;0;0;0;3
"410190";6;0;0;2;29
"410200";14;0;1;2;120
"410210";8;0;1;1;56
"410220";4;0;0;0;7
"410230";6;0;0;0;5
"410240";8;0;1;2;61
"410250";9;0;0;1;31
"410260";4;0;0;0;27
"410270";2;0;0;0;2
"410275";1;0;0;0;3
"410280";3;0;1;1;26
"410290";8;0;0;1;11
"410300";3;0;0;0;9
"410302";2;0;0;0;2
"410304";3;0;0;0;3
"410305";7;0;0;1;11
"410310";3;0;0;1;16
"410315";1;0;0;0;3
"410320";3;0;1;1;13
"410322";2;0;0;0;7
"410330";3;0;0;1;15
"410335";2;0;0;0;7
"410337";3;1;0;0;2
"410340";1;0;0;0;3
"410345";6;1;0;0;29
"410347";5;0;0;0;3
"410350";4;0;0;0;8
"410360";7;0;0;2;40
"410370";13;1;2;2;112
"410380";3;0;1;0;8
"410390";6;0;0;1;26
"410395";2;0;0;0;4
"410400";12;0;1;1;61
"410405";3;0;0;0;5
"410410";5;0;0;0;7
"410420";19;1;2;5;175
"410425";8;1;1;0;10
"410430";22;2;3;3;552
"410440";13;0;1;1;10
"410442";8;0;0;1;17
"410445";4;0;0;0;9
"410450";7;0;1;1;39
"410460";9;0;0;1;22
"410465";6;1;0;0;41
"410470";2;0;0;1;9
"410480";53;3;4;17;839
"410490";21;1;1;1;139
"410500";6;0;0;0;13
"410510";4;0;0;1;19
"410520";15;0;0;1;7
"410530";4;0;0;1;13
"410540";7;0;1;1;90
"410550";15;1;2;2;241
"410560";4;0;0;1;21
"410570";6;0;0;1;15
"410580";25;0;2;3;131
"410590";6;0;1;1;70
"410600";1;0;1;1;6
"410610";1;0;0;1;5
"410620";7;0;1;1;10
"410630";6;1;1;1;53
"410640";13;0;2;4;203
"410645";6;0;0;0;10
"410650";19;1;2;1;52
"410655";1;0;0;0;6
"410657";2;0;0;0;5
"410660";4;0;0;1;33
"410670";2;0;0;1;6
"410680";5;0;0;1;14
"410685";3;0;0;0;3
"410690";121;9;14;58;7038
"410700";8;0;0;1;14
"410710";2;0;0;1;6
"410712";2;0;0;0;1
"410715";2;1;0;0;4
"410720";16;1;1;1;173
"410725";4;1;0;0;16
"410730";4;0;0;0;7
"410740";1;1;0;0;14
"410750";7;0;0;1;32
"410752";1;0;0;0;8
"410753";1;0;0;1;8
"410754";3;0;0;0;7
"410755";3;0;0;0;3
"410760";5;0;0;1;46
"410765";14;1;1;1;92
"410770";4;0;0;0;11
"410773";6;0;0;0;6
"410775";3;0;0;1;13
"410780";3;0;0;0;10
"410785";6;0;0;0;10
"410790";3;0;0;1;10
"410800";4;0;1;1;13
"410810";1;1;0;0;1
"410820";1;0;0;1;7
"410830";34;2;3;5;411
"410832";3;1;0;0;3
"410840";28;1;2;4;468
"410845";4;0;0;0;8
"410850";3;1;0;0;14
"410855";2;0;0;1;3
"410860";7;0;1;2;94
"410865";5;0;0;0;6
"410870";4;0;0;1;9
"410880";13;1;1;1;115
"410890";1;0;0;1;6
"410895";9;0;0;0;10
"410900";1;0;0;0;4
"410910";2;0;0;0;2
"410920";3;0;0;0;5
"410930";7;0;0;1;15
"410940";42;1;4;5;535
"410950";3;0;0;1;2
"410960";8;0;1;1;59
"410965";4;0;0;0;10
"410970";12;0;0;1;57
"410975";2;0;0;1;4
"410980";9;1;2;2;69
"410990";4;1;0;0;8
"411000";2;0;0;0;5
"411005";3;0;0;0;3
"411007";5;0;0;0;10
"411010";14;1;1;0;47
"411020";14;1;0;0;15
"411030";1;0;0;1;1
"411040";3;0;0;1;7
"411050";14;0;0;1;13
"411060";6;0;0;1;15
"411065";1;0;0;0;2
"411070";27;1;1;4;180
"411080";3;0;0;1;25
"411090";2;0;0;0;5
"411095";6;0;0;1;16
"411100";1;0;0;1;2
"411110";3;0;0;0;11
"411120";5;0;0;0;27
"411125";5;0;1;1;15
"411130";2;0;0;1;6
"411140";6;0;0;1;8
"411150";12;1;1;3;125
"411155";5;0;0;0;19
"411160";3;0;0;0;3
"411170";2;0;0;1;13
"411180";10;0;2;1;113
"411190";4;0;0;1;18
"411200";5;0;1;1;64
"411210";7;1;0;2;60
"411220";5;0;0;0;13
"411230";4;0;0;0;4
"411240";1;0;0;1;9
"411250";5;0;1;1;14
"411260";1;0;0;0;2
"411270";3;0;0;0;5
"411275";3;0;0;1;5
"411280";8;0;0;1;20
"411290";2;0;0;0;7
"411295";2;0;0;0;19
"411300";2;0;0;1;5
"411310";2;0;1;1;2
"411320";19;1;1;2;65
"411325";1;0;0;0;2
"411330";10;0;1;2;100
"411340";4;0;0;0;2
"411342";2;0;0;0;5
"411345";2;0;0;1;4
"411350";6;0;1;4;68
"411360";1;0;0;0;9
"411370";59;6;3;22;1584
"411373";2;0;0;0;9
"411375";1;0;0;1;5
"411380";2;0;0;1;5
"411390";10;0;0;1;24
"411400";4;1;1;2;37
"411410";5;0;1;0;33
"411420";7;0;1;2;80
"411430";7;0;1;1;17
"411435";4;0;0;0;3
"411440";7;0;1;1;22
"411450";4;0;0;1;18
"411460";19;1;1;2;201
"411470";3;1;0;0;6
"411480";11;0;1;0;58
"411490";3;0;1;0;8
"411500";1;0;0;1;7
"411510";3;1;0;0;10
"411520";44;3;4;16;1710
"411530";3;0;0;0;11
"411535";4;1;0;0;6
"411540";5;0;2;0;27
"411545";2;0;0;0;4
"411550";2;0;0;1;13
"411560";6;0;1;1;32
"411570";7;1;1;1;63
"411573";4;0;0;0;4
"411575";5;0;0;0;6
"411580";9;1;1;2;150
"411585";3;0;0;0;15
"411590";2;0;0;0;2
"411600";1;0;0;1;2
"411605";6;0;0;1;23
"411610";5;0;0;0;27
"411620";9;0;0;1;16
"411630";2;0;0;0;10
"411640";3;0;0;0;3
"411650";1;0;0;0;1
"411660";1;0;0;0;2
"411670";6;1;0;1;20
"411680";1;0;0;1;13
"411690";7;0;1;1;58
"411695";2;0;0;1;8
"411700";1;0;0;1;9
"411705";4;0;0;0;10
"411710";5;0;0;1;16
"411720";1;0;0;1;8
"411721";2;0;0;0;4
"411722";5;0;0;1;13
"411725";5;0;0;0;22
"411727";8;0;0;1;17
"411729";2;0;0;0;10
"411730";12;0;1;0;28
"411740";3;0;0;0;2
"411745";1;0;0;0;1
"411750";7;0;1;1;32
"411760";10;1;1;1;135
"411770";20;1;1;1;68
"411780";3;0;1;0;9
"411790";10;0;1;2;131
"411800";3;0;0;0;16
"411810";3;1;0;0;20
"411820";22;2;1;4;246
"411830";2;0;0;0;2
"411840";22;1;3;3;288
"411845";3;0;0;1;8
"411850";21;1;2;3;550
"411860";6;0;0;0;8
"411870";6;1;0;0;11
"411880";4;0;0;0;27
"411885";3;0;0;0;7
"411890";3;0;0;1;21
"411900";3;1;0;0;12
"411910";5;0;0;1;26
"411915";12;1;3;3;150
"411920";3;0;0;1;9
"411925";1;0;0;0;5
"411930";15;1;1;0;29
"411940";7;0;1;1;43
"411950";20;1;2;5;63
"411960";18;0;1;1;70
"411965";1;0;0;0;0
"411970";2;0;0;1;2
"411980";8;0;1;1;22
"411990";66;2;4;6;1034
"411995";6;2;1;0;43
"412000";5;0;0;1;19
"412010";2;0;0;0;6
"412015";3;0;0;0;2
"412020";2;0;0;1;1
"412030";5;0;0;0;4
"412033";1;0;0;1;5
"412035";2;0;0;1;15
"412040";3;0;0;0;4
"412050";3;0;0;1;13
"412060";26;0;2;2;67
"412065";3;0;0;0;3
"412070";1;0;0;1;12
"412080";8;1;1;0;27
"412085";2;0;0;0;12
"412090";12;0;1;1;53
"412100";5;0;0;1;8
"412110";1;0;0;0;15
"412120";8;0;0;1;11
"412125";1;0;0;0;3
"412130";1;0;0;0;6
"412135";2;0;0;0;3
"412140";6;1;1;0;57
"412150";9;0;0;1;27
"412160";1;0;0;0;16
"412170";9;1;0;0;33
"412175";5;0;0;0;4
"412180";5;0;0;1;18
"412190";5;0;0;1;25
"412200";12;0;0;1;30
"412210";3;0;0;0;7
"412215";5;0;0;0;10
"412217";4;0;0;0;6
"412220";9;0;1;1;23
"412230";12;1;1;1;85
"412240";10;1;3;2;137
"412250";2;0;0;1;35
"412260";5;0;0;1;17
"412265";4;0;0;1;6
"412270";4;1;0;0;7
"412280";2;0;0;0;7
"412290";3;0;0;1;4
"412300";5;1;0;0;33
"412310";1;0;0;1;3
"412320";3;0;0;0;3
"412330";6;0;0;0;15
"412340";2;1;0;0;24
"412350";9;0;1;1;51
"412360";1;0;0;0;2
"412370";3;0;0;1;11
"412380";6;0;0;1;28
"412382";2;0;0;0;4
"412385";6;1;1;0;5
"412390";5;0;0;1;13
"412395";2;0;0;0;4
"412400";2;0;0;1;7
"412402";5;0;0;0;10
"412405";5;1;1;0;30
"412410";12;0;1;2;154
"412420";1;0;0;1;3
"412430";1;0;0;0;3
"412440";10;0;1;1;50
"412450";4;0;0;0;7
"412460";1;0;0;1;5
"412470";5;0;0;1;8
"412480";4;0;0;0;35
"412490";2;0;0;1;2
"412500";6;0;0;1;15
"412510";6;0;0;1;10
"412520";3;1;0;0;24
"412530";2;0;0;0;8
"412535";5;0;0;1;14
"412540";3;0;0;1;6
"412545";1;0;0;1;5
"412550";28;2;3;2;508
"412555";1;0;0;0;2
"412560";25;1;1;1;86
"412570";11;0;1;3;40
"412575";5;0;0;0;6
"412580";3;0;0;1;8
"412590";3;0;0;0;3
"412600";2;0;0;0;11
"412610";1;0;0;0;8
"412620";3;0;0;1;11
"412625";10;1;1;1;84
"412627";2;0;0;0;7
"412630";6;1;0;0;12
"412635";2;0;0;0;4
"412640";3;0;0;1;11
"412650";3;0;0;1;26
"412660";10;0;0;1;40
"412665";3;0;0;0;7
"412667";3;0;0;1;13
"412670";2;0;0;1;5
"412680";7;1;0;0;19
"412690";5;1;0;0;5
"412700";12;0;0;1;13
"412710";19;1;1;3;159
"412720";5;0;1;2;40
"412730";6;0;0;1;19
"412740";5;1;0;0;36
"412750";7;0;1;1;8
"412760";10;0;0;1;16
"412770";31;2;4;4;670
"412780";6;0;0;1;6
"412785";3;0;0;1;13
"412788";3;0;0;0;5
"412790";6;0;0;1;6
"412795";4;1;0;0;13
"412796";6;0;0;1;22
"412800";11;0;2;2;76
"412810";27;1;2;5;730
"412820";18;1;1;3;206
"412830";1;0;0;0;1
"412840";3;0;0;1;11
"412850";7;0;0;1;25
"412853";4;0;0;0;7
"412855";4;0;0;1;15
"412860";4;0;0;1;19
"412862";3;0;0;0;2
"412863";2;0;0;0;12
"412865";1;0;0;0;6
"412870";2;0;0;0;6
"412880";5;0;0;0;3
"260005";28;0;3;2;87
"260010";16;0;2;3;50
"260020";13;0;1;1;17
"260030";20;0;1;2;15
"260040";16;0;1;0;10
"260050";18;0;1;1;16
"260060";7;0;1;0;5
"260070";16;0;1;1;11
"260080";9;0;1;1;9
"260090";9;0;1;0;9
"260100";8;0;2;1;11
"260105";9;0;1;1;11
"260110";34;1;1;1;49
"260120";33;1;3;2;117
"260130";8;0;0;1;9
"260140";16;0;1;1;21
"260150";7;0;0;0;9
"260160";10;0;0;1;9
"260170";30;1;1;2;66
"260180";7;0;0;0;6
"260190";26;1;1;3;64
"260200";12;0;1;1;15
"260210";18;0;1;1;27
"260220";13;0;0;1;16
"260230";15;0;0;1;18
"260240";9;0;1;1;5
"260250";4;0;0;0;9
"260260";14;0;2;1;22
"260270";6;0;0;1;7
"260280";21;0;1;2;21
"260290";53;2;3;9;165
"260300";18;0;1;1;25
"260310";7;0;0;0;15
"260320";14;0;1;2;9
"260330";5;0;1;0;8
"260340";4;0;0;0;5
"260345";46;0;3;7;107
"260350";11;0;0;0;14
"260360";4;0;0;1;8
"260370";14;0;1;1;14
"260380";9;0;1;1;12
"260390";10;0;1;0;13
"260392";3;0;1;0;12
"260400";25;0;3;1;117
"260410";70;4;2;18;622
"260415";9;0;0;0;8
"260420";16;0;1;0;12
"260430";6;0;0;0;6
"260440";6;0;0;1;8
"260450";9;0;1;1;16
"260460";11;0;0;1;7
"260470";9;0;0;1;6
"260480";8;0;0;1;11
"260490";8;0;1;1;8
"260500";10;0;1;1;15
"260510";18;0;1;2;19
"260515";9;0;1;1;19
"260520";26;0;1;2;20
"260530";15;0;1;1;12
"260540";10;0;1;1;14
"260545";3;0;0;1;5
"260550";5;1;0;0;7
"260560";8;0;0;0;11
"260570";10;0;1;2;24
"260580";10;0;0;1;5
"260590";11;0;1;0;11
"260600";40;0;2;8;395
"260610";9;0;1;0;20
"260620";30;2;1;3;55
"260630";6;0;0;1;6
"260640";22;1;1;2;104
"260650";8;0;0;1;8
"260660";14;0;1;1;14
"260670";4;0;0;1;10
"260680";36;1;1;4;62
"260690";5;0;1;0;9
"260700";10;0;1;1;8
"260710";2;0;0;0;8
"260720";28;6;2;0;81
"260730";11;0;1;0;14
"260740";3;0;0;0;10
"260750";11;0;0;1;8
"260760";13;0;1;0;15
"260765";16;0;1;1;12
"260770";7;0;1;1;11
"260775";14;0;1;1;11
"260780";7;0;1;1;6
"260790";120;4;3;8;429
"260795";7;0;0;1;7
"260800";14;0;1;0;10
"260805";5;0;0;1;13
"260810";14;0;0;1;16
"260820";9;0;0;1;3
"260825";6;0;1;1;8
"260830";8;0;0;1;11
"260840";7;0;1;1;6
"260845";13;0;1;0;13
"260850";9;0;1;1;12
"260860";9;0;1;1;10
"260870";7;0;0;1;9
"260875";10;0;1;1;11
"260880";16;0;1;1;27
"260890";24;0;2;2;94
"260900";12;0;1;1;12
"260910";7;0;0;1;7
"260915";7;0;1;0;9
"260920";5;0;0;0;5
"260930";7;0;0;0;8
"260940";16;1;1;1;28
"260950";17;0;1;1;14
"260960";42;3;3;4;238
"260970";14;0;0;1;13
"260980";11;0;1;1;6
"260990";25;0;1;2;45
"261000";28;0;1;3;87
"261010";5;0;0;0;7
"261020";13;0;1;0;18
"261030";8;0;1;1;9
"261040";19;0;0;0;11
"261050";19;0;1;1;16
"261060";21;1;1;1;26
"261070";55;1;2;4;156
"261080";11;0;1;1;11
"261090";24;0;1;2;53
"261100";13;0;1;2;34
"261110";59;0;3;12;619
"261120";9;0;1;1;9
"261130";13;0;1;0;16
"261140";6;0;0;0;6
"261150";11;0;1;1;10
"261153";3;0;0;0;5
"261160";166;6;17;78;1664
"261170";15;0;0;0;14
"261180";12;0;1;1;13
"261190";12;0;1;1;6
"261200";10;0;0;1;10
"261210";7;0;0;0;8
"261220";22;1;1;3;67
"261230";10;0;1;1;14
"261240";11;0;0;0;25
"261245";6;0;0;1;9
"261247";6;0;0;0;7
"261250";22;1;2;1;122
"261255";6;0;0;1;8
"261260";16;0;1;1;11
"261270";7;0;0;1;6
"261280";6;0;0;0;10
"261290";4;0;0;0;8
"261300";13;0;1;1;52
"261310";16;0;0;1;12
"261320";16;0;1;1;13
"261330";13;0;1;1;18
"261340";10;0;1;0;13
"261350";13;0;1;0;12
"261360";16;0;2;2;33
"261370";34;1;1;2;37
"261380";8;0;1;0;13
"261390";29;0;3;8;164
"261400";10;0;1;1;9
"261410";22;0;1;2;22
"261420";17;0;0;1;11
"261430";6;0;0;1;6
"261440";3;0;0;0;8
"261450";20;1;1;1;39
"261460";14;0;1;2;14
"261470";9;0;1;0;8
"261480";6;0;1;0;12
"261485";12;0;1;0;10
"261500";12;0;1;1;15
"261510";8;0;0;0;7
"261520";5;0;0;0;4
"261530";22;1;1;1;49
"261540";11;0;1;1;13
"261550";8;0;0;0;6
"261560";13;1;1;2;19
"261570";8;0;0;1;13
"261580";10;0;1;1;10
"261590";4;0;0;0;10
"261600";10;0;0;0;13
"261610";5;0;0;0;5
"261618";5;0;0;1;6
"261620";6;0;0;1;11
"261630";16;0;1;1;13
"261640";40;0;1;5;199
"261650";10;0;0;1;8
"220005";3;0;0;0;4
"220010";5;0;0;0;7
"220020";8;0;1;1;13
"220025";6;0;0;0;4
"220027";4;0;0;0;3
"220030";7;0;0;0;2
"220040";19;0;1;1;15
"220045";3;0;0;0;5
"220050";28;0;1;1;9
"220060";9;0;1;0;6
"220070";2;0;0;0;4
"220080";2;0;0;0;2
"220090";5;0;0;0;5
"220095";5;0;0;0;3
"220100";3;0;0;0;7
"220105";6;0;0;0;4
"220110";7;0;1;0;8
"220115";8;0;0;0;3
"220117";1;0;0;0;2
"220120";23;0;1;2;25
"220130";3;0;0;0;1
"220140";4;0;0;0;4
"220150";18;0;1;0;8
"220155";2;0;0;0;3
"220157";3;0;0;0;2
"220160";12;0;0;0;9
"220170";5;0;0;0;7
"220173";3;0;0;0;4
"220177";3;0;0;0;2
"220180";9;0;0;0;7
"220190";13;0;2;1;18
"220191";3;0;0;0;5
"220192";2;0;0;0;3
"220194";5;0;0;0;3
"220196";4;0;0;0;4
"220198";2;0;0;0;2
"220200";10;0;1;1;11
"220202";4;0;0;0;4
"220205";8;0;0;0;5
"220207";4;0;0;0;4
"220208";4;0;0;0;6
"220209";4;0;0;0;2
"220210";5;0;0;0;5
"220211";3;0;0;0;3
"220213";4;0;0;0;4
"220217";7;0;0;0;4
"220220";18;0;1;7;50
"220225";2;0;0;0;3
"220230";9;0;1;1;10
"220240";7;0;1;0;3
"220245";3;0;0;0;3
"220250";4;0;0;0;10
"220253";6;0;0;0;4
"220255";4;0;0;0;3
"220260";19;0;1;1;9
"220265";4;0;0;0;3
"220270";12;0;1;1;4
"220271";4;0;1;0;3
"220272";3;0;0;0;3
"220273";2;0;0;0;2
"220275";2;0;0;0;4
"220277";3;0;0;0;4
"220280";3;0;0;0;4
"220285";3;0;0;0;2
"220290";20;0;1;1;20
"220300";5;0;0;0;7
"220310";9;0;1;0;6
"220320";8;0;0;1;8
"220323";3;0;0;0;5
"220325";2;0;0;0;4
"220327";5;0;0;0;3
"220330";6;0;0;1;9
"220335";4;0;0;0;5
"220340";7;0;0;0;3
"220342";2;0;0;0;2
"220345";6;0;0;0;4
"220350";10;0;1;1;7
"220360";4;0;0;0;3
"220370";19;0;1;2;23
"220375";2;0;0;0;3
"220380";3;0;0;0;6
"220385";1;0;0;0;1
"220390";25;1;2;4;137
"220400";7;0;0;0;3
"220410";4;0;0;0;5
"220415";3;0;0;0;2
"220420";5;0;0;0;8
"220430";9;0;1;1;4
"220435";3;0;0;0;3
"220440";8;0;1;0;6
"220450";5;0;1;0;12
"220455";2;0;0;0;2
"220460";5;0;0;0;4
"220465";6;0;0;0;5
"220470";10;0;1;0;13
"220480";11;0;0;0;10
"220490";4;0;0;0;8
"220500";6;0;0;0;7
"220510";6;0;0;1;7
"220515";3;0;0;0;7
"220520";10;0;1;1;7
"220525";8;0;0;0;6
"220527";4;0;0;0;4
"220530";5;0;0;0;2
"220535";3;0;0;0;3
"220540";7;0;0;0;2
"220545";3;0;0;0;6
"220550";25;0;1;1;14
"220551";3;0;0;0;3
"220552";4;0;0;0;5
"220553";1;0;0;0;5
"220554";5;0;0;0;3
"220555";4;0;0;0;3
"220556";7;0;0;0;4
"220557";3;0;0;0;3
"220558";2;0;0;0;2
"220559";12;0;0;0;6
"220560";4;0;0;1;6
"220570";15;0;1;1;11
"220580";14;0;1;1;7
"220585";4;0;0;0;4
"220590";6;0;0;0;5
"220595";4;0;0;1;4
"220600";3;0;0;0;2
"220605";7;0;0;0;3
"220610";5;0;0;0;3
"220620";16;0;1;0;11
"220630";1;0;0;0;5
"220635";5;0;0;0;3
"220640";6;0;0;0;5
"220650";7;0;0;0;6
"220660";6;0;0;0;6
"220665";4;0;0;0;2
"220667";6;0;0;0;3
"220669";5;0;0;0;3
"220670";8;0;0;0;5
"220672";4;0;0;0;4
"220675";3;0;0;0;2
"220680";5;0;0;0;6
"220690";8;0;0;0;4
"220695";4;0;0;0;5
"220700";28;1;2;2;45
"220710";6;0;0;0;2
"220720";7;0;0;0;4
"220730";3;0;0;0;7
"220735";7;0;0;0;2
"220740";7;0;0;0;5
"220750";7;0;0;1;6
"220755";5;0;0;0;2
"220760";7;0;0;0;9
"220770";37;0;2;6;168
"220775";2;0;0;0;3
"220777";2;0;0;0;2
"220779";6;0;0;0;4
"220780";10;0;4;2;33
"220785";2;0;0;0;2
"220790";19;0;1;2;18
"220793";2;0;0;0;4
"220795";2;0;0;0;4
"220800";36;0;2;6;343
"220810";10;0;1;0;7
"220820";8;0;1;1;6
"220830";14;0;1;2;13
"220840";30;0;2;1;58
"220850";6;0;0;1;7
"220855";2;0;0;0;2
"220860";2;0;0;0;5
"220865";5;0;0;0;7
"220870";6;0;0;0;4
"220880";11;0;1;1;3
"220885";3;0;0;0;4
"220887";5;0;0;0;2
"220890";5;0;0;0;5
"220900";5;0;1;0;6
"220910";3;0;0;0;7
"220915";3;0;0;0;3
"220920";3;0;0;0;9
"220930";8;0;0;0;2
"220935";5;0;0;0;2
"220937";4;0;0;0;3
"220940";6;0;0;0;5
"220945";5;0;0;0;3
"220950";2;0;0;0;5
"220955";3;0;0;0;2
"220960";2;0;0;0;4
"220965";3;0;0;0;4
"220970";5;0;0;0;7
"220975";2;0;0;0;1
"220980";2;0;0;0;3
"220985";4;0;0;0;3
"220987";3;0;0;0;2
"220990";3;0;0;0;4
"220995";7;0;0;0;3
"220997";10;0;0;0;3
"221000";6;0;1;2;21
"221005";6;0;0;0;6
"221010";4;0;0;0;4
"221020";7;0;0;0;3
"221030";3;0;0;1;2
"221035";7;0;0;0;3
"221037";5;0;0;0;2
"221038";2;0;0;0;3
"221039";3;0;0;0;3
"221040";22;0;1;2;9
"221050";14;0;1;1;9
"221060";15;1;1;4;36
"221062";6;0;0;0;3
"221063";5;0;0;0;4
"221065";5;0;0;0;2
"221070";7;0;1;2;8
"221080";11;0;1;1;14
"221090";5;0;0;0;3
"221093";4;0;0;0;4
"221095";1;0;0;0;4
"221097";4;0;0;0;4
"221100";94;3;8;36;558
"221110";18;0;1;1;17
"221120";10;0;1;1;21
"221130";19;0;2;1;24
"221135";3;0;0;0;2
"221140";4;0;0;0;3
"221150";3;0;0;0;3
"221160";4;0;0;0;4
"221170";6;0;0;1;4
"330010";47;6;3;6;531
"330015";7;0;0;1;12
"330020";19;1;2;4;334
"330022";6;0;0;1;26
"330023";17;1;1;1;50
"330025";9;1;1;1;17
"330030";26;0;3;5;75
"330040";53;1;3;7;400
"330045";47;1;3;7;175
"330050";10;0;1;1;43
"330060";23;0;2;1;129
"330070";34;2;4;11;539
"330080";25;1;1;1;96
"330090";6;0;0;1;12
"330093";5;0;1;0;17
"330095";8;1;1;0;22
"330100";80;6;5;18;1116
"330110";10;0;1;2;79
"330115";8;0;0;0;5
"330120";9;0;1;1;37
"330130";12;0;1;1;36
"330140";14;0;1;1;25
"330150";7;0;1;1;48
"330160";9;0;1;1;18
"330170";58;4;4;11;395
"330180";10;0;1;1;14
"330185";10;0;1;2;45
"330187";10;1;1;0;47
"330190";38;2;4;5;256
"330200";29;1;3;2;166
"330205";9;1;1;1;14
"330210";12;0;1;2;38
"330220";28;1;3;4;398
"330225";10;1;1;1;44
"330227";12;0;2;1;27
"330230";6;0;0;1;7
"330240";54;2;3;7;959
"330245";4;1;1;0;11
"330250";51;3;4;4;186
"330260";18;1;1;1;26
"330270";26;2;3;2;142
"330280";13;0;1;2;36
"330285";14;1;3;2;51
"330290";16;0;1;1;75
"330300";11;0;1;1;41
"330310";7;0;1;1;39
"330320";13;1;2;3;78
"330330";58;2;4;29;866
"330340";29;1;3;6;633
"330350";62;8;3;11;1099
"330360";16;0;3;3;48
"330370";21;0;2;2;54
"330380";11;0;1;1;35
"330385";14;0;1;0;49
"330390";52;3;4;12;641
"330395";11;0;2;1;24
"330400";14;1;1;1;34
"330410";9;0;1;0;54
"330411";8;0;1;1;43
"330412";4;0;1;1;24
"330414";21;1;2;2;58
"330415";9;1;1;1;12
"330420";29;2;3;8;498
"330430";20;1;1;1;106
"330440";9;0;1;1;23
"330450";11;0;1;1;10
"330452";14;1;2;4;321
"330455";277;38;40;189;12008
"330460";8;0;1;1;16
"330470";12;0;1;3;42
"330475";20;1;1;1;39
"330480";16;0;1;1;44
"330490";116;5;6;14;741
"330500";15;0;1;1;52
"330510";20;2;3;7;325
"330513";4;1;0;0;9
"330515";8;0;1;1;43
"330520";26;1;2;3;111
"330530";5;0;1;1;5
"330540";14;0;1;1;22
"330550";19;4;2;3;134
"330555";19;2;2;2;34
"330560";16;0;1;1;19
"330570";8;1;1;1;14
"330575";11;0;1;2;33
"330580";25;3;2;5;351
"330590";10;0;0;1;12
"330600";31;1;2;1;310
"330610";29;1;2;5;192
"330615";6;0;0;1;11
"330620";25;0;2;3;98
"330630";48;1;5;9;885
"240010";7;0;0;1;5
"240020";16;1;1;2;51
"240030";5;0;0;1;5
"240040";3;0;0;0;2
"240050";10;0;0;2;14
"240060";3;0;1;1;5
"240070";9;0;0;0;12
"240080";5;0;0;1;13
"240090";8;0;0;1;2
"240100";13;0;1;2;26
"240110";10;0;1;1;18
"240120";8;0;0;0;3
"240130";5;0;0;0;5
"240140";6;0;0;0;3
"240145";12;0;1;1;12
"240150";4;0;0;0;5
"240160";2;0;0;0;2
"240165";2;0;0;0;1
"240170";8;0;0;0;4
"240180";11;0;0;1;4
"240185";3;0;0;0;4
"240190";4;0;0;0;2
"240200";27;0;2;2;165
"240210";10;0;0;0;5
"240220";17;1;1;0;15
"240230";14;0;1;1;11
"240240";6;0;0;1;3
"240250";4;0;0;1;5
"240260";32;0;2;1;30
"240270";6;0;0;1;5
"240280";3;0;0;0;3
"240290";4;0;0;0;4
"240300";3;0;0;0;6
"240310";16;1;1;1;84
"240320";5;0;0;1;5
"240325";29;1;4;4;153
"240330";6;0;0;0;6
"240340";3;0;0;0;6
"240350";6;0;0;0;7
"240360";12;0;1;1;15
"240370";4;0;0;0;3
"240375";2;0;0;0;2
"240380";8;0;0;0;4
"240390";4;0;0;0;3
"240400";6;0;1;0;9
"240410";3;1;0;0;1
"240420";13;0;1;1;26
"240430";6;0;0;0;5
"240440";7;0;0;1;3
"240450";13;1;0;1;10
"240460";10;1;0;0;3
"240470";7;0;0;0;6
"240480";2;0;0;0;4
"240485";4;0;0;1;4
"240490";3;0;0;1;7
"240500";4;0;0;0;3
"240510";5;0;0;0;3
"240520";4;0;0;1;3
"240530";9;0;1;0;5
"240540";4;0;0;0;2
"240550";3;0;0;0;2
"240560";10;0;1;1;4
"240570";6;0;0;1;11
"240580";19;0;1;1;30
"240590";2;0;0;0;4
"240600";5;0;0;1;7
"240610";17;0;1;1;7
"240615";6;0;0;0;5
"240620";4;0;0;1;3
"240630";4;0;0;0;2
"240640";3;1;0;0;3
"240650";5;0;1;1;4
"240660";4;0;0;0;2
"240670";6;0;0;1;9
"240680";4;1;0;0;3
"240690";6;0;0;1;7
"240700";7;0;0;0;6
"240710";31;1;2;1;35
"240720";10;1;1;1;25
"240725";4;0;0;0;3
"240730";4;0;0;0;3
"240740";7;0;0;0;6
"240750";6;0;0;0;3
"240760";2;0;0;1;4
"240770";6;0;0;0;4
"240780";18;0;0;1;9
"240790";2;0;0;0;4
"240800";50;3;4;10;485
"240810";63;4;5;32;1317
"240820";18;0;0;0;7
"240830";22;0;1;1;14
"240840";4;0;0;0;4
"240850";2;0;0;0;3
"240860";3;0;0;0;3
"240870";1;0;0;0;2
"240880";2;0;1;0;5
"240890";15;0;1;1;32
"240895";7;0;0;1;7
"240910";9;0;0;1;7
"240920";5;0;0;0;5
"240930";9;0;1;1;7
"240933";6;0;0;0;3
"240940";14;0;1;3;112
"240950";5;0;0;0;3
"240960";2;0;0;0;4
"240970";5;1;0;0;4
"240980";7;0;0;0;3
"240990";8;0;0;0;9
"241000";4;0;0;0;4
"241010";8;0;0;1;2
"241020";9;0;0;2;10
"241025";3;0;0;0;3
"241030";12;0;0;0;4
"241040";5;0;0;0;5
"241050";4;0;0;0;6
"241060";2;0;0;0;4
"241070";2;0;0;1;3
"241080";4;0;0;0;4
"241090";3;0;1;0;5
"241100";3;0;0;1;3
"241105";4;0;0;1;8
"241110";5;0;0;1;4
"241120";11;0;2;2;29
"241140";11;0;0;1;2
"241142";3;0;0;0;4
"241150";16;0;1;1;12
"241160";2;0;0;0;2
"241170";2;1;0;0;1
"241180";4;0;0;0;4
"241190";1;0;0;0;2
"241200";35;1;2;2;44
"241210";5;0;0;0;4
"241220";18;1;1;1;26
"241230";5;0;1;1;3
"241240";2;0;0;0;4
"241250";11;0;1;1;15
"241255";5;0;0;0;3
"241260";11;0;1;1;19
"241270";7;0;0;0;1
"241280";6;0;0;1;2
"241290";9;0;0;0;5
"241300";7;0;0;0;3
"241310";6;0;0;0;4
"241320";2;0;0;0;5
"241330";3;0;0;0;4
"241335";5;0;0;0;7
"241340";11;0;0;1;7
"241350";6;0;0;0;1
"241355";3;0;0;0;5
"241360";7;0;0;1;5
"241370";3;0;0;0;4
"241380";3;0;0;0;7
"241390";5;0;0;0;3
"241400";8;0;0;1;2
"241410";4;0;0;1;9
"241415";4;0;0;0;5
"241420";6;0;0;0;5
"241430";1;0;0;0;2
"241440";17;0;1;1;17
"241445";2;0;0;1;2
"241450";11;0;1;0;6
"241460";10;0;1;0;8
"241470";3;0;0;0;2
"241475";5;0;0;1;2
"241480";6;0;1;1;6
"241490";2;0;0;0;3
"241500";2;0;0;0;3
"430003";2;0;0;1;3
"430005";2;0;0;0;9
"430010";4;0;0;1;26
"430020";3;0;0;1;12
"430030";1;0;0;1;4
"430040";21;1;3;1;173
"430045";1;1;0;0;10
"430047";3;0;0;0;4
"430050";4;0;0;1;9
"430055";1;0;0;0;6
"430057";2;0;0;0;3
"430060";18;0;3;1;99
"430063";2;1;0;0;4
"430064";3;0;0;1;8
"430066";1;0;0;0;3
"430070";1;0;0;1;20
"430080";5;0;0;1;54
"430085";3;0;0;0;10
"430087";3;0;0;0;4
"430090";1;0;0;1;8
"430100";9;0;0;1;54
"430105";5;1;1;0;15
"430107";1;0;0;0;3
"430110";4;1;1;0;18
"430120";4;0;0;1;29
"430130";6;0;1;1;20
"430140";3;0;0;1;19
"430150";1;0;1;1;13
"430155";1;1;0;0;6
"430160";24;2;3;2;285
"430163";4;1;0;0;18
"430165";4;1;0;0;5
"430170";1;0;0;0;13
"430175";3;0;0;0;5
"430180";1;1;0;0;13
"430185";3;0;0;0;2
"430187";3;0;0;0;4
"430190";3;1;2;0;17
"430192";1;0;0;0;3
"430195";1;0;0;0;4
"430200";4;0;0;0;18
"430205";1;0;0;0;5
"430210";24;2;3;2;375
"430215";1;0;0;0;5
"430220";3;0;0;1;34
"430222";1;0;1;0;3
"430223";1;0;0;0;1
"430225";1;0;0;0;3
"430230";3;0;1;1;29
"430235";4;1;0;1;29
"430237";1;0;0;0;4
"430240";6;0;0;1;24
"430245";1;0;0;1;14
"430250";7;1;0;0;10
"430258";1;0;0;0;3
"430260";2;0;0;0;5
"430265";3;0;0;0;4
"430270";6;0;1;1;31
"430280";13;0;1;1;36
"430290";6;0;1;1;20
"430300";18;1;3;1;145
"430310";16;1;3;1;216
"430320";5;1;0;0;9
"430330";2;0;0;1;12
"430340";4;0;0;1;10
"430350";17;1;2;1;487
"430355";2;0;0;0;6
"430360";3;0;0;1;6
"430367";3;0;0;0;3
"430370";1;0;0;1;19
"430380";1;0;0;1;8
"430390";18;0;1;1;114
"430400";1;0;0;1;3
"430410";2;1;0;0;9
"430420";7;0;1;1;47
"430430";1;0;0;1;13
"430435";5;1;0;0;18
"430440";6;0;1;1;73
"430450";26;0;2;1;53
"430460";33;4;5;6;748
"430461";1;0;0;0;3
"430462";2;0;0;0;4
"430463";14;2;1;1;142
"430465";2;0;0;0;4
"430466";6;1;1;0;11
"430467";2;1;0;0;6
"430468";5;0;0;0;8
"430469";1;0;0;0;4
"430470";14;1;2;1;309
"430471";3;0;0;0;3
"430480";5;0;1;1;94
"430485";1;0;0;0;2
"430490";4;0;0;1;38
"430495";1;0;0;0;4
"430500";2;1;0;0;8
"430510";51;2;5;10;1474
"430511";1;0;0;0;4
"430512";3;0;0;0;3
"430513";2;0;0;0;8
"430515";2;0;0;0;5
"430517";3;1;0;0;19
"430520";4;0;0;1;59
"430530";5;0;0;1;18
"430535";19;0;1;1;73
"430537";1;0;0;0;5
"430540";1;0;0;1;11
"430543";2;0;0;0;5
"430544";2;0;0;0;9
"430545";4;1;0;0;10
"430550";2;1;0;0;8
"430558";1;0;0;0;4
"430560";2;0;0;0;3
"430570";3;0;0;1;6
"430580";2;0;0;1;13
"430583";1;0;0;0;2
"430585";3;0;0;0;3
"430587";1;0;0;0;5
"430590";5;0;0;1;16
"430593";1;0;0;0;1
"430595";1;0;0;0;5
"430597";1;0;0;0;3
"430600";3;0;1;1;27
"430605";5;0;0;0;21
"430607";2;0;0;0;5
"430610";21;1;3;2;210
"430613";1;0;0;0;2
"430620";3;0;0;1;14
"430630";1;0;0;1;8
"430632";1;0;0;0;6
"430635";1;0;0;0;4
"430637";2;0;0;0;5
"430640";9;0;1;1;107
"430642";1;0;0;0;2
"430645";1;0;0;1;13
"430650";7;0;0;1;21
"430655";1;0;0;0;2
"430660";8;0;1;1;86
"430670";1;0;0;0;4
"430673";1;0;0;0;11
"430675";1;0;0;0;4
"430676";8;1;1;0;31
"430680";8;0;1;1;132
"430690";7;0;1;1;40
"430692";1;0;0;0;1
"430693";3;0;1;0;12
"430695";1;0;0;0;10
"430697";2;0;0;0;1
"430700";14;0;3;4;470
"430705";1;0;0;0;3
"430710";3;0;0;1;12
"430720";1;1;0;0;3
"430730";4;1;0;0;8
"430740";1;0;0;0;4
"430745";1;0;0;0;4
"430750";4;0;0;1;54
"430755";2;0;0;1;12
"430760";10;0;1;1;75
"430770";15;0;3;1;195
"430780";7;0;1;1;110
"430781";3;0;0;0;6
"430783";1;0;0;0;5
"430786";1;0;0;0;5
"430790";13;0;2;1;190
"430800";2;0;0;1;22
"430805";1;0;0;0;2
"430807";1;0;0;0;7
"430810";3;0;0;1;15
"430820";7;0;1;1;175
"430825";2;0;0;0;2
"430830";5;1;0;0;5
"430840";4;0;0;1;9
"430843";1;0;0;0;1
"430845";6;0;0;1;4
"430850";9;1;1;1;155
"430860";8;1;0;1;148
"430865";4;0;0;0;9
"430870";2;0;0;1;19
"430880";3;0;0;0;8
"430885";2;0;0;0;2
"430890";6;0;1;1;48
"430900";7;0;1;1;47
"430905";1;0;0;0;6
"430910";9;0;1;1;261
"430912";1;0;0;0;4
"430915";1;0;0;0;5
"430920";30;2;3;1;466
"430925";1;0;0;0;6
"430930";12;0;3;1;143
"430940";6;0;1;1;131
"430950";3;0;0;1;22
"430955";1;0;0;0;11
"430957";1;0;0;0;2
"430960";8;0;1;2;53
"430965";1;0;0;0;3
"430970";2;0;0;1;9
"430975";2;0;0;0;5
"430980";3;1;0;0;9
"430990";3;1;0;0;16
"430995";1;0;0;0;6
"431000";8;0;1;1;125
"431010";12;0;1;1;99
"431020";21;1;3;3;360
"431030";1;0;0;1;13
"431033";8;1;1;0;27
"431036";2;0;0;0;5
"431040";2;0;0;0;19
"431041";1;0;0;0;5
"431043";3;0;0;0;8
"431046";1;0;0;0;1
"431050";1;0;0;1;11
"431053";2;0;0;0;6
"431055";1;0;0;0;3
"431057";1;0;0;0;3
"431060";11;0;2;1;68
"431065";1;0;0;0;4
"431070";6;0;0;0;4
"431075";2;0;0;1;3
"431080";7;1;1;1;51
"431085";2;0;0;1;6
"431087";1;0;0;0;1
"431090";1;1;0;0;5
"431100";9;0;1;1;42
"431110";4;0;0;1;20
"431112";2;0;0;0;7
"431113";1;0;0;0;5
"431115";1;0;0;0;8
"431120";7;0;1;1;42
"431123";1;0;0;0;1
"431125";3;1;0;0;2
"431127";2;0;0;0;2
"431130";8;0;1;1;94
"431140";21;1;3;1;503
"431142";1;0;0;0;4
"431150";5;0;0;1;13
"431160";2;1;0;0;8
"431162";2;0;0;0;8
"431164";1;0;0;0;2
"431170";3;1;0;0;16
"431171";2;0;0;0;7
"431173";2;0;0;0;4
"431175";3;0;0;0;7
"431177";4;0;0;0;5
"431179";1;0;0;0;8
"431180";15;0;1;2;189
"431190";3;0;0;1;9
"431198";2;0;0;0;2
"431200";2;0;0;0;2
"431205";1;0;0;1;12
"431210";1;0;0;1;9
"431213";1;0;0;0;1
"431215";2;0;0;0;6
"431217";1;0;0;0;4
"431220";1;0;0;1;10
"431225";3;0;0;0;5
"431230";1;0;0;0;6
"431235";1;0;0;0;5
"431237";2;0;0;0;2
"431238";1;0;0;0;5
"431240";12;0;2;2;326
"431242";6;0;0;0;3
"431244";2;0;0;0;4
"431245";3;1;0;0;15
"431247";1;0;0;0;10
"431250";5;0;0;1;12
"431260";2;0;0;1;12
"431261";2;0;0;0;1
"431262";2;0;0;0;3
"431265";7;0;0;1;61
"431267";1;0;0;0;2
"431270";3;0;0;1;18
"431275";1;1;0;0;3
"431280";1;0;0;0;14
"431290";4;0;0;1;32
"431295";1;0;0;0;5
"431300";2;0;0;1;10
"431301";1;0;0;0;7
"431303";2;0;0;0;6
"431306";4;0;0;0;17
"431308";1;0;0;0;2
"431310";4;0;1;1;13
"431320";8;0;1;1;90
"431330";9;0;0;1;191
"431333";2;0;0;0;5
"431335";1;0;0;0;3
"431337";6;1;1;0;28
"431339";2;0;0;0;6
"431340";30;2;5;4;642
"431342";3;0;0;0;8
"431344";1;0;0;0;4
"431346";1;0;0;0;5
"431349";1;0;0;0;9
"431350";20;1;2;1;116
"431360";1;0;0;1;12
"431365";5;0;0;1;11
"431370";12;0;1;1;90
"431380";2;0;0;1;29
"431390";13;1;1;1;108
"431395";7;0;0;0;9
"431400";1;0;0;1;37
"431402";2;0;0;0;12
"431403";3;0;0;0;5
"431405";13;0;1;1;45
"431406";2;0;0;0;1
"431407";2;0;0;0;6
"431410";44;2;3;7;1081
"431413";1;0;0;0;3
"431415";2;0;0;0;7
"431417";1;0;0;0;2
"431420";2;0;0;1;6
"431430";1;0;0;1;7
"431440";55;3;7;8;1268
"431442";2;0;0;0;3
"431445";1;0;0;0;3
"431446";1;0;0;0;2
"431447";3;0;0;1;6
"431449";2;0;0;0;5
"431450";5;0;1;1;19
"431454";1;0;0;0;14
"431455";3;0;0;0;4
"431460";7;0;1;1;15
"431470";3;0;0;1;12
"431475";1;0;0;0;5
"431477";2;0;0;0;3
"431478";2;0;0;0;1
"431480";7;0;1;1;111
"431490";144;5;21;29;6292
"431500";2;0;0;1;6
"431505";2;0;0;0;5
"431507";1;0;0;0;3
"431510";4;0;1;1;30
"431513";1;0;0;0;2
"431514";1;0;0;0;5
"431515";2;0;0;1;10
"431517";1;0;0;0;2
"431520";1;0;0;1;3
"431530";8;0;1;1;49
"431531";1;0;0;0;2
"431532";1;0;0;0;4
"431535";3;0;0;1;11
"431540";8;1;0;0;10
"431545";1;0;0;0;4
"431550";7;1;0;1;21
"431555";1;0;0;0;2
"431560";36;2;3;3;338
"431570";12;0;2;1;61
"431575";1;0;0;1;6
"431580";2;0;0;1;13
"431590";3;0;0;1;23
"431595";8;0;0;0;1
"431600";8;0;1;1;23
"431610";4;0;0;2;18
"431620";2;0;0;1;8
"431630";5;0;0;1;17
"431640";12;0;1;1;69
"431642";2;0;0;0;3
"431643";1;0;0;1;3
"431645";6;0;0;1;22
"431647";1;0;0;0;11
"431650";2;0;0;1;17
"431660";5;0;0;1;65
"431670";4;0;0;1;13
"431673";1;0;0;0;1
"431675";1;0;0;0;13
"431680";46;3;3;3;740
"431690";42;2;4;8;994
"431695";2;1;0;0;9
"431697";2;0;0;0;3
"431700";2;1;0;1;7
"431710";14;0;2;3;192
"431720";22;1;3;2;285
"431725";1;0;0;0;1
"431730";11;0;1;1;55
"431740";12;0;2;1;198
"431750";34;1;3;2;565
"431755";1;0;0;0;1
"431760";8;0;1;1;69
"431770";5;1;0;0;15
"431775";1;0;0;0;4
"431780";6;0;0;1;31
"431790";2;0;0;1;39
"431795";1;0;0;0;7
"431800";27;1;2;1;168
"431805";2;1;0;0;3
"431810";6;0;1;1;21
"431820";10;0;1;1;23
"431830";13;0;1;1;112
"431840";6;0;1;1;58
"431842";1;0;0;0;7
"431843";2;0;0;1;5
"431844";1;0;0;0;6
"431845";1;0;0;0;5
"431846";1;1;0;0;5
"431848";1;1;0;0;3
"431849";1;1;0;0;6
"431850";8;0;1;1;21
"431860";3;0;0;1;34
"431861";2;0;0;0;5
"431862";6;0;0;0;6
"431870";26;2;3;2;403
"431880";13;0;3;2;58
"431890";19;0;2;1;113
"431900";5;0;1;1;73
"431910";2;0;0;1;7
"431912";1;0;0;0;4
"431915";4;0;0;1;22
"431920";3;0;0;0;6
"431930";2;0;0;1;8
"431935";1;0;0;0;5
"431936";1;0;0;0;4
"431937";1;0;0;0;6
"431940";6;0;1;1;28
"431950";6;0;1;1;50
"431960";7;0;1;1;23
"431970";2;0;0;0;5
"431971";1;0;0;0;4
"431973";2;0;0;0;4
"431975";1;0;0;0;3
"431980";5;0;0;0;18
"431990";20;1;2;1;110
"432000";26;1;3;1;243
"432010";6;1;1;1;70
"432020";4;0;0;1;34
"432023";1;0;0;0;3
"432026";5;0;0;1;10
"432030";3;0;0;1;6
"432032";3;0;0;0;3
"432035";2;0;0;0;3
"432040";6;0;1;1;120
"432045";1;0;0;0;4
"432050";1;0;0;1;12
"432055";3;0;0;0;18
"432057";1;0;0;0;3
"432060";3;0;0;1;4
"432065";2;0;0;0;3
"432067";4;0;0;1;9
"432070";6;0;0;2;70
"432080";17;0;1;1;108
"432085";1;0;0;0;10
"432090";6;0;1;1;118
"432100";5;0;0;1;29
"432110";4;1;1;0;38
"432120";10;0;2;1;104
"432130";8;0;1;1;66
"432132";1;1;0;0;4
"432135";2;1;0;0;4
"432140";9;0;1;1;47
"432143";5;1;0;0;20
"432145";10;0;0;1;98
"432146";1;0;0;0;2
"432147";2;0;0;0;3
"432149";1;0;0;0;4
"432150";10;1;1;1;139
"432160";10;1;1;1;117
"432162";1;0;0;0;3
"432163";1;1;0;0;4
"432166";8;0;0;0;13
"432170";7;0;1;1;45
"432180";10;0;1;1;127
"432183";1;0;0;0;4
"432185";2;0;0;0;5
"432190";9;0;1;1;103
"432195";2;0;0;1;7
"432200";10;1;1;1;51
"432210";3;0;0;1;17
"432215";2;0;0;0;3
"432218";1;0;0;0;4
"432220";5;0;1;1;41
"432225";1;0;0;0;12
"432230";3;0;0;1;30
"432232";2;0;0;0;4
"432234";1;0;0;0;1
"432235";1;0;0;0;1
"432237";1;0;0;0;3
"432240";26;2;2;1;347
"432250";17;1;1;1;231
"432252";1;0;0;0;2
"432253";3;0;0;1;11
"432254";5;0;0;0;11
"432255";1;0;0;0;1
"432260";25;1;3;1;304
"432270";9;0;3;1;69
"432280";6;0;1;1;183
"432285";1;0;0;0;4
"432290";1;0;0;1;10
"432300";21;1;4;2;129
"432310";3;1;0;0;3
"432320";3;0;0;0;5
"432330";1;0;0;0;7
"432335";3;0;0;0;2
"432340";2;1;0;0;6
"432345";1;0;0;0;5
"432350";1;0;0;0;4
"432360";1;0;0;0;5
"432370";2;1;0;0;1
"432375";2;0;0;0;6
"432377";1;0;0;0;5
"432380";5;1;1;1;34
"110001";10;0;1;2;30
"110002";14;1;1;10;166
"110003";2;0;0;1;13
"110004";13;1;1;7;468
"110005";4;0;1;1;24
"110006";5;0;1;1;11
"110007";4;0;0;0;18
"110008";3;0;0;0;6
"110009";10;0;1;3;31
"110010";16;0;1;2;33
"110011";15;0;1;1;157
"110012";16;1;2;8;505
"110013";6;0;1;1;29
"110014";3;0;0;1;30
"110015";9;0;1;4;125
"110018";7;0;1;2;127
"110020";62;5;4;20;1122
"110025";11;0;1;1;27
"110026";1;0;0;1;4
"110028";11;1;1;2;166
"110029";2;0;0;1;10
"110030";13;1;1;3;425
"110032";6;0;1;1;64
"110033";6;0;1;1;14
"110034";6;0;0;0;30
"110037";6;0;0;1;19
"110040";7;0;0;1;13
"110045";5;0;1;3;36
"110050";2;0;0;1;4
"110060";3;0;0;1;5
"110070";4;0;0;0;11
"110080";5;0;0;0;16
"110090";2;0;0;0;8
"110092";4;0;0;1;17
"110094";3;0;0;1;9
"110100";4;0;0;0;6
"110110";2;0;0;1;9
"110120";2;0;0;1;9
"110130";2;0;0;1;12
"110140";7;0;0;1;16
"110143";1;0;0;1;9
"110145";3;0;0;0;5
"110146";1;0;0;1;4
"110147";3;0;0;0;3
"110148";2;0;0;1;5
"110149";6;0;0;1;23
"110150";3;0;0;1;19
"110155";1;0;0;0;5
"110160";5;0;0;1;6
"110170";3;0;0;1;14
"110175";4;0;0;1;7
"110180";2;0;0;0;7
"140002";9;0;0;0;33
"140005";7;0;1;1;37
"140010";44;1;3;8;522
"140015";11;0;1;1;26
"140017";15;0;1;0;13
"140020";10;0;1;0;10
"140023";3;0;0;0;12
"140028";5;0;0;0;10
"140030";10;0;1;1;14
"140040";7;0;1;0;20
"140045";18;0;1;1;14
"140047";11;0;1;1;26
"140050";3;0;0;0;9
"140060";3;0;0;1;11
"140070";3;0;0;0;78
"420005";1;0;0;0;6
"420010";7;0;1;1;55
"420020";5;0;1;1;20
"420030";2;0;0;0;6
"420040";3;0;1;1;19
"420050";2;0;0;0;10
"420055";1;0;0;0;8
"420060";2;0;0;0;8
"420070";2;0;0;1;12
"420075";1;0;0;0;1
"420080";3;1;0;0;10
"420090";4;0;0;1;3
"420100";1;0;0;1;15
"420110";1;0;0;2;9
"420120";3;0;0;0;29
"420125";5;0;1;0;13
"420127";2;0;0;1;9
"420130";10;1;1;0;34
"420140";19;1;1;1;197
"420150";2;0;0;1;12
"420160";1;0;0;1;16
"420165";1;0;0;0;3
"420170";3;0;0;0;20
"420180";1;0;0;0;3
"420190";1;0;0;0;7
"420195";6;0;0;0;17
"420200";12;2;2;4;236
"420205";3;1;0;0;9
"420207";7;0;0;0;17
"420208";1;0;0;0;4
"420209";2;0;0;0;3
"420210";11;1;1;0;53
"420213";8;0;0;0;9
"420215";1;0;0;0;8
"420220";5;0;0;1;18
"420230";20;1;1;1;108
"420240";64;0;4;7;1014
"420243";2;0;0;0;14
"420245";9;1;0;0;44
"420250";1;0;0;1;4
"420253";1;0;0;0;4
"420257";1;0;0;0;4
"420260";3;0;0;1;16
"420270";3;0;0;0;7
"420280";14;0;1;1;103
"420285";2;0;0;0;6
"420287";2;0;0;0;3
"420290";29;0;3;3;334
"420300";18;1;2;2;262
"420310";2;0;0;1;19
"420315";3;0;0;0;5
"420320";12;0;1;2;100
"420325";1;0;0;0;3
"420330";3;0;0;1;12
"420340";3;0;0;1;16
"420350";3;0;1;1;20
"420360";11;0;1;1;116
"420370";7;0;0;1;12
"420380";10;1;1;1;219
"420390";11;0;1;1;85
"420395";12;1;1;0;25
"420400";6;0;0;1;26
"420410";1;0;0;1;12
"420415";2;0;0;0;6
"420417";2;0;0;0;8
"420419";1;0;0;0;3
"420420";29;2;3;3;959
"420425";9;1;1;0;51
"420430";34;0;1;1;301
"420435";2;0;0;0;4
"420440";3;0;0;1;23
"420445";1;0;0;0;7
"420450";5;1;0;0;32
"420455";4;0;0;1;36
"420460";51;2;4;4;777
"420470";2;0;0;1;31
"420475";1;0;0;0;5
"420480";13;0;1;1;185
"420490";3;0;0;1;19
"420500";6;0;1;1;32
"420510";4;0;0;0;5
"420515";2;0;0;0;3
"420517";4;0;0;0;2
"420519";2;0;0;0;6
"420520";2;0;0;0;11
"420530";7;0;0;1;28
"420535";1;0;0;0;3
"420540";55;3;4;25;2119
"420543";1;0;0;0;9
"420545";12;1;1;0;31
"420550";6;1;1;1;130
"420555";1;0;0;0;1
"420560";1;0;0;0;6
"420570";7;2;1;0;42
"420580";5;1;0;0;38
"420590";20;0;1;1;127
"420600";11;0;0;0;9
"420610";5;0;0;0;7
"420620";5;0;0;0;21
"420630";7;0;1;0;36
"420640";4;0;0;1;25
"420650";10;0;1;1;81
"420660";1;0;0;1;11
"420665";2;0;0;0;4
"420670";10;1;1;0;24
"420675";1;0;0;0;6
"420680";1;0;0;0;7
"420690";7;0;1;1;42
"420700";21;0;1;1;154
"420710";8;0;0;0;16
"420720";7;0;0;1;19
"420730";23;0;1;1;118
"420740";3;1;0;0;7
"420750";20;0;1;1;166
"420757";2;0;0;0;5
"420760";3;0;0;1;9
"420765";2;0;0;1;37
"420768";4;0;0;0;7
"420770";2;0;1;1;12
"420775";3;0;0;0;6
"420780";4;1;0;1;26
"420785";1;0;0;0;5
"420790";8;0;0;1;13
"420800";4;0;0;1;35
"420810";8;0;1;1;44
"420820";42;2;3;2;1371
"420830";14;1;1;1;386
"420840";7;0;0;1;29
"420845";8;1;1;0;44
"420850";8;0;0;1;70
"420860";2;0;0;0;10
"420870";12;0;0;1;18
"420880";11;0;0;1;56
"420890";33;1;3;2;721
"420895";1;0;0;0;6
"420900";15;0;1;4;377
"420910";58;3;4;9;1524
"420915";1;1;0;0;6
"420917";1;0;0;0;3
"420920";1;0;0;0;4
"420930";31;2;3;5;1031
"420940";15;0;1;1;77
"420945";1;0;0;0;3
"420950";2;0;0;0;15
"420960";6;0;1;1;23
"420970";4;0;0;1;11
"420980";3;0;0;0;4
"420985";1;0;0;1;6
"420990";4;0;1;0;16
"421000";5;0;0;1;29
"421003";3;0;0;1;10
"421005";2;0;0;0;4
"421010";15;2;1;2;189
"421020";2;0;0;0;3
"421030";4;0;0;1;10
"421040";1;1;0;0;7
"421050";6;0;1;1;115
"421055";1;0;0;0;3
"421060";6;0;1;1;26
"421070";2;0;0;0;6
"421080";3;0;0;1;23
"421085";1;0;0;0;4
"421090";1;0;0;1;11
"421100";4;0;1;1;32
"421105";4;0;0;0;22
"421110";6;1;1;0;7
"421120";10;0;1;1;27
"421125";2;0;0;0;6
"421130";19;0;1;1;133
"421140";1;0;0;1;16
"421145";1;0;0;0;8
"421150";6;0;0;1;18
"421160";6;0;0;1;35
"421165";1;0;0;0;2
"421170";12;1;1;1;81
"421175";7;0;0;1;50
"421180";3;0;1;0;15
"421185";1;0;0;0;5
"421187";1;0;0;0;4
"421189";1;0;0;0;6
"421190";23;2;3;1;282
"421200";2;0;0;1;15
"421205";4;0;0;0;3
"421210";6;0;1;1;44
"421220";7;0;1;1;23
"421223";2;1;0;0;8
"421225";2;0;0;0;6
"421227";4;0;0;0;7
"421230";2;0;0;0;6
"421240";6;0;0;0;8
"421250";10;1;1;2;47
"421260";1;0;0;1;8
"421265";4;0;0;0;6
"421270";3;1;0;0;5
"421280";7;1;1;0;56
"421290";7;1;1;1;123
"421300";1;0;0;0;7
"421310";1;0;0;0;12
"421315";1;0;0;0;10
"421320";12;0;1;1;103
"421330";3;0;0;1;6
"421335";3;0;0;0;5
"421340";5;0;0;1;23
"421350";9;1;1;0;31
"421360";14;1;1;1;124
"421370";5;0;0;1;26
"421380";3;0;0;1;23
"421390";1;0;0;0;6
"421400";7;0;1;1;36
"421410";3;0;0;0;3
"421415";1;0;0;0;5
"421420";3;0;1;1;30
"421430";2;0;0;0;7
"421440";2;1;0;0;12
"421450";4;0;0;1;11
"421460";3;0;0;0;13
"421470";5;0;0;1;22
"421480";24;1;1;2;407
"421490";1;0;0;1;7
"421500";12;0;1;1;77
"421505";2;0;0;0;6
"421507";2;0;0;0;10
"421510";6;0;0;0;19
"421520";1;1;0;0;11
"421530";5;0;0;1;15
"421535";1;0;0;0;1
"421540";1;0;0;1;12
"421545";6;0;0;0;6
"421550";14;1;1;1;19
"421555";1;0;0;0;4
"421560";1;0;0;0;3
"421565";4;0;0;0;12
"421567";3;0;0;0;7
"421568";1;0;0;0;2
"421569";1;0;0;0;6
"421570";6;0;1;1;47
"421575";1;0;0;0;3
"421580";23;0;1;2;229
"421590";2;0;0;1;14
"421600";4;0;1;1;30
"421605";3;0;0;0;3
"421610";6;0;0;0;32
"421620";18;1;1;1;112
"421625";1;0;0;1;12
"421630";11;0;1;2;43
"421635";4;0;0;0;7
"421640";4;0;0;0;10
"421650";8;0;1;1;54
"421660";27;1;3;6;519
"421670";4;0;0;1;31
"421680";2;0;0;0;7
"421690";6;1;1;1;125
"421700";6;0;0;0;13
"421710";6;0;0;1;5
"421715";1;0;0;0;4
"421720";16;1;1;3;276
"421725";3;0;0;1;5
"421730";4;0;0;1;27
"421740";9;1;1;0;22
"421750";12;0;1;1;71
"421755";1;0;0;0;10
"421760";6;1;1;0;14
"421770";8;0;1;1;66
"421775";1;0;0;0;6
"421780";9;0;0;1;57
"421790";2;0;0;1;16
"421795";1;0;0;0;3
"421800";12;1;1;1;89
"421810";3;0;0;1;9
"421820";14;0;1;1;159
"421825";3;1;0;0;3
"421830";11;1;1;1;18
"421835";1;0;0;0;8
"421840";4;0;0;1;11
"421850";1;1;0;0;24
"421860";3;0;0;1;20
"421870";35;0;2;2;477
"421875";1;0;0;1;15
"421880";6;0;0;1;40
"421885";1;0;0;0;4
"421890";5;0;0;1;26
"421895";1;0;0;0;7
"421900";8;0;1;1;71
"421910";2;0;0;1;10
"421915";1;0;0;0;6
"421917";3;0;0;0;8
"421920";2;0;0;1;13
"421930";18;1;1;2;288
"421935";2;0;0;1;13
"421940";1;0;0;1;5
"421950";12;0;1;1;318
"421960";2;0;0;1;8
"421970";10;1;1;1;93
"421985";1;0;0;0;6
"422000";5;0;1;0;16
"350010";9;0;1;2;160
"350020";1;0;0;0;4
"350030";7;0;1;1;62
"350040";3;0;0;0;3
"350050";5;0;1;1;42
"350055";4;0;0;0;6
"350060";1;0;0;0;4
"350070";7;1;1;1;27
"350075";4;0;0;0;6
"350080";2;0;0;0;6
"350090";3;0;0;0;5
"350100";8;0;0;1;40
"350110";3;0;0;1;4
"350115";2;1;0;0;13
"350120";3;0;0;0;3
"350130";7;0;1;1;17
"350140";3;0;0;0;1
"350150";1;0;0;0;2
"350160";22;2;3;5;1016
"350170";5;1;1;2;28
"350180";2;0;0;0;9
"350190";16;1;2;3;288
"350200";2;0;0;0;6
"350210";7;1;2;2;297
"350220";6;0;1;1;38
"350230";3;1;0;0;5
"350240";3;0;0;0;6
"350250";10;1;1;1;33
"350260";2;0;0;1;4
"350270";9;0;1;1;38
"350275";3;1;1;0;15
"350280";21;1;3;3;470
"350290";7;1;1;1;28
"350300";4;0;0;0;8
"350310";1;0;0;1;3
"350315";2;0;0;0;1
"350320";43;4;2;7;859
"350330";26;1;2;4;310
"350335";1;0;0;0;1
"350340";4;0;0;1;8
"350350";2;0;0;0;3
"350360";3;0;0;0;12
"350370";3;0;0;0;14
"350380";17;0;1;1;82
"350390";8;3;0;1;60
"350395";1;0;0;0;1
"350400";24;2;3;4;501
"350410";18;1;3;5;404
"350420";5;0;0;1;27
"350430";3;0;0;0;1
"350440";5;0;0;0;13
"350450";22;0;1;1;278
"350460";3;1;0;0;12
"350470";4;0;0;0;1
"350480";5;0;0;0;3
"350490";5;0;1;0;9
"350500";2;0;0;0;2
"350510";1;0;0;0;2
"350520";7;0;1;1;88
"350530";8;0;1;1;96
"350535";3;0;0;0;3
"350540";5;1;0;0;2
"350550";15;2;1;5;328
"350560";8;1;0;0;37
"350570";20;0;3;4;470
"350580";6;0;1;1;32
"350590";11;1;1;1;290
"350600";29;4;5;12;915
"350610";18;1;2;4;327
"350620";2;0;0;0;1
"350630";4;0;1;1;14
"350635";7;0;1;1;88
"350640";1;0;0;1;11
"350650";12;1;0;2;272
"350660";6;1;1;0;16
"350670";4;0;0;1;14
"350680";5;0;0;1;16
"350690";6;1;0;0;6
"350700";9;0;2;1;127
"350710";3;0;0;0;20
"350715";2;0;0;0;5
"350720";1;0;0;0;1
"350730";2;1;0;0;3
"350740";5;0;1;1;31
"350745";2;0;0;0;2
"350750";20;0;4;5;732
"350760";29;3;2;4;459
"350770";1;0;0;0;3
"350775";2;0;0;0;2
"350780";6;1;0;0;50
"350790";7;0;0;1;73
"350800";8;1;1;0;13
"350810";2;0;1;1;27
"350820";2;0;0;0;4
"350830";2;0;0;0;2
"350840";8;1;1;2;32
"350850";20;0;3;5;319
"350860";10;0;1;1;67
"350870";7;0;0;1;38
"350880";7;0;1;1;37
"350890";2;0;0;0;3
"350900";15;2;2;3;76
"350910";5;0;0;0;2
"350920";11;1;2;1;94
"350925";10;1;1;0;34
"350930";3;0;0;1;8
"350940";8;1;0;1;69
"350945";2;0;0;0;3
"350950";70;4;14;25;2667
"350960";9;0;1;1;42
"350970";19;0;1;2;76
"350980";3;0;0;0;2
"350990";6;0;0;0;3
"350995";2;0;0;0;1
"351000";6;0;1;1;77
"351010";1;0;0;0;1
"351015";3;0;0;0;2
"351020";10;0;1;1;48
"351030";6;1;1;0;12
"351040";8;1;2;2;132
"351050";16;3;2;3;233
"351060";16;0;3;2;117
"351070";6;0;0;1;16
"351080";7;0;2;2;82
"351090";2;0;0;0;3
"351100";5;0;0;1;30
"351110";23;1;2;4;597
"351120";2;0;0;0;14
"351130";3;0;0;0;15
"351140";12;0;0;1;23
"351150";9;0;1;1;137
"351160";4;0;1;1;15
"351170";5;0;1;1;17
"351190";1;0;0;1;10
"351200";7;1;0;1;40
"351210";3;0;0;0;10
"351220";8;0;1;1;34
"351230";7;0;0;1;37
"351240";7;1;1;0;45
"351250";1;0;0;0;1
"351260";2;0;0;0;4
"351270";1;0;0;0;4
"351280";10;0;2;1;67
"351290";2;0;0;0;5
"351300";31;3;3;4;198
"351310";8;0;0;1;95
"351320";3;0;0;0;10
"351330";2;0;0;0;1
"351340";15;0;1;1;299
"351350";18;2;2;1;146
"351360";6;0;1;1;15
"351370";11;1;1;1;116
"351380";22;2;5;4;176
"351385";1;0;0;0;2
"351390";5;0;0;1;8
"351400";1;0;0;0;12
"351410";5;0;1;1;44
"351420";2;0;0;0;1
"351430";4;0;0;1;13
"351440";12;1;2;1;237
"351450";4;0;1;1;44
"351460";2;0;0;0;3
"351470";2;1;0;0;3
"351480";9;0;1;0;8
"351490";4;0;0;0;12
"351492";1;0;0;0;3
"351495";1;0;0;0;4
"351500";17;1;2;3;149
"351510";12;1;1;0;32
"351512";1;0;0;0;3
"351515";5;1;1;0;37
"351518";7;0;2;3;162
"351519";2;0;0;0;3
"351520";3;0;0;1;24
"351530";1;0;0;0;1
"351535";5;0;0;0;12
"351540";4;0;0;1;31
"351550";18;1;2;2;467
"351560";3;0;0;0;6
"351565";1;0;0;0;2
"351570";13;0;2;1;52
"351580";1;0;0;0;2
"351590";1;0;0;0;2
"351600";6;0;1;1;11
"351610";3;0;0;0;4
"351620";23;3;2;4;370
"351630";13;1;3;2;66
"351640";22;1;3;4;93
"351650";1;0;0;0;2
"351660";4;0;0;1;8
"351670";13;1;2;2;64
"351680";1;0;0;0;1
"351685";3;0;0;0;6
"351690";3;0;0;1;17
"351700";6;0;0;1;12
"351710";2;0;0;0;1
"351720";5;0;0;0;10
"351730";2;1;0;0;3
"351740";7;0;1;1;86
"351750";8;0;1;0;14
"351760";7;1;1;0;11
"351770";7;1;1;1;50
"351780";2;0;0;1;10
"351790";3;1;0;0;15
"351800";1;0;0;0;3
"351810";3;1;0;0;2
"351820";4;0;1;1;70
"351830";3;0;1;1;17
"351840";17;1;2;4;381
"351850";7;1;1;0;10
"351860";7;0;1;1;49
"351870";24;4;4;4;390
"351880";74;10;8;13;884
"351885";4;1;0;0;6
"351890";2;0;0;0;1
"351900";5;0;1;1;9
"351905";4;0;1;0;31
"351907";21;3;3;2;174
"351910";4;0;1;1;14
"351920";2;1;0;0;4
"351925";6;0;0;0;3
"351930";10;0;0;1;47
"351940";3;0;0;1;18
"351950";3;0;0;0;4
"351960";12;1;1;2;152
"351970";17;0;2;3;37
"351980";5;0;0;0;16
"351990";4;0;0;1;20
"352000";4;1;1;0;11
"352010";8;0;1;1;66
"352020";2;0;0;0;8
"352030";9;1;1;0;20
"352040";12;0;1;1;30
"352042";7;1;0;0;5
"352044";8;0;1;1;119
"352050";17;2;3;4;301
"352060";3;0;0;0;6
"352070";2;0;0;1;4
"352080";1;0;0;0;1
"352090";3;0;1;1;15
"352100";6;0;1;0;24
"352110";3;0;0;0;6
"352115";1;0;0;0;2
"352120";2;1;0;0;2
"352130";6;0;1;1;54
"352140";3;0;1;0;25
"352150";3;0;0;0;8
"352160";5;1;0;0;3
"352170";11;0;1;1;15
"352180";6;0;1;1;16
"352190";5;0;1;1;27
"352200";1;0;0;0;1
"352210";11;1;3;2;83
"352215";1;0;0;0;3
"352220";13;0;1;5;70
"352230";23;0;3;2;435
"352240";24;1;2;1;303
"352250";15;1;3;3;105
"352260";13;0;2;4;146
"352265";2;0;0;0;5
"352270";8;0;1;1;99
"352280";4;0;0;1;17
"352290";4;1;1;1;9
"352300";2;0;0;0;3
"352310";18;5;2;1;86
"352320";12;0;1;1;74
"352330";6;0;0;0;6
"352340";24;2;2;2;198
"352350";4;0;0;1;17
"352360";6;0;0;1;24
"352370";3;0;0;0;4
"352380";2;0;0;0;6
"352390";17;2;2;5;346
"352400";12;0;1;2;57
"352410";12;0;1;2;208
"352420";3;0;0;1;9
"352430";12;2;1;2;222
"352440";18;3;3;5;498
"352450";3;0;0;1;4
"352460";7;1;0;0;16
"352470";12;1;1;1;105
"352480";11;1;1;2;217
"352490";3;0;0;0;4
"352500";10;1;1;0;57
"352510";12;1;0;0;58
"352520";5;0;1;1;23
"352530";17;2;1;4;473
"352540";2;0;0;0;1
"352550";2;0;0;1;16
"352560";3;0;0;0;3
"352570";8;0;0;1;67
"352580";2;0;0;0;2
"352585";1;0;0;0;4
"352590";36;8;4;9;1829
"352600";11;0;1;1;22
"352610";7;0;0;0;9
"352620";9;0;1;0;8
"352630";4;0;0;0;5
"352640";8;0;1;1;88
"352650";6;0;0;0;3
"352660";4;0;0;0;7
"352670";18;2;3;2;202
"352680";11;1;1;2;276
"352690";38;1;3;4;1046
"352700";5;0;0;0;17
"352710";16;0;3;4;552
"352720";17;0;1;2;324
"352725";2;0;0;0;2
"352730";6;0;1;1;40
"352740";6;0;1;1;32
"352750";1;0;0;0;2
"352760";6;0;0;0;18
"352770";1;0;0;0;6
"352780";2;0;0;0;2
"352790";1;0;0;0;3
"352800";4;0;1;1;32
"352810";2;0;0;1;7
"352820";1;0;0;0;3
"352830";1;0;0;0;3
"352840";13;1;1;0;56
"352850";14;1;3;2;31
"352860";3;0;0;0;12
"352870";4;0;0;0;1
"352880";4;0;1;1;11
"352885";1;0;0;0;3
"352890";2;0;0;0;2
"352900";59;4;3;6;996
"352910";2;0;0;0;1
"352920";11;0;2;1;31
"352930";18;1;2;1;252
"352940";25;6;3;4;311
"352950";2;0;0;0;6
"352960";2;0;0;0;5
"352965";1;0;0;0;2
"352970";8;0;0;1;49
"352980";3;0;1;0;10
"352990";9;0;1;0;9
"353000";1;0;0;0;4
"353010";8;1;1;1;59
"353020";8;0;1;0;16
"353030";7;1;1;2;149
"353040";1;0;0;0;1
"353050";13;1;5;1;245
"353060";37;4;2;9;356
"353070";23;2;3;3;386
"353080";16;1;3;3;270
"353090";2;0;0;0;2
"353100";2;0;0;0;5
"353110";10;1;0;1;31
"353120";3;1;0;0;14
"353130";9;1;1;2;229
"353140";6;0;0;1;49
"353150";9;0;0;2;41
"353160";2;0;0;0;4
"353170";3;1;0;0;6
"353180";11;1;1;1;57
"353190";10;0;1;1;77
"353200";5;0;1;1;17
"353205";2;0;0;0;4
"353210";1;0;0;0;5
"353215";2;0;0;0;4
"353220";2;0;0;0;4
"353230";3;0;0;0;3
"353240";2;0;0;1;7
"353250";4;0;0;1;9
"353260";5;0;0;2;40
"353270";1;0;0;0;3
"353280";2;0;0;0;3
"353282";5;0;0;0;5
"353284";2;0;0;0;1
"353286";1;0;0;0;3
"353290";5;0;0;1;18
"353300";8;1;1;1;25
"353310";2;0;0;0;4
"353320";3;0;0;0;5
"353325";1;0;0;0;3
"353330";1;0;0;0;4
"353340";7;1;1;1;72
"353350";8;0;1;1;117
"353360";5;1;0;0;15
"353370";3;0;0;0;1
"353380";3;0;0;0;1
"353390";10;1;1;1;173
"353400";2;0;0;0;5
"353410";3;1;0;0;9
"353420";1;0;1;0;15
"353430";6;1;2;1;215
"353440";37;7;3;7;1152
"353450";1;0;0;0;3
"353460";10;0;1;1;87
"353470";19;1;2;4;464
"353475";4;0;0;1;30
"353480";4;0;0;0;6
"353490";8;0;1;0;22
"353500";4;0;0;0;19
"353510";3;0;0;0;21
"353520";4;0;0;1;10
"353530";6;0;0;1;40
"353540";5;0;1;0;13
"353550";13;0;1;1;113
"353560";6;1;1;0;12
"353570";2;0;0;0;10
"353580";6;0;1;1;46
"353590";1;0;0;0;1
"353600";4;0;0;1;6
"353610";1;0;0;0;3
"353620";9;0;1;1;22
"353625";1;0;0;0;1
"353630";6;0;0;1;11
"353640";3;0;0;0;5
"353650";12;2;2;1;204
"353657";1;0;0;0;2
"353660";2;0;0;1;7
"353670";14;0;1;1;80
"353680";2;0;0;0;3
"353690";3;0;0;0;3
"353700";6;0;1;1;17
"353710";10;0;1;2;65
"353715";3;0;0;0;6
"353720";6;0;0;0;8
"353730";9;1;2;2;219
"353740";6;0;1;1;74
"353750";4;0;0;0;9
"353760";13;1;1;1;76
"353770";1;0;0;0;7
"353780";8;0;1;1;56
"353790";7;0;1;1;26
"353800";27;2;3;2;439
"353810";4;0;1;0;19
"353820";4;0;0;0;21
"353830";2;0;0;0;1
"353850";5;1;0;0;9
"353860";3;0;1;1;25
"353870";77;4;4;5;1178
"353880";9;0;1;1;80
"353890";12;0;1;2;56
"353900";3;0;0;1;21
"353910";4;1;0;0;9
"353920";9;1;1;0;27
"353930";17;2;3;3;300
"353940";4;0;0;1;12
"353950";7;1;1;2;71
"353960";2;0;0;0;2
"353970";1;0;0;0;1
"353980";12;1;2;0;65
"353990";1;0;0;0;10
"354000";10;0;1;1;119
"354010";1;0;0;0;1
"354020";13;1;1;1;73
"354025";1;0;0;0;1
"354030";2;0;0;0;2
"354040";1;0;0;1;5
"354050";3;1;0;0;12
"354060";10;0;1;1;80
"354070";12;1;1;1;194
"354075";9;0;1;0;11
"354080";4;0;0;1;17
"354085";2;0;0;0;1
"354090";3;2;0;0;26
"354100";31;4;4;3;288
"354105";1;0;0;0;3
"354110";2;0;0;0;1
"354120";10;0;1;1;22
"354130";13;0;1;1;58
"354140";34;4;4;9;1032
"354150";12;0;1;1;101
"354160";11;0;1;1;59
"354165";1;0;0;0;4
"354170";5;1;1;0;32
"354180";2;0;0;0;1
"354190";4;0;0;1;6
"354200";4;1;0;0;17
"354210";3;0;0;0;2
"354220";9;0;2;1;69
"354230";2;0;0;0;3
"354240";9;0;1;1;26
"354250";4;0;0;0;6
"354260";19;1;2;3;116
"354270";3;0;0;0;3
"354280";3;1;0;0;4
"354290";3;0;0;1;25
"354300";5;0;0;1;11
"354310";2;0;0;0;3
"354320";1;0;0;0;2
"354323";2;0;0;0;0
"354325";1;0;0;0;3
"354330";13;1;3;2;111
"354340";51;5;6;21;2626
"354350";1;1;0;0;2
"354360";2;0;0;0;5
"354370";3;0;0;0;10
"354380";4;0;0;1;4
"354390";24;2;3;4;705
"354400";3;0;1;2;84
"354410";7;1;1;0;11
"354420";5;0;0;1;6
"354425";8;0;1;1;27
"354430";4;0;0;0;12
"354440";2;0;0;0;3
"354450";2;0;0;0;1
"354460";3;0;0;0;4
"354470";1;0;0;0;1
"354480";3;0;0;0;3
"354490";5;1;0;1;43
"354500";2;0;0;1;12
"354510";3;0;0;0;1
"354515";1;0;0;0;6
"354520";9;0;3;1;204
"354530";10;0;2;2;72
"354540";3;0;0;1;5
"354550";2;0;0;0;2
"354560";6;0;0;1;30
"354570";2;0;0;0;7
"354580";18;2;3;2;347
"354600";2;1;0;0;10
"354610";1;0;0;0;3
"354620";2;0;0;0;2
"354625";2;1;0;0;5
"354630";6;0;1;1;70
"354640";10;1;1;1;139
"354650";1;0;0;0;5
"354660";9;1;1;1;133
"354670";5;1;1;0;39
"354680";11;1;1;1;36
"354690";2;0;0;0;3
"354700";2;0;0;0;7
"354710";3;0;0;0;5
"354720";1;0;0;0;2
"354730";12;2;3;2;44
"354740";1;0;0;0;3
"354750";6;0;1;2;70
"354760";4;1;1;1;66
"354765";1;0;0;0;1
"354770";5;0;0;1;41
"354780";37;7;5;11;814
"354790";5;0;0;0;16
"354800";6;0;1;0;38
"354805";3;0;0;0;2
"354810";2;0;0;0;6
"354820";10;1;0;0;8
"354830";1;0;0;0;2
"354840";1;0;0;0;2
"354850";33;3;9;15;1684
"354860";4;0;0;1;11
"354870";35;10;9;19;917
"354880";13;1;2;7;613
"354890";37;4;3;5;966
"354900";2;0;0;0;3
"354910";14;1;3;2;655
"354920";1;0;0;0;1
"354925";2;0;0;0;2
"354930";1;0;0;0;5
"354940";10;1;1;1;197
"354950";5;1;0;0;2
"354960";3;0;0;0;2
"354970";11;0;1;2;176
"354980";32;4;7;17;1253
"354990";41;5;4;22;1418
"354995";3;1;0;0;8
"355000";4;0;0;1;4
"355010";7;0;1;1;99
"355020";8;0;1;1;55
"355030";529;48;106;214;18633
"355040";10;1;1;1;84
"355050";3;0;0;0;3
"355060";13;0;1;3;270
"355070";30;1;2;1;173
"355080";5;0;0;1;26
"355090";4;0;0;1;34
"355100";31;3;5;4;203
"355110";3;0;0;0;6
"355120";1;0;0;0;1
"355130";1;0;0;0;3
"355140";8;0;0;0;10
"355150";7;1;0;2;52
"355160";10;1;1;1;70
"355170";10;1;2;2;451
"355180";5;1;0;0;4
"355190";3;0;0;0;13
"355200";3;0;0;0;9
"355210";15;0;1;1;69
"355220";38;5;8;11;1383
"355230";2;0;0;1;7
"355240";24;7;3;1;248
"355250";25;3;4;4;301
"355255";1;0;0;0;3
"355260";2;0;0;1;20
"355270";4;1;0;1;44
"355280";13;1;3;4;147
"355290";4;0;0;0;2
"355300";5;0;0;1;9
"355310";3;0;0;0;9
"355320";2;0;0;0;16
"355330";9;0;0;1;61
"355340";11;0;1;1;42
"355350";3;1;0;0;6
"355360";5;0;1;1;12
"355365";1;1;0;0;2
"355370";10;1;2;1;172
"355380";7;0;1;1;19
"355385";3;1;0;0;3
"355390";4;0;1;0;3
"355395";4;1;1;0;15
"355400";20;1;2;2;414
"355410";49;5;3;4;886
"355420";3;0;0;0;1
"355430";12;0;1;1;37
"355440";5;1;0;1;10
"355450";7;0;1;1;152
"355460";1;0;0;0;2
"355465";1;0;0;0;3
"355470";2;0;0;1;6
"355475";1;0;0;0;1
"355480";13;1;0;1;32
"355490";2;0;0;0;4
"355495";1;0;0;0;6
"355500";15;1;1;2;247
"355510";7;0;0;1;46
"355520";1;0;0;0;1
"355530";2;0;0;0;2
"355535";1;0;0;0;2
"355540";21;0;1;1;57
"355550";3;0;0;0;2
"355560";3;0;1;0;25
"355570";1;0;0;0;2
"355580";3;0;0;1;6
"355590";1;0;0;0;2
"355600";5;0;0;1;27
"355610";5;0;0;0;18
"355620";14;2;4;2;464
"355630";7;0;1;1;38
"355635";2;0;0;0;3
"355640";10;0;1;1;120
"355645";10;1;1;0;44
"355650";13;1;2;1;42
"355660";3;1;0;0;15
"355670";8;2;2;1;320
"355680";5;0;0;1;42
"355690";2;0;0;0;8
"355695";1;0;0;0;2
"355700";17;2;3;2;115
"355710";14;2;3;2;467
"355715";1;0;0;0;2
"355720";4;0;1;1;19
"355730";5;0;0;0;11
"280010";4;0;0;0;2
"280020";13;0;1;1;5
"280030";50;0;6;23;2652
"280040";8;1;0;0;4
"280050";14;0;0;0;7
"280060";10;0;1;0;19
"280067";14;1;1;0;14
"280070";4;0;0;0;1
"280100";14;0;1;0;9
"280110";7;0;0;0;2
"280120";9;0;1;1;14
"280130";19;0;1;2;10
"280140";11;0;1;0;6
"280150";6;1;0;0;9
"280160";4;0;1;0;4
"280170";10;0;1;0;8
"280190";3;0;0;0;3
"280200";4;0;0;0;3
"280210";18;0;1;2;49
"280220";6;0;0;0;1
"280230";7;1;0;0;2
"280240";5;0;0;0;2
"280250";2;0;0;0;3
"280260";7;0;0;0;2
"280270";4;0;0;0;1
"280280";15;0;0;0;6
"280290";32;0;2;2;121
"280300";15;0;1;1;10
"280310";5;0;0;0;3
"280320";25;1;1;0;14
"280330";17;0;0;0;7
"280340";9;0;1;0;3
"280350";17;0;2;3;80
"280360";12;0;1;0;9
"280370";7;0;0;0;5
"280380";4;0;0;0;2
"280390";7;0;0;0;4
"280400";8;1;1;0;5
"280410";8;0;0;0;4
"280420";5;0;0;0;4
"280430";7;0;0;0;1
"280440";17;1;1;0;9
"280445";5;0;0;0;3
"280450";8;0;1;1;28
"280460";15;1;1;0;7
"280470";4;0;0;0;1
"280480";27;1;4;1;54
"280490";8;0;1;0;2
"280500";5;0;0;0;3
"280510";3;0;0;0;3
"280520";2;0;0;0;3
"280530";8;0;0;0;4
"280540";10;1;0;1;2
"280550";7;1;1;0;7
"280560";9;1;1;0;8
"280570";11;0;1;1;32
"280580";10;0;1;0;5
"280590";6;0;0;1;2
"280600";13;0;0;0;12
"280610";5;0;0;0;6
"280620";10;0;1;0;6
"280630";9;0;0;0;4
"280640";5;0;0;0;1
"280650";4;0;0;0;2
"280660";5;0;0;0;1
"280670";21;1;2;2;22
"280680";8;0;1;0;2
"280690";3;0;0;0;2
"280700";7;0;0;0;2
"280710";24;0;1;1;20
"280720";9;0;0;0;3
"280730";5;0;0;0;2
"280740";22;1;1;0;22
"280750";7;0;0;0;2
"280760";8;0;1;0;9
"170025";1;0;0;0;3
"170030";2;0;0;0;4
"170035";2;1;0;0;3
"170040";1;1;0;0;4
"170070";5;0;0;1;10
"170100";3;0;0;1;4
"170105";2;0;0;0;5
"170110";1;0;0;0;3
"170130";3;0;0;0;3
"170190";2;0;0;1;3
"170200";5;0;0;1;5
"170210";22;2;4;6;303
"170215";4;0;0;0;5
"170220";12;0;2;1;17
"170230";1;0;0;1;4
"170240";6;0;0;1;4
"170255";6;1;1;1;11
"170270";1;0;0;0;3
"170290";5;0;0;0;5
"170300";6;0;0;0;4
"170305";1;0;0;0;4
"170307";2;0;0;0;3
"170310";2;0;0;0;5
"170320";1;0;0;0;2
"170330";2;0;0;0;2
"170360";1;0;0;0;3
"170370";2;0;0;1;2
"170380";6;0;1;0;4
"170382";1;0;0;0;3
"170384";1;0;0;0;2
"170386";3;0;0;0;5
"170388";1;0;0;0;2
"170389";3;0;0;0;4
"170390";2;1;0;0;2
"170410";1;0;0;0;1
"170460";1;0;0;0;3
"170510";1;0;0;0;4
"170550";12;0;2;1;42
"170555";1;0;0;0;4
"170560";2;0;0;0;5
"170600";2;0;0;0;5
"170610";2;0;0;1;6
"170625";1;0;0;0;3
"170650";1;0;0;0;4
"170700";7;0;1;1;18
"170710";3;0;0;1;6
"170720";2;1;0;0;5
"170730";2;0;0;1;4
"170740";3;0;0;0;4
"170755";3;0;0;0;4
"170765";2;0;0;1;1
"170770";4;0;0;1;7
"170820";6;0;1;1;14
"170825";1;0;0;0;4
"170830";2;0;0;0;5
"170900";5;0;0;1;8
"170930";7;0;0;1;34
"170950";17;0;2;5;209
"170980";2;0;0;0;3
"171050";2;0;0;1;9
"171070";3;0;0;0;3
"171090";1;0;0;0;4
"171110";1;1;0;0;3
"171150";3;0;0;0;5
"171180";1;0;0;0;3
"171190";4;0;0;1;9
"171195";2;0;0;0;4
"171200";2;0;0;0;4
"171215";2;0;0;0;3
"171240";1;0;0;0;2
"171245";2;0;0;0;2
"171250";2;0;0;1;5
"171270";1;0;0;0;3
"171280";2;0;0;0;4
"171320";8;0;1;1;13
"171330";4;0;0;1;24
"171360";2;0;0;1;5
"171370";1;0;0;0;3
"171380";1;0;0;0;4
"171395";1;0;0;0;2
"171420";6;0;0;1;9
"171430";3;0;0;0;5
"171488";3;1;0;0;6
"171500";2;0;0;0;2
"171510";2;0;0;0;3
"171515";1;0;0;0;4
"171525";1;0;0;0;2
"171550";1;0;0;0;2
"171570";1;0;0;0;3
"171575";3;0;0;1;13
"171610";9;0;1;2;76
"171620";5;0;0;1;5
"171630";1;0;0;0;3
"171650";6;0;0;1;16
"171660";6;0;0;1;5
"171665";4;0;1;0;3
"171670";4;0;0;1;8
"171700";2;0;0;1;4
"171720";1;1;0;0;3
"171750";3;0;0;1;6
"171780";1;1;0;0;3
"171790";2;0;0;1;2
"171800";1;0;0;0;4
"171820";17;2;1;2;107
"171830";6;0;0;0;3
"171840";1;0;0;0;3
"171845";1;0;0;0;4
"171850";1;0;0;0;2
"171855";2;0;0;0;3
"171865";1;0;0;0;3
"171870";2;0;0;0;2
"171875";6;0;0;0;3
"171880";2;0;0;0;3
"171884";1;0;0;0;3
"171886";3;0;0;0;4
"171888";1;0;0;0;2
"171889";1;0;0;0;3
"171890";3;0;0;0;6
"171900";1;0;0;0;3
"172000";1;0;0;0;5
"172010";5;0;0;0;3
"172015";1;0;0;0;3
"172020";3;0;0;0;3
"172025";2;0;0;0;3
"172030";2;0;0;0;3
"172049";2;1;0;0;4
"172065";3;0;0;1;5
"172080";6;0;1;1;3
"172085";1;0;0;0;3
"172090";3;0;1;1;5
"172093";1;0;0;0;2
"172097";1;0;0;0;3
"172100";47;2;3;19;695
"172110";2;0;0;0;10
"172120";9;1;1;1;20
"172125";1;0;0;0;2
"172130";1;0;0;0;2
"172208";4;0;0;0;4
"172210";4;0;0;1;8
