cnpj;tipo;abertura;nome;fantasia;natureza_juridica;logradouro;numero;complemento;cep;bairro;municipio;uf;email;telefone;efr;situacao;data_situacao;motivo_situacao;situacao_especial;data_situacao_especial;capital_social
20556657000147;MATRIZ;01/07/2014;ASSOCIACAO AMIGOS EM DEFESA DA VIDA;ADEV;399-9 - Associação Privada;ARAGUAIA;2044;COND CEA BLOCO 1 SALA 1006 ANEXO 10;06455000;ALPHAVILLE INDUSTRIAL;BARUERI;SP;;1199999999;;ATIVA;01/07/2014;;;;0
56322696001107;FILIAL;08/05/2019;ASSOCIACAO BENEFICENTE CISNE;INSTITUTO CISNE DE ENSINO E PESQUISA - ICEPES;399-9 - Associação Privada;SEBASTIAO DAVINO DOS REIS;786;;06414007;JARDIM TUPANCI;BARUERI;SP;;1141697937;;ATIVA;08/05/2019;;;;0
95422358000976;FILIAL;04/04/2023;HOSPITAL ANA NERY SANTA CRUZ DO SUL;HOSPITAL REGIONAL DO VALE DO RIO PARDO;399-9 - Associação Privada;CORONEL PEREIRA REGO;30;;96640000;SAO JORGE;RIO PARDO;RS;;5121064409;;ATIVA;04/04/2023;;;;0
57571275003380;FILIAL;15/03/2021;FUNDACAO DO ABC;AMBULATORIO MEDICO DE ESPECIALIDADES - AME SANTOS;127-9 - Fundação Pública de Direito Privado Municipal;ALEXANDRE MARTINS;70;;11025201;APARECIDA;SANTOS;SP;;1126665400;SAO BERNARDO DO CAMPO - SP;ATIVA;15/03/2021;;;;0
66518267002801;FILIAL;17/12/2020;CENTRO DE ESTUDOS E PESQUISAS DR JOAO AMORIM;CENTRO DE MEDICINA DE REAB. LUCY MONTORO - SANTOS;399-9 - Associação Privada;ALEXANDRE MARTINS;72;;11025200;APARECIDA;SANTOS;SP;;1134691818;;ATIVA;17/12/2020;;;;0
47969134001150;FILIAL;21/03/2023;FUNDACAO SANTA CASA DE MISERICORDIA DE FRANCA;AMBULATORIO MEDICO DE ESPECIALIDADES (AME SAO CARLOS);306-9 - Fundação Privada;SALLUM;1587;LOTE LOC 69 Q 43 L 08;13574040;VILA PRADO;SAO CARLOS;SP;;1637114196;;ATIVA;21/03/2023;;;;0
53221255002356;FILIAL;07/06/2005;ASSOCIACAO LAR SAO FRANCISCO DE ASSIS NA PROVIDENCIA DE DEUS;AMBULATORIO MEDICO DE ESPECIALIDADES DE S.J.DO R.P. AME;399-9 - Associação Privada;ANTONIO FUSCALDO;S/N;;15061260;JARDIM FUSCALDO;SAO JOSE DO RIO PRETO;SP;;1732839070;;BAIXADA;26/05/2025;;;;0
48211585003300;FILIAL;27/02/2023;SOCIEDADE BRASILEIRA CAMINHO DE DAMASCO;POLO DE ATENCAO INTENSIVA EM SAUDE MENTAL DA ZONA NORTE;399-9 - Associação Privada;VOLUNTARIOS DA PATRIA;4301;BLOCO PSIQUIATRICO B;02401400;SANTANA;SAO PAULO;SP;;1155492292;;ATIVA;27/02/2023;;;;0
57571275001921;FILIAL;11/02/2015;FUNDACAO DO ABC;CENTRO HOSPITALAR DO SISTEMA PENITENCIARIO;127-9 - Fundação Pública de Direito Privado Municipal;DOM JOSE MAURICIO;15;;02028000;CARANDIRU;SAO PAULO;SP;;1126665400;SAO BERNARDO DO CAMPO - SP;ATIVA;11/02/2015;;;;0
48211585003483;FILIAL;27/02/2023;SOCIEDADE BRASILEIRA CAMINHO DE DAMASCO;AME CRI ZONA NORTE;399-9 - Associação Privada;VOLUNTARIOS DA PATRIA;4301;;02401400;SANTANA;SAO PAULO;SP;;1150492292;;ATIVA;27/02/2023;;;;0
56322696001018;FILIAL;13/06/2019;ASSOCIACAO BENEFICENTE CISNE;INSTITUTO CISNE DE ENSINO E PESQUISA - ICEPES;399-9 - Associação Privada;RUBENS VENTURINI;140;;17132308;JARDIM NILCE;AGUDOS;SP;;1141697937;;ATIVA;13/06/2019;;;;0
17508792000102;MATRIZ;08/01/2013;AMIS- ASSOCIACAO MISSAO INTEGRAL SEMEAR DE GESTAO EM SAUDE;AMIS;399-9 - Associação Privada;BARUEL;544;SALA 111;08675000;VILA COSTA;SUZANO;SP;;1141220554;;ATIVA;25/05/2019;;;;0
42498717008724;;;SEM NOME REGISTRADO;;;;;;;;;;;;;;;;;;
53221225000140;MATRIZ;;ASSOCIAÇÃO FUNDO DE INCENTIVO À PSICOFARMACOLOGIA - AFIP;;;;;;;;;;;;;;;;;;
31627025000144;MATRIZ;;FUNDAÇÃO ESTATAL REGIONAL DE SAÚDE E DESENVOLVIMENTO SOCIAL DA BACIA DO JUQUERY;;;;;;;;;;;;;;;;;;
10635117000103;MATRIZ;29/01/2009;INSTITUTO GNOSIS;;399-9 - Associação Privada;DAS AMERICAS;03443; BLC 2 SAL 201 A 205;22631003;BARRA DA TIJUCA;RIO DE JANEIRO;RJ;;2121478191;;ATIVA;29/01/2009;;;;0
60922168001158;FILIAL;07/04/1970;ASSOCIACAO CONGREGACAO DE SANTA CATARINA;HOSPITAL MADRE REGINA PROTMANN;399-9 - Associação Privada;DAS ACACIAS;417;;29650000;JARDIM DA MONTANHA;SANTA TERESA;ES;;0272591113;;ATIVA;09/07/2005;;;;0
61617908000133;MATRIZ;05/09/1963;CONGREGACAO DAS IRMAS HOSPITALEIRAS DO SAGRADO CORACAO DE JESUS;;399-9 - Associação Privada;DA RIVIERA;4782;;04916000;SANTO AMARO;SAO PAULO;SP;;01155176100;;ATIVA;28/07/1998;;;;0
27532522000190;MATRIZ;13/05/1975;INSTITUTO DE ASSISTENCIA DOS SERV DO EST R DE JANEIRO;GABINETE DO PRESIDENTE;111-2 - Autarquia Estadual ou do Distrito Federal;JACEGUAI;0000;;20550150;MARACANA;RIO DE JANEIRO;RJ;;2198425942;RIO DE JANEIRO;ATIVA;07/07/2022;;;;0
42498717009535;FILIAL;22/09/2008;SECRETARIA DE ESTADO DE SAUDE - SES;UPA 24 HORAS - JACAREPAGUA;102-3 - Órgão Público do Poder Executivo Estadual ou do Distrito Federal;ANDRE ROCHA;20;;22730522;TAQUARA - JACAREPAGUA;RIO DE JANEIRO;RJ;;2122992577;RIO DE JANEIRO;ATIVA;22/09/2008;;;;0
42498717009020;FILIAL;02/07/2008;SECRETARIA DE ESTADO DE SAUDE - SES;UPA 24 HORAS - DUQUE DE CAXIAS;102-3 - Órgão Público do Poder Executivo Estadual ou do Distrito Federal;JOAQUIM PECANHA;1532;;25025095;PARQUE LAFAEITE;DUQUE DE CAXIAS;RJ;;2122992577;RIO DE JANEIRO;ATIVA;02/07/2008;;;;0
42498717009292;FILIAL;08/08/2008;SECRETARIA DE ESTADO DE SAUDE - SES;UPA 24 HORAS - BOTAFOGO;102-3 - Órgão Público do Poder Executivo Estadual ou do Distrito Federal;SAO CLEMENTE;S/N;;22260000;BOTAFOGO;RIO DE JANEIRO;RJ;;2122992577;RIO DE JANEIRO;ATIVA;08/08/2008;;;;0
42498717011351;FILIAL;09/09/2011;SECRETARIA DE ESTADO DE SAUDE - SES;UPA 24 HORAS - COPACABANA;102-3 - Órgão Público do Poder Executivo Estadual ou do Distrito Federal;SIQUEIRA CAMPOS;129;;22031071;COPACABANA;RIO DE JANEIRO;RJ;;2123333705;RIO DE JANEIRO;ATIVA;09/09/2011;;;;0
67779145000190;MATRIZ;;IRMANDADE DA SANTA CASA DE MISERICÓRDIA DE SÃO PAULO;;;;;;;;;;;;;;;;;;
61669567002640;FILIAL;;ASSOCIAÇÃO PAULISTA PARA O DESENVOLVIMENTO DA MEDICINA - SPDM;;;;;;;;;;;;;;;;;;
18972378000112;MATRIZ;23/09/2013;INSTITUTO BRASILEIRO DE GESTAO HOSPITALAR - IBGH;;399-9 - Associação Privada;PORTUGAL;1148;SALA C2501 EDIF ORION BUSINESS;74150030;SET MARISTA;GOIANIA;GO;;6239989600;;ATIVA;23/09/2013;;;;0
23931208000200;FILIAL;23/07/2018;INSTITUTO RIOGRANDENSE DE DESENVOLVIMENTO SOCIAL INTEGRADO - IRDESI;IRDESI DE JAGUARI;399-9 - Associação Privada;SETE DE SETEMBRO;910;ANEXO HOSPITAL DE CARIDADE;97760000;CENTRO;JAGUARI;RS;;5533337358;;ATIVA;23/07/2018;;;;0
92911684000100;MATRIZ;17/09/1991;FUNDACAO MEDICO HOSPITALAR DR HONOR TEIXEIRA DA COSTA;;127-9 - Fundação Pública de Direito Privado Municipal;9 DE MAIO;141;;97390000;CENTRO;LAVRAS DO SUL;RS;;;LAVRAS DO SUL - RS;ATIVA;03/11/2005;;;;0
92898550000864;FILIAL;25/07/2018;FUNDACAO UNIVERSITARIA DE CARDIOLOGIA EM RECUPERACAO JUDICIAL;HOSPITAL REGIONAL DE SANTA MARIA;306-9 - Fundação Privada;FLORIANOPOLIS;1401; HOSP REG STA MARIA;97030220;PINHEIRO MACHADO;SANTA MARIA;RS;;5132303872;;ATIVA;25/07/2018;;;;0
89891337000735;FILIAL;11/04/2023;HOSPITAL DE CARIDADE SAO ROQUE;HOSPITAL GETUINAR D'AVILA DO NASCIMENTO;399-9 - Associação Privada;DORVAL LAMPERT;980;;97400000;CENTRO;SAO PEDRO DO SUL;RS;;5532631301;;ATIVA;11/04/2023;;;;0
13183513000208;FILIAL;05/09/2011;FUNDACAO DE SAUDE SAPUCAIA DO SUL;HOSPITAL TRAMANDAI;127-9 - Fundação Pública de Direito Privado Municipal;EMANCIPACAO;1255;;95590973;CENTRO;TRAMANDAI;RS;;5134518200;SAPUCAIA DO SUL - RS;BAIXADA;08/11/2024;;;;0
47969134001070;FILIAL;12/04/2022;FUNDACAO SANTA CASA DE MISERICORDIA DE FRANCA;AMBULATORIO MEDICO DE ESPECIALIDADES VALE DO JURUMIRIM;306-9 - Fundação Privada;JULIO BELLUCCI;390;;18704300;JARDIM BRABANCIA;AVARE;SP;;1637114196;;ATIVA;12/04/2022;;;;0
46230439001345;FILIAL;14/12/2012;FUNDACAO PARA O DESENVOLVIMENTO MEDICO E HOSPITALAR;HOSPITAL DE BASE DE BAURU;306-9 - Fundação Privada;MONSENHOR CLARO;8-88;;17015900;CENTRO;BAURU;SP;;1438152680;;ATIVA;14/12/2012;;;;0
57722118000817;FILIAL;23/09/2022;FUND DE APOIO AO ENSINO PESQ E ASSISTENCIA HCFMRPUSP;HOSPITAL DAS CLINICAS DE BAURU - HCB;306-9 - Fundação Privada;SILVIO MARCHIONE;3-20;;17012900;VILA NOVA CIDADE UNIVERSITARIA;BAURU;SP;;1635058152;;ATIVA;23/09/2022;;;;0
46068425000133;MATRIZ;12/01/1968;UNIVERSIDADE ESTADUAL DE CAMPINAS;;111-2 - Autarquia Estadual ou do Distrito Federal;DA REITORIA;S/N;;13083872;CIDADE UNIVERSITARIA;CAMPINAS;SP;;1935214424;SAO PAULO;ATIVA;03/11/2005;;;;0
60003761000129;MATRIZ;18/06/1970;FUNDACAO FACULDADE REGIONAL DE MEDICINA S J RIO PRETO;HOSPITAL DE BASE;306-9 - Fundação Privada;BRIGADEIRO FARIA LIMA;5544;;15090000;SAO PEDRO;SAO JOSE DO RIO PRETO;SP;;1732015033;;ATIVA;04/10/2003;;;;0
61687356004631;FILIAL;13/06/2022;SERVICO SOCIAL DA CONSTRUCAO CIVIL DO ESTADO DE SAO PAULO - SECONCI-SP;HOSPITAL DA MULHER;399-9 - Associação Privada;RIO BRANCO;1080;;01206001;CAMPOS ELISEOS;SAO PAULO;SP;;1133673901;;ATIVA;13/06/2022;;;;0
28700530000161;MATRIZ;13/09/2017;INSTITUTO MARIA SCHMITT DE DESENVOLVIMENTO DE ENSINO, ASSISTENCIA SOCIAL E SAUDE DO CIDADAO;INSTITUTO MARIA SCHMITT - IMAS;399-9 - Associação Privada;DR ANTONIO BOTTINI;46;;88960000;CENTRO;SOMBRIO;SC;;4835220257;;ATIVA;13/09/2017;;;;0
13046636000116;MATRIZ;09/07/1971;ASSOCIACAO DE PAIS E AMIGOS DOS EXCEPCIONAIS DE ARACAJU;APAE;399-9 - Associação Privada;MANOEL DOS SANTOS CARVALHO;379;;49066020;INDUSTRIAL;ARACAJU;SE;;7999999999;;ATIVA;28/08/2004;;;;0
23546358000110;MATRIZ;26/10/2015;CENTRO MEDICO DO TRABALHADOR LTDA;CENTRO MEDICO DO TRABALHADOR;206-2 - Sociedade Empresária Limitada;BAHIA;1429;SALA 01;49075000;SIQUEIRA CAMPOS;ARACAJU;SE;;7930231172;;ATIVA;26/10/2015;;;;500000
13025507000141;MATRIZ;27/07/1967;ASSOCIACAO ARACAJUANA DE BENEFICENCIA;HOSPITAL E MATERNIDADE SANTA ISABEL;399-9 - Associação Privada;SIMEAO SOBRAL;1312;;49072720;DEZOITO DO FORTE;ARACAJU;SE;;7932124900;;ATIVA;03/11/2005;;;;0
13366414000180;MATRIZ;10/05/1985;ASSOCIACAO HOSPITALAR DE SERGIPE;HOSPITAL NOSSA SENHORA DA CONCEICAO;399-9 - Associação Privada;HIPOLITO SANTOS;SN;;49400000;CENTRO;LAGARTO;SE;;;;ATIVA;15/12/2017;;;;0
10733807000197;MATRIZ;10/02/2009;INSTITUTO MORGAN DE EDUCACAO, SAUDE E ESPORTES;INSTITUTO MORGAN;399-9 - Associação Privada;DAS FIGUEIRAS;49;;06840330;VALE DO SOL;EMBU DAS ARTES;SP;;1187257878;;ATIVA;10/02/2009;;;;0
51501559000136;MATRIZ;17/12/1986;FUNDACAO EDUCACIONAL DO MUNICIPIO DE ASSIS;FEMA;127-9 - Fundação Pública de Direito Privado Municipal;GETULIO VARGAS;1200;;19807130;VILA NOVA SANTANA;ASSIS;SP;;1833021055;ASSIS - SP;ATIVA;11/12/2004;;;;0
44510485000139;MATRIZ;04/09/1972;IRMANDADE DE MISERICORDIADE ATIBAIA;;399-9 - Associação Privada;MIGUEL VAIRO;104;;12940622;CENTRO;ATIBAIA;SP;;1144110062;;ATIVA;03/11/2005;;INTERVENCAO;26/10/2001;0
17795008000194;MATRIZ;15/03/2013;SOLUTION GESTAO PUBLICA;;399-9 - Associação Privada;LIMA VERDE GUIMARAES;501;;16670031;CENTRO;PRESIDENTE ALVES;SP;;1791157239;;ATIVA;15/03/2013;;;;0
49150352000112;MATRIZ;28/11/1967;FUNDACAO PIO XII;FUNDACAO PIO XII;306-9 - Fundação Privada;20;221;;14780070;CENTRO;BARRETOS;SP;;;;ATIVA;03/11/2005;;;;0
18580646000150;MATRIZ;24/07/2013;ASSOCIACAO LABOR SUS;;399-9 - Associação Privada;SAO JOAO;416;SALA 01;14780760;JARDIM ALLAH;BARRETOS;SP;;1791684881;;ATIVA;24/07/2013;;;;0
47641907000101;MATRIZ;31/03/1977;SORRI-BAURU;SORRI;399-9 - Associação Privada;NACOES UNIDAS;53-40;;17033260;NUCLEO PRES.GEISEL;BAURU;SP;;1440091000;;ATIVA;11/09/2004;;;;0
20845437000133;MATRIZ;24/07/2014;FUNDACAO ESTATAL REGIONAL DE SAUDE - REGIAO DE BAURU;;127-9 - Fundação Pública de Direito Privado Municipal;CUSSY JUNIOR;9-59;;17015021;CENTRO;BAURU;SP;;1432278057;BAURU - SP;ATIVA;24/07/2014;;;;0
51807535000100;MATRIZ;05/01/1984;ASSOC DE PROT E ASSIST A MAT E A INF DE BORBOREMA E S P;;399-9 - Associação Privada;PEDRO JOSE DOS PASSOS;400;;14955000;CENTRO;BORBOREMA;SP;;;;ATIVA;03/11/2005;;;;0
51804771000172;MATRIZ;03/07/1981;ASSOCIACAO BENEFICENTE DE PIRANGI;ORGANIZACAO SOCIAL DE SAUDE PIRANGI - O.S.S. PIRANGI;399-9 - Associação Privada;CARMEM LUCIA GIGLIO GIRADE;1901;;15820000;JARDIM TANGARA;PIRANGI;SP;;1733861800;;ATIVA;03/11/2005;;;;0
47708771000100;MATRIZ;03/06/1976;IRMANDADE DA SANTA CASA DE MISERICORDIA DE SAO BERNARDO DO CAMPO;SANTA CASA SBCAMPO;399-9 - Associação Privada;ROBERT KENNEDY;2900;;09860214;ASSUNCAO;SAO BERNARDO DO CAMPO;SP;;1143533300;;ATIVA;24/09/2005;;;;0
12043445000138;MATRIZ;24/05/2010;INSTITUTO DE GESTAO ADMINISTRACAO E TREINAMENTO EM SAUDE IGATS;IGATS EXCELENCIA EM SAUDE;399-9 - Associação Privada;VEREADOR BENEDITO DE CAMPOS;156;ANDAR 2 ANDAR SALA 5;18150000;CENTRO;IBIUNA;SP;;1532483126;;ATIVA;24/05/2010;;;;0
24006302000135;MATRIZ;18/01/2016;INSTITUTO DE DESENVOLVIMENTO, ENSINO E ASSISTENCIA A SAUDE - IDEAS;INSTITUTO IDEAS;399-9 - Associação Privada;SOUZA DUTRA;145;SALA 904;88070605;ESTREITO;FLORIANOPOLIS;SC;;4830276200;;ATIVA;18/01/2016;;;;0
86897113000157;MATRIZ;16/03/1994;FUNDACAO DE APOIO AO HEMOSC/CEPON;FAHECE;306-9 - Fundação Privada;PRESIDENTE COUTINHO;160;;88015230;CENTRO;FLORIANOPOLIS;SC;;4832121300;;ATIVA;02/04/2004;;;;0
76562198000169;MATRIZ;25/09/1966;HOSPITAL NOSSA SENHORA DAS GRACAS;;399-9 - Associação Privada;ALCIDES MUNHOZ;433;;80810040;MERCES;CURITIBA;PR;;;;ATIVA;03/11/2005;;;;0
57722118000493;FILIAL;02/02/2011;FUND DE APOIO AO ENSINO PESQ E ASSISTENCIA HCFMRPUSP;HOSPITAL ESTADUAL AMERICO BRASILIENSE - HEAB;306-9 - Fundação Privada;ALDO LUPO;1260;;14820000;JARDIM VISTA ALEGRE;AMERICO BRASILIENSE;SP;;1636022287;;ATIVA;02/02/2011;;;;0
49150352000970;FILIAL;17/02/2010;FUNDACAO PIO XII;AMBULATORIO MEDICO DE ESPECIALIDADES CIRURGICO DE BARRE;306-9 - Fundação Privada;PEDRO BORELLA;200;;14785004;AEROPORTO;BARRETOS;SP;;1733216600;;ATIVA;17/02/2010;;;;0
49150352001003;FILIAL;21/09/2010;FUNDACAO PIO XII;AMBULATORIO MEDICO DE ESPECIALIDADES GERAL DE BARRETOS;306-9 - Fundação Privada;LOJA MACONICA RENOVADORA 68;105;;14785000;NOVA AMERICA;BARRETOS;SP;;1733216600;;ATIVA;21/09/2010;;;;0
46230439000616;FILIAL;28/04/2008;FUNDACAO PARA O DESENVOLVIMENTO MEDICO E HOSPITALAR;HOSPITAL MANOEL DE ABREU;306-9 - Fundação Privada;SALVADOR FILARDI;6-88;;17051110;VILA SOUTO;BAURU;SP;;1438152680;;ATIVA;19/07/2021;;;;0
46230439001183;FILIAL;17/02/2012;FUNDACAO PARA O DESENVOLVIMENTO MEDICO E HOSPITALAR;MATERNIDADE SANTA ISABEL;306-9 - Fundação Privada;ARAUJO LEITE;2627;;17012250;SANTA TEREZA;BAURU;SP;;1438152680;;ATIVA;17/02/2012;;;;0
46230439000373;FILIAL;26/12/2002;FUNDACAO PARA O DESENVOLVIMENTO MEDICO E HOSPITALAR;HOSPITAL ESTADUAL DE BAURU;306-9 - Fundação Privada;ENG. LUIZ EDMUNDO CARRIJO COUBE;1-100;N. RES. PRES. GEISEL;17033360;JD. SANTOS DUMONT;BAURU;SP;;1468212680;;ATIVA;;;;;0
57571275003207;FILIAL;15/03/2021;FUNDACAO DO ABC;PAI - BAIXADA SANTISTA;127-9 - Fundação Pública de Direito Privado Municipal;RUA OSWALDO CRUZ 197;197;;11045904;BOQUEIRAO;SANTOS;SP;;1126665400;SAO BERNARDO DO CAMPO - SP;ATIVA;15/03/2021;;;;0
57571275001840;FILIAL;14/08/2014;FUNDACAO DO ABC;INST DE INFEC EMILIO RIBAS II;127-9 - Fundação Pública de Direito Privado Municipal;SAO MIGUEL;SN;;11460202;SITIO PAECARA (VICENTE DE CARVALHO);GUARUJA;SP;;1126665400;SAO BERNARDO DO CAMPO - SP;ATIVA;14/08/2014;;;;0
53221255000140;MATRIZ;24/09/1985;ASSOCIACAO LAR SAO FRANCISCO DE ASSIS NA PROVIDENCIA DE DEUS;;399-9 - Associação Privada;VICINAL JOAO J. TELLES FILHO;KM 3;;15155000;ZONA RURAL;JACI;SP;;1732839070;;ATIVA;03/11/2005;;;;0
61699567003612;FILIAL;11/08/2011;SPDM - ASSOCIACAO PAULISTA PARA O DESENVOLVIMENTO DA MEDICINA;CENTRO DE REABILITACAO LUCY MONTORO SAO JOSE DOS CAMPOS;399-9 - Associação Privada;SAIGIRO NAKAMURA;600;;12220280;VILA INDUSTRIAL;SAO JOSE DOS CAMPOS;SP;;1221384800;;ATIVA;11/08/2011;;;;0
61699567006204;FILIAL;12/06/2015;SPDM - ASSOCIACAO PAULISTA PARA O DESENVOLVIMENTO DA MEDICINA;HOSPITAL GERAL DE PEDREIRA PADRE MAURILIO MARITANO;399-9 - Associação Privada;JOAO FRANCISCO DE MOURA;251;;04455170;VILA CAMPO GRANDE;SAO PAULO;SP;;1156135900;;ATIVA;12/06/2015;;;;0
61699567005585;FILIAL;23/12/2014;SPDM - ASSOCIACAO PAULISTA PARA O DESENVOLVIMENTO DA MEDICINA;AMBULATORIO MEDICO DE ESPECIALIDADES - AME IDOSO OESTE;399-9 - Associação Privada;ROMA;466;;05050090;LAPA;SAO PAULO;SP;;1142801950;;ATIVA;23/12/2014;;;;0
61687356003589;FILIAL;30/10/2014;SERVICO SOCIAL DA CONSTRUCAO CIVIL DO ESTADO DE SAO PAULO - SECONCI-SP;AMBULATORIO MEDICO DE ESPECIALIDADES-AME BOURROUL;399-9 - Associação Privada;MARTINS FONTES;208;;01050000;CENTRO;SAO PAULO;SP;;1136645050;;ATIVA;30/10/2014;;;;0
61687356000300;FILIAL;14/12/2001;SERVICO SOCIAL DA CONSTRUCAO CIVIL DO ESTADO DE SAO PAULO - SECONCI-SP;HOSPITAL ESTADUAL DE VILA ALPINA - SECONCI-OSS;399-9 - Associação Privada;FRANCISCO FALCONI;1501;;03227000;VILA ALPINA;SAO PAULO;SP;;1136645050;;ATIVA;13/12/2001;;;;0
60742616000674;FILIAL;08/07/1998;CASA DE SAUDE SANTA MARCELINA;OSS S. MARCELINA-HOSP. GERAL S. MARCELINA DO ITAIM PTA.;399-9 - Associação Privada;MARECHAL TITO;6035;;08115100;ITAIM PAULISTA;SAO PAULO;SP;;;;ATIVA;08/07/1998;;;;0
61699567000435;FILIAL;01/12/1998;SPDM - ASSOCIACAO PAULISTA PARA O DESENVOLVIMENTO DA MEDICINA;HOSPITAL GERAL DE PIRAJUSSARA;399-9 - Associação Privada;IBIRAMA;1214;;06785300;PARQUE INDUSTRIAL DACI;TABOAO DA SERRA;SP;;1135839504;;ATIVA;03/11/2005;;;;0
61699567002489;FILIAL;16/12/2009;SPDM - ASSOCIACAO PAULISTA PARA O DESENVOLVIMENTO DA MEDICINA;HOSPITAL DE TRANSPLANTES DR EURYCLIDES DE JESUS ZERBINI;399-9 - Associação Privada;BRIGADEIRO LUIZ ANTONIO;2651;;01401901;JARDIM PAULISTA;SAO PAULO;SP;;1131706103;;ATIVA;16/12/2009;;;;0
61699567007103;FILIAL;29/04/2016;SPDM - ASSOCIACAO PAULISTA PARA O DESENVOLVIMENTO DA MEDICINA;AMBULATORIO MEDICO DE ESPECIALIDADES -AME IDOSO SUDESTE;399-9 - Associação Privada;DOMINGOS DE MORAIS;1947;;04009003;VILA MARIANA;SAO PAULO;SP;;1142802868;;ATIVA;29/04/2016;;;;0
61699567001083;FILIAL;13/12/2005;SPDM - ASSOCIACAO PAULISTA PARA O DESENVOLVIMENTO DA MEDICINA;AMBULATORIO MEDICO DE ESPECIALIDADES MARIA ZELIA;399-9 - Associação Privada;JEQUITINHONHA;368;;03021040;CATUMBI;SAO PAULO;SP;;1135831800;;ATIVA;13/12/2005;;;;0
61687356002507;FILIAL;09/01/2009;SERVICO SOCIAL DA CONSTRUCAO CIVIL DO ESTADO DE SAO PAULO - SECONCI-SP;HOSPITAL ESTADUAL DE SAPOPEMBA;399-9 - Associação Privada;MANOEL FRANCA DOS SANTOS;174;;03975130;JARDIM SAPOPEMBA;SAO PAULO;SP;;1136645050;;ATIVA;09/01/2009;;;;0
11344038001412;MATRIZ;20/05/2019;INSTITUTO NACIONAL DE TECNOLOGIA E SAUDE;UNIDADE BERTIOGA;399-9 - Associação Privada;CLAUDIO CESAR DE AGUIAR MAURIZ;433;QUADRA15 LOTE 16;11250297;CENTRO;BERTIOGA;SP;;7130181212;;ATIVA;20/05/2019;;;;0
99999999999999;;;SEM NOME REGISTRADO;;;;;;;;;;;;;;;;;;
99999999999998;;;INSTITUTO ACQUA;;;;;;;;;;;;;;;;;;
99999999999997;;;ASSOCIAÇÃO CONGREGAÇÃO DE SANTA CATARINA;;;;;;;;;;;;;;;;;;
99999999999996;;;AFNE;;;;;;;;;;;;;;;;;;
99999999999995;;;ASSOCIAÇÃO LAR SÃO FRANCISCO DE ASSIS NA PROVIDÊNCIA DE DEUS;;;;;;;;;;;;;;;;;;
99999999999994;;;ASSOCIAÇÃO MAHATMA GANDHI;;;;;;;;;;;;;;;;;;
99999999999993;;;ASSOCIAÇÃO DE PROTEÇÃO À MATERNIDADE E INFÂNCIA DE CASTRO ALVES;;;;;;;;;;;;;;;;;;
99999999999992;;;ORGANIZAÇÃO SOCIAL ASSOCIAÇÃO DAS SENHORAS CRISTÃS BENEDITA FERNANDES;;;;;;;;;;;;;;;;;;
99999999999991;;;ASSOCIAÇÃO SAÚDE DA FAMÍLIA - ASF;;;;;;;;;;;;;;;;;;
99999999999990;;;ASSOCIAÇÃO TAQUARIENSE DE SAÚDE;;;;;;;;;;;;;;;;;;
99999999999989;;;SANTA CASA DE MISERICÓRDIA DA BAHIA;;;;;;;;;;;;;;;;;;
99999999999988;;;IRMANDADE DA SANTA CASA DE MISERICÓRDIA DE BIRIGUI;;;;;;;;;;;;;;;;;;
99999999999987;;;CENTRO DE ESTUDOS E PESQUISAS DR JOAO AMORIM;;;;;;;;;;;;;;;;;;
99999999999986;;;CRUZ VERMELHA BRASILEIRA;;;;;;;;;;;;;;;;;;
99999999999985;;;FUNDAÇÃO FACULDADE DE MEDICINA;;;;;;;;;;;;;;;;;;
99999999999984;;;FUNDAÇÃO HOSPITALAR GETÚLIO VARGAS;;;;;;;;;;;;;;;;;;
99999999999983;;;FUNDAÇÃO JOSÉ SILVEIRA;;;;;;;;;;;;;;;;;;
99999999999982;;;FUNDAÇÃO DO ABC;;;;;;;;;;;;;;;;;;
99999999999981;;;INSTITUTO DE GESTÃO EM SAÚDE;;;;;;;;;;;;;;;;;;
99999999999980;;;INSTITUTO GNOSIS;;;;;;;;;;;;;;;;;;
99999999999979;;;HOSPITAL ALEMÃO OSWALDO CRUZ;;;;;;;;;;;;;;;;;;
99999999999978;;;HOSPITAL E MATERNIDADE THEREZINHA DE JESUS - HMTJ;;;;;;;;;;;;;;;;;;
99999999999977;;;HOSPITAL E MATERNIDADE THEREZINHA DE JESUS;;;;;;;;;;;;;;;;;;
09652823000176;MATRIZ;17/06/2008;INSTITUTO BRASIL SAUDE;IBR SAUDE;399-9 - Associação Privada;AL SANTOS;193;;01.419-000;CERQUEIRA CESAR;SAO PAULO;SP;PARALEGAL@SCRITACONTABIL.COM.BR;(11) 5105-4200;;ATIVA;;;;;
99999999999976;;;INSTITUTO BRASILEIRO DE ADMINISTRAÇÃO HOSPITALAR;;;;;;;;;;;;;;;;;;
99999999999975;;;INSTITUTO BRASILEIRO DE DESENVOLVIMENTO SOCIAL;;;;;;;;;;;;;;;;;;
99999999999974;;;INSTITUTO BRASILEIRO DE GESTÃO HOSPITALAR – IBGH;;;;;;;;;;;;;;;;;;
99999999999973;;;INSTITUTO BRASILEIRO DE SAUDE, ENSINO, PESQUISA E EXTENSAO PARA O DESENVOLVIMENTO HUMANO;;;;;;;;;;;;;;;;;;
99999999999972;;;INSTITUTO FERNANDO FILGUEIRAS;;;;;;;;;;;;;;;;;;
99999999999971;;;IGH - INSTITUTO DE GESTÃO E HUMANIZAÇÃO;;;;;;;;;;;;;;;;;;
99999999999970;;;INSTITUTO DOS LAGOS - ILR;;;;;;;;;;;;;;;;;;
99999999999969;;;INSTITUTO MANIA SCHMITT – IMAS;;;;;;;;;;;;;;;;;;
99999999999968;;;INCS - INSTITUTO NACIONAL DE CIENCIAS DA SAUDE;;;;;;;;;;;;;;;;;;
99999999999967;;;INSTITUTO NACIONAL DE DESENVOLVIMENTO SOCIOAL E HUMANO-INDSH;;;;;;;;;;;;;;;;;;
99999999999966;;;INSTITUTO NACIONAL DE PESQUISA E GESTAO EM SAUDE - INSAUDE;;;;;;;;;;;;;;;;;;
99999999999965;;;INSTITUTO PERNAMBUCANO DE ASSISTÊNCIA E SAÚDE;;;;;;;;;;;;;;;;;;
99999999999964;;;INSTITUTO DE PSICOLOGIA CLÍNICA EDUCACIONAL E PROFISSIONAL;;;;;;;;;;;;;;;;;;
99999999999963;;;INSTITUTO PANAMERICANO DE GESTÃO;;;;;;;;;;;;;;;;;;
99999999999962;;;INSTITUTO SAÚDE E CIDADANIA;;;;;;;;;;;;;;;;;;
99999999999961;;;IRMANDADE DA SANTA CASA DE MISERICÓRDIA DE SÃO PAULO;;;;;;;;;;;;;;;;;;
99999999999960;;;INSTITUTO SÓCRATES GUANAES;;;;;;;;;;;;;;;;;;
99999999999959;;;OBRAS SOCIAIS IRMÃ DULCE;;;;;;;;;;;;;;;;;;
99999999999958;;;ASSOCIAÇÃO DA IRMANDADE DA SANTA CASA DE MISERICÓRDIA DE PACAEMBU;;;;;;;;;;;;;;;;;;
99999999999957;;;PRÓ-SAÚDE;;;;;;;;;;;;;;;;;;
99999999999956;;;SBDC;;;;;;;;;;;;;;;;;;
99999999999955;;;SOCIEDADE BENEFICENTE ISRAELITA BRASILEIRA HOSPITAL ALBERT EINSTEIN;;;;;;;;;;;;;;;;;;
99999999999954;;;SERVIÇO SOCIAL DA CONSTRUÇÃO CIVIL DO ESTADO DE SÃO PAULO - SECONCI;;;;;;;;;;;;;;;;;;
99999999999953;;;SM - ASSESSORIA EMPRESARIAL E GESTÃO HOSPITALAR LTDA;;;;;;;;;;;;;;;;;;
99999999999952;;;ASSOCIAÇÃO PAULISTA PARA O DESENVOLVIMENTO DA MEDICINA - SPDM;;;;;;;;;;;;;;;;;;
99999999999951;;;INSTITUTO UNIR - UNIR;;;;;;;;;;;;;;;;;;
99999999999950;;;VIVA RIO;;;;;;;;;;;;;;;;;;
23921007000141;MATRIZ;01/06/2016;SPE SAUDE PRIMARIA BH S.A.;;205-4 - Sociedade Anônima Fechada;R MARIA ABDALA IBRAHIM;777;;31.320-270;ENGENHO NOGUEIRA;BELO HORIZONTE;MG;;(31) 9999-9999;;ATIVA;06/01/2016;;;;77717352.0
42670386000199;MATRIZ;07/12/2021;VITACARE SERVICOS EM SAUDE LTDA.;;206-2 - Sociedade Empresária Limitada;RUA DOIS DE NOVEMBRO;81;;37.175-000;CENTRO;ILICINEA;MG;financeiro@vitacaresaude.com.br;(35) 9988-6851;;ATIVA;12/07/2021;;;;172000.0
21873611000114;MATRIZ;02/12/2015;EMPRESA CUIABANA DE SAUDE PUBLICA;EMPRESA CUIABANA DE SAUDE PUBLICA;201-1 - Empresa Pública;AVENIDA SAO SEBASTIAO;3300;;78.045-000;SANTA HELENA;CUIABA;MT;financas.ecsp@cuiaba.mt.gov.br;(65) 3313-0701 / (65) 9263-3839;;ATIVA;10/06/2022;;;;100000.0
14736446000193;MATRIZ;12/02/2011;C I S CENTRO INTEGRADO EM SAUDE LTDA;C I S CENTRO INTEGRADO EM SAUDE;206-2 - Sociedade Empresária Limitada;RUA MANOEL DA SILVA MACHADO;554;;86.350-000;CENTRO;SANTA MARIANA;PR;financeiro@cissaude.com.br;(43) 3037-5465 / (43) 8830-4694 / (43) 3523-1431;;ATIVA;02/12/2011;;;;10000000.0
27745971000117;MATRIZ;05/04/2018;HOPLON SERVICOS DE SAUDE LTDA;HOPLON SERVICOOS DE SAUDE;206-2 - Sociedade Empresária Limitada;RUA JOAQUIM CORREA DE MELLO;3119;;89.618-000;SAO CARLOS;MONTE CARLO;SC;hoplonsc@gmail.com;(49) 3546-0546;;ATIVA;16/05/2017;;;;50000.0
07776237000108;MATRIZ;12/11/2006;FUNDACAO UNIVERSITARIA EVANGELICA;FUNEV;306-9 - Fundação Privada;AVENIDA BRASIL;3.700;;75.083-440;CIDADE UNIVERSITARIA;ANAPOLIS;GO;funev@funev.org.br;(62) 3318-2682 / (62) 3318-1120;;ATIVA;23/12/2005;;;;0.0
15194004000125;MATRIZ;02/11/1969;FUNDACAO JOSE SILVEIRA;;306-9 - Fundação Privada;LD CAMPO SANTO;S/N;;40.210-320;FEDERACAO;SALVADOR;BA;contabilidade@fjs_com.br;(71) 3504-5713/ (71) 8103-8495;;ATIVA;03/11/2005;;;;0.0
05268526000847;FILIAL;08/07/2014;INSTITUTO DE SAUDE E GESTAO HOSPITALAR;HOSPITAL GERAL DR WALDEMAR ALCANTARA;330-1 - Organização Social (OS);R PERGENTINO MAIA;1559;;60.840-045;MESSEJANA;FORTALEZA;CE;auxiliadora@isgh.org,br;(85) 3216-8332/ (85) 3216-8343;;ATIVA;31/08/2012;;;;0.0
05268526000332;FILIAL;01/02/2014;INSTITUTO DE SAUDE E GESTAO HOSPITALAR;UNIDADE PRONTO ATENDIMENTO PRAIA DO FUTURO;330-1 - Organização Social (OS);RUA JULIO SILVA;440;;60.182-435;PRAIA DO FUTURO;FORTALEZA;CE;auxiliadora@isgh.org.br;(85) 3216-8332 / (85) 3216-8334 / (85) 3216-8334;;ATIVA;26/01/2012;;;;0.0
05268526000413;FILIAL;01/02/2014;INSTITUTO DE SAUDE E GESTAO HOSPITALAR;UNIDADE PRONTO ATENDIMENTO AUTRAN NUNES;330-1 - Organização Social (OS);AVENIDA FERNANDES TAVORA;S/N;;60.526-642;AUTRAN NUNES;FORTALEZA;CE;;(85) 3216-8332;;ATIVA;26/01/2012;;;;0.0
05268526000502;FILIAL;01/02/2014;INSTITUTO DE SAUDE E GESTAO HOSPITALAR;UNIDADE DE PRONTO ATENDIMENTO MESSEJANA;330-1 - Organização Social (OS);RUA MIGUEL GURGEL;S/N;;60.871-790;COACU;FORTALEZA;CE;;(85) 3216-8332;;ATIVA;26/01/2012;;;;0.0
05268526000685;FILIAL;01/02/2014;INSTITUTO DE SAUDE E GESTAO HOSPITALAR;UNIDADE DE PRONTO ATENDIMENTO CANINDEZINHO;330-1 - Organização Social (OS);RUA 15;S/N;;60.734-450;PLANALTO VITORIO;FORTALEZA;CE;;(85) 3216-8332;;ATIVA;26/01/2012;;;;0.0
05268526001061;FILIAL;06/05/2014;INSTITUTO DE SAUDE E GESTAO HOSPITALAR;UPA JOSE WALTER;330-1 - Organização Social (OS);AVENIDA PRESIDENTE COSTA E SILVA;S/N;;60.750-022;JOSE WALTER;FORTALEZA;CE;auxiliadora@isgh.org.br;(85) 3216-8332 / (85) 3216-8334 / (85) 3216-8334;;ATIVA;17/06/2013;;;;0.0
05268526001142;FILIAL;07/08/2013;INSTITUTO DE SAUDE E GESTAO HOSPITALAR;UPA CONJUNTO CEARA;330-1 - Organização Social (OS);RUA 860;S/N;;60.532-400;CONJUNTO CEARA;FORTALEZA;CE;auxiliadora@isgh.org.br;(85) 3216-8332 / (85) 3216-8334 / (85) 3216-8334;;ATIVA;08/07/2013;;;;0.0
05268526000251;FILIAL;04/07/2012;INSTITUTO DE SAUDE E GESTAO HOSPITALAR;HOSPITAL REGIONAL DO CARIRI;330-1 - Organização Social (OS);R CATULO DA PAIXAO CEARENSE;S/N;;63.041-162;TRIANGULO;JUAZEIRO DO NORTE;CE;;(85) 3216-8332/ (85) 3216-8334;;ATIVA;19/04/2011;;;;0.0
05268526001657;FILIAL;10/06/2014;INSTITUTO DE SAUDE E GESTAO HOSPITALAR;HOSPITAL REGIONAL DO SERTAO CENTRAL;330-1 - Organização Social (OS);ROD CE 060 KM 198;S/N;;63.800-000;ESTRADA DO ALGODAO;QUIXERAMOBIM;CE;;(85) 3195-2802/ (85) 3195-2701;;ATIVA;06/10/2014;;;;0.0
05268526000766;FILIAL;08/07/2014;INSTITUTO DE SAUDE E GESTAO HOSPITALAR;HOSPITAL REGIONAL NORTE;330-1 - Organização Social (OS);AV JOHN SANFORD;1505;;62.031-305;CIDADE DOUTOR JOSE EUCLIDES FERREIRA GOMES JUNIOR;SOBRAL;CE;nivarda@isgh.org.br;(85) 3195-2802/ (85) 9612-7612;;ATIVA;31/08/2012;;;;0.0
02918347000143;MATRIZ;01/04/1999;FUNDACAO DE APOIO EM GESTAO DE SERVICOS E PROJETOS EM SAUDE DA UNIVERSIDADE FEDERAL DE GOIAS - FAGEP/UFG;FAGEP;306-9 - Fundação Privada;PRIMEIRA AVENIDA;545;;74.605-020;LESTE UNIVERSITARIO;GOIANIA;GO;kelson@fundahc.com.br;(62) 3202-0450/ (62) 9239-6625;;ATIVA;27/08/2005;;;;0.0
22176345000729;FILIAL;01/06/2023;ISSAA-INSTITUTO DE SAUDE SOCIAL E AMBIENTAL DA AMAZONIA;HOSPITAL MATERNO INFANTIL DE BARCARENA DRA ANNA TURAN;330-1 - Organização Social (OS);AVENIDA JOSE PINHEIRO RODRIGUES;258;;68.445-000;CENTRO;BARCARENA;PA;nf-issaa@issaa.org.br;(91) 9123-1576;;BAIXADA;06/05/2025;EXTINÇÃO POR ENCERRAMENTO LIQUIDAÇÃO VOLUNTÁRIA;;;0.0
22176345000303;FILIAL;12/11/2019;ISSAA-INSTITUTO DE SAUDE SOCIAL E AMBIENTAL DA AMAZONIA;POLICLINICA POLI METROPOLITANA;330-1 - Organização Social (OS);TRAVESSA DOUTOR FREITAS;S/N;;66.095-112;MARCO;BELEM;PA;nf-issaa@issaa.org.br;(91) 9123-1576;;ATIVA;11/12/2019;;;;0.0
22176345000567;FILIAL;11/01/2021;ISSAA-INSTITUTO DE SAUDE SOCIAL E AMBIENTAL DA AMAZONIA;HOSPITAL PUBLICO ESTADUAL GALILEU;330-1 - Organização Social (OS);RODOVIA MARIO COVAS;2553;;66.652-000;UNA;BELEM;PA;nf-issaa@issaa.org.br;(91) 9123-1576;;ATIVA;01/11/2021;;;;0.0
22176345000648;FILIAL;05/06/2024;ISSAA-INSTITUTO DE SAUDE SOCIAL E AMBIENTAL DA AMAZONIA;;330-1 - Organização Social (OS);RUA RAIMUNDO VERIDIANO CARDOSO;1008;;68.456-760;BELA VISTA;TUCURUI;PA;nf-issaa@issaa.org.br;(91) 9123-1576;;ATIVA;30/05/2022;;;;0.0
09039744000194;MATRIZ;02/12/1985;FUNDACAO GESTAO HOSPITALAR MARTINIANO FERNANDES - FGH;FGH;306-9 - Fundação Privada;R DOS COELHOS;450;;50.070-615;BOA VISTA;RECIFE;PE;;;;ATIVA;24/09/2005;;;;0.0
09767633000366;FILIAL;12/09/2012;FUNDACAO MANOEL DA SILVA ALMEIDA;HOSPITAL ERMIRIO COUTINHO;306-9 - Fundação Privada;TRAVESSA BANCARIO LEOPOLDINO VIEIRA DE MELO;S/N;;55.800-000;CENTRO;NAZARE DA MATA;PE;;(81) 8612-6525;;ATIVA;21/12/2011;;;;0.0
92898550000350;FILIAL;04/11/1999;FUNDACAO UNIVERSITARIA DE CARDIOLOGIA EM RECUPERACAO JUDICIAL;HOSPITAL PADRE JEREMIAS;306-9 - Fundação Privada;RUA MARIO QUINTANA;SN;;94.910-030;PRQ DA NATRIZ PDA 57;CACHOEIRINHA;RS;;(051) 4692-361;;ATIVA;03/11/2005;;;;0.0
46230439000888;FILIAL;07/03/2008;FUNDACAO PARA O DESENVOLVIMENTO MEDICO E HOSPITALAR;AMBULATORIO MEDICO DE ESPECIALIDADES DE BAURU;306-9 - Fundação Privada;RUA RUBENS ARRUDA;QD. 7;;17.015-110;CENTRO;BAURU;SP;orlatofamesp@fmb.unesp.br;(14) 3815-2680 / (14) 3815-2620 / (14) 3882-1885;;ATIVA;03/07/2008;;;;0.0
49150352004371;FILIAL;10/01/2024;FUNDACAO PIO XII;HOSPITAL REGIONAL DE BEBEDOURO;306-9 - Fundação Privada;AVENIDA JOSE CUTRALE JUNIOR;4001;;14.701-750;JARDIM CRUZEIRO DO SUL;BEBEDOURO;SP;contabilidade@hcancerbarretos.com.br;(17) 3321-6600;;ATIVA;25/10/2022;;;;0.0
46230439001426;FILIAL;09/02/2015;FUNDACAO PARA O DESENVOLVIMENTO MEDICO E HOSPITALAR;SERVICO DE REABILITACAO LUCY MONTORO DE BOTUCATU;306-9 - Fundação Privada;RODOVIA MARECHAL RONDON;KM 253;;18.607-810;DISTRITO INDUSTRIAL;BOTUCATU;SP;diretoria@famesp.org.br;(14) 3881-4800 / (14) 3815-2680;;ATIVA;26/09/2013;;;;0.0
47969134000855;FILIAL;02/04/2022;FUNDACAO SANTA CASA DE MISERICORDIA DE FRANCA;AMBULATORIO MEDICO DE ESPECIALIDADES - AME CAMPINAS;306-9 - Fundação Privada;AV PREFEITO FARIA LIMA;580;;13.036-220;PARQUE ITALIA;CAMPINAS;SP;provedoria@santacasadefranca.com.br;(16) 3711-4181/ (16) 3711-4196;;ATIVA;28/02/2020;;;;0.0
47969134000774;FILIAL;06/03/2019;FUNDACAO SANTA CASA DE MISERICORDIA DE FRANCA;AMBULATORIO MEDICO DE ESPECIALIDADES - AME CASA BRANCA;306-9 - Fundação Privada;R PEDRO DE TOLEDO;48;;13.700-000;CENTRO;CASA BRANCA;SP;controladoria@ossfranca.org.br;(16) 3707-4433;;ATIVA;03/06/2019;;;;0.0
47074851001548;FILIAL;05/12/2011;FUNDACAO PADRE ALBINO;AMBULATORIO MEDICO DE ESPECIALIDADES - CATANDUVA;306-9 - Fundação Privada;RUA CASCATA;825;;15.809-090;PARQUE IRACEMA;CATANDUVA;SP;fpa@padrealbino.com.br;(17) 3311-1100 / (17) 3311-3201;;ATIVA;12/05/2011;;;;0.0
60003761002334;FILIAL;09/02/2024;FUNDACAO FACULDADE REGIONAL DE MEDICINA S J RIO PRETO;AMB MED ESPEC DR. OSMAR ALMEIDA LUZ - AME FERNANDOPOLIS;306-9 - Fundação Privada;AVENIDA MILTON TERRA VERDI;419;;15.607-016;JARDIM AMERICA;FERNANDOPOLIS;SP;diretoria@hospitaldebase.com.br;(17) 3201-5033 / (17) 3201-5193 / (17) 3201-5017;;ATIVA;26/09/2022;;;;0.0
60003761002253;FILIAL;09/02/2024;FUNDACAO FACULDADE REGIONAL DE MEDICINA S J RIO PRETO;SERVICO DE REABILITACAO LUCY MONTORO - FERNANDOPOLIS;306-9 - Fundação Privada;AVENIDA MILTON TERRA VERDI;451;;15.607-016;JARDIM AMERICA;FERNANDOPOLIS;SP;diretoria@hospitaldebase.com.br;(17) 3201-5017 / (17) 3201-5033 / (17) 3201-5193;;ATIVA;26/09/2022;;;;0.0
47969134000421;FILIAL;08/06/1989;FUNDACAO SANTA CASA DE MISERICORDIA DE FRANCA;AMBULATORIO MEDICO DE ESPECIALIDADE (AME FRANCA);306-9 - Fundação Privada;RUA DR ALCINDO CONRADO;1395;;14.400-902;CENTRO;FRANCA;SP;;;;ATIVA;03/11/2005;;;;0.0
46230439001000;FILIAL;07/03/2008;FUNDACAO PARA O DESENVOLVIMENTO MEDICO E HOSPITALAR;AMBULATORIO MEDICO DE ESPECIALIDADES DE ITAPETININGA;306-9 - Fundação Privada;R PEDRO MARQUES;723;;18.200-270;CENTRO;ITAPETININGA;SP;orlatofamesp@fmb.unesp.br;(14) 3815-2680/ (14) 3815-2680;;ATIVA;03/07/2008;;;;0.0
47969134001231;FILIAL;08/01/2023;FUNDACAO SANTA CASA DE MISERICORDIA DE FRANCA;AME RIBEIRAO PRETO;306-9 - Fundação Privada;RUA VISCONDE DE INHOMIRIM;1050;;14.030-490;VILA VIRGINIA;RIBEIRAO PRETO;SP;controladoria@ossfranca.org.br;(16) 3707-4433;;ATIVA;01/08/2023;;;;0.0
57722118000221;FILIAL;02/02/2011;FUND DE APOIO AO ENSINO PESQ E ASSISTENCIA HCFMRPUSP;HOSPITAL ESTADUAL RIBEIRAO PRETO - HERP;306-9 - Fundação Privada;AV INDEPENDENCIA;4750;;14.026-160;JARDIM CALIFORNIA;RIBEIRAO PRETO;SP;rosorio@hcrp.fmrp.usp.br;(16) 3602-2872/ (16) 3602-2158;;ATIVA;02/02/2011;;;;0.0
56577059001092;FILIAL;05/05/2010;FUNDACAO FACULDADE DE MEDICINA;INSTITUTO DE REABILITACAO LUCY MONTORO;306-9 - Fundação Privada;R JANDIATUBA;580;;05.716-150;VILA ANDRADE;SAO PAULO;SP;geral@ffm.br;(11) 3016-5718;;ATIVA;05/05/2010;;;;0.0
57722118000736;FILIAL;06/02/2021;FUND DE APOIO AO ENSINO PESQ E ASSISTENCIA HCFMRPUSP;HOSPITAL ESTADUAL DE SERRANA;306-9 - Fundação Privada;R NOSSA SENHORA DAS DORES;SN;;14.150-000;CENTRO;SERRANA;SP;luciana@faepa.br;(16) 3505-8197/ (16) 3505-8166;;ATIVA;26/06/2019;;;;0.0
47969134000693;FILIAL;07/03/2017;FUNDACAO SANTA CASA DE MISERICORDIA DE FRANCA;AMBULATORIO MEDICO DE ESPECIALIDADE (AME TAQUARITINGA);306-9 - Fundação Privada;AVENIDA JOAO DE JORGE;221;;15.900-102;VILA ROSA;TAQUARITINGA;SP;contabilidade@santacasadefranca.com.br;(16) 3711-4196;;ATIVA;03/07/2017;;;;0.0
46230439000969;FILIAL;07/03/2008;FUNDACAO PARA O DESENVOLVIMENTO MEDICO E HOSPITALAR;AMBULATORIO MEDICO DE ESPECIALIDADES DE TUPA;306-9 - Fundação Privada;R MANDAGUARIS;970;;17.606-135;CENTRO;TUPA;SP;orlatofamesp@fmb.unesp.br;(14) 3815-2680/ (14) 3815-2680;;ATIVA;03/07/2008;;;;0.0
05413531000200;FILIAL;12/09/2008;FUNDACAO ABM DE PESQUISA E EXTENSAO NA AREA DA SAUDE - FABAMED;FUNDACAO ABM;306-9 - Fundação Privada;RUA LUIZ VIANA FILHO;S/N;;47.100-000;ROSARIO;BARRA;BA;administrativo@fabamed.org.br;(71) 3033-4507;;ATIVA;21/12/2007;;;;0.0
08635905000140;MATRIZ;12/08/2007;REDE ABERTA DAS ORGANIZACOES DA SOCIEDAE CIVIL ORGANIZADA DE CAMACARI;ISIBA - INSTITUTO SAUDE INTEGRADA DA BAHIA;330-1 - Organização Social (OS);R TRES DO CANAL;35;;42.803-790;GLEBA A;CAMACARI;BA;siscon@siscon-ba.com.br;(71) 3627-2903;;ATIVA;20/12/2006;;;;0.0
05268526000170;MATRIZ;07/11/2002;INSTITUTO DE SAUDE E GESTAO HOSPITALAR;ISGH;330-1 - Organização Social (OS);R SOCORRO GOMES;190;;60.843-070;GUAJERU;FORTALEZA;CE;auxiliadora@isgh.org.br;(85) 3216-8332/ (85) 3216-8334;;ATIVA;11/07/2002;;;;0.0
06746713000185;MATRIZ;09/10/1987;FUNDACAO LEANDRO BEZERRA DE MENEZES;FUNDACAO LEANDRO BEZERRA;306-9 - Fundação Privada;RUA SAO PEDRO;3000;;63.050-270;SANTA TERESA;JUAZEIRO DO NORTE;CE;contabil@fundacaolbm.com.br;(88) 3512-2706;;ATIVA;03/11/2005;;INTERVENCAO;26/10/2021;0.0
22564221000125;MATRIZ;05/04/2017;ASSOCIACAO BENEFICENTE JOAO PAULO II;CHS - JOAO PAULO II;330-1 - Organização Social (OS);RODOVIA PE 60, KM 72,5;S/N;;55.560-000;CENTRO;BARREIROS;PE;pparaiso@gmailceijoaopauloii.org.br;(81) 9667-4031;;ATIVA;28/05/2015;;;;0.0
25763673001287;FILIAL;05/10/2021;FUNDACAO DE ASSISTENCIA ESTUDO E PESQUISA DE UBERLANDIA;FAEPU - UNIDADE ARAGUARI;306-9 - Fundação Privada;RUA SEBASTIAO NAVES;550;;38.444-124;MIRANDA;ARAGUARI;MG;hpjf.gerenciageral@faepu.org.br;(34) 3512-3910 / (34) 9926-7896;;ATIVA;10/05/2021;;;;0.0
22012907000103;MATRIZ;02/06/2015;SERVICO SOCIAL AUTONOMO HOSPITAL METROPOLITANO DOUTOR CELIO DE CASTRO;HOSPITAL METROPOLITANO DOUTOR CELIO DE CASTRO - HMDCC;307-7 - Serviço Social Autônomo;R DONA LUIZA;311;;30.620-090;MILIONARIOS (BARREIRO);BELO HORIZONTE;MG;contabilidade@hmdcc.com.br;(31) 3472-4000;;ATIVA;09/02/2015;;;;0.0
25763673000981;FILIAL;01/01/2014;FUNDACAO DE ASSISTENCIA ESTUDO E PESQUISA DE UBERLANDIA;FAEPU - UNIDADE CAPINOPOLIS;306-9 - Fundação Privada;AVENIDA 107;653;;38.360-000;CAMPOS ELISEOS;CAPINOPOLIS;MG;hospitalcapinopolis@faepu.org.br;(34) 3263-3035 / (34) 3263-3028 / (34) 3212-1812;;ATIVA;25/01/2012;;;;0.0
19878404002740;FILIAL;03/04/2018;FUNDACAO SAO FRANCISCO XAVIER;FSFX O.S.S. HOSPITAL MUNICIPAL CARLOS CHAGAS;306-9 - Fundação Privada;CHACARA FERNANDO JARDIM;555;;35.900-595;CAMPESTRE;ITABIRA;MG;hmcc-gersecaocontabilidade@fsfx.com.br;(31) 3839-1629 / (31) 3830-5093;;ATIVA;28/03/2016;;;;0.0
20054326000109;MATRIZ;05/03/1984;FUNDACAO DE ENSINO E PESQUISA DE UBERABA;FUNEPU;306-9 - Fundação Privada;RUA CONDE DE PRADOS;211;;38.025-260;NOSSA SENHORA DA ABADIA;UBERABA;MG;funepu@funepu.com.br;(34) 3319-7600 / (34) 3319-7621;;ATIVA;03/11/2005;;;;0.0
25763673000124;MATRIZ;03/09/1968;FUNDACAO DE ASSISTENCIA ESTUDO E PESQUISA DE UBERLANDIA;FAEPU;306-9 - Fundação Privada;R PEDRO QUIRINO DA SILVA;1154;;38.405-323;UMUARAMA;UBERLANDIA;MG;contabilidade@faepu.org.br;(34) 3218-6440/ (34) 3218-6415;;ATIVA;24/09/2005;;;;0.0
09039744001832;FILIAL;06/01/2021;FUNDACAO GESTAO HOSPITALAR MARTINIANO FERNANDES - FGH;HECPI;306-9 - Fundação Privada;AV RECIFE;810;;50.781-000;AREIAS;RECIFE;PE;fpmf@fpmf.org.br;(81) 2122-4772;;ATIVA;01/06/2021;;;;0.0
09039744001913;FILIAL;06/01/2023;FUNDACAO GESTAO HOSPITALAR MARTINIANO FERNANDES - FGH;UPAE MUSTARDINHA;306-9 - Fundação Privada;R MAJOR MARIO PORTELA;279;;50.760-090;BONGI;RECIFE;PE;fgh@fgh.org.br;(81) 3787-8788/ (81) 3787-8786;;ATIVA;01/06/2023;;;;0.0
14287803000183;MATRIZ;09/08/2011;INSTITUTO DE SAUDE DE AMPERE - ISA;HOSPITAL E MATERNIDADE SANTA RITA;330-1 - Organização Social (OS);RUA VISCONDE DE GUARAPUAVA;580;;85.640-000;SAO FRANCISCO;AMPERE;PR;hospitalsantarita@hotmail.com;(46) 3547-1000;;ATIVA;08/09/2011;;;;0.0
09444759000138;MATRIZ;01/01/2010;SERVICO SOCIAL AUTONOMO HOSPITAL ALCIDES CARNEIRO;HOSPITAL DE ENSINO ALCIDES CARNEIRO;307-7 - Serviço Social Autônomo;R VIGARIO CORREA;1345;;25.720-322;CORREAS;PETROPOLIS;RJ;contabilidade@alcidescaneiro.com;(24) 2236-6600/ (24) 2236-6682;;ATIVA;01/02/2022;;;;0.0
32354011000166;MATRIZ;11/02/1969;FUNDACAO EDUCACIONAL D ANDRE ARCOVERDE;;306-9 - Fundação Privada;R SARGENTO VICTOR HUGO;161;;27.600-000;FATIMA;VALENCA;RJ;faa@faa.edu.br;(024) 2453-1888;;ATIVA;24/09/2005;;;;0.0
92815000000168;MATRIZ;03/01/1968;IRMANDADE DA SANTA CASA DE MISERICORDIA DE PORTO ALEGRE;;306-9 - Fundação Privada;R PROF ANNES DIAS;295;;90.020-090;CENTRO;PORTO ALEGRE;RS;;(51) 3213-7309/ (51) 3214-8360;;ATIVA;10/07/2004;;;;0.0
07506563000103;MATRIZ;07/08/2006;CORPO DE BOMBEIROS VOLUNTARIO DE TAPES;;306-9 - Fundação Privada;R OSCAR MATZEMBACKER;571;;96.760-000;VILA BORGES;TAPES;RS;;(51) 9734-7695;;ATIVA;20/07/2005;;;;0.0
04008342000451;FILIAL;02/04/2016;FUNDACAO VALE DO TAQUARI DE EDUCACAO E DESENVOLVIMENTO SOCIAL - FUVATES;SAUDE UNIVATES;306-9 - Fundação Privada;AVENIDA ALBERTO MULLER;1000;;95.913-528;CARNEIROS;LAJEADO;RS;contabilidade@univates.br;(51) 3714-7000;;ATIVA;04/02/2016;;;;0.0
83661074000104;MATRIZ;04/02/1969;FUNDACAO EDUCACIONAL DE CRICIUMA;UNIVERSIDADE DO EXTREMO SUL CATARINENSE - UNESC;306-9 - Fundação Privada;AV UNIVERSITARIA;1105;;88.806-000;UNIVERSITARIO;CRICIUMA;SC;reitoria@unesc.net;(0048) 0431-2500;;ATIVA;03/11/2005;;;;0.0
47957667000140;MATRIZ;03/07/1968;FUNDACAO ESPIRITA ALLAN KARDEC;;306-9 - Fundação Privada;RUA JOSE MARQUES GARCIA;675;;14.401-080;CIDADE NOVA;FRANCA;SP;;;;ATIVA;18/10/2003;;;;0.0
13370183000189;MATRIZ;03/03/2012;FUNDACAO HOSPITAL SANTA LYDIA;HOSPITAL SANTA LYDIA;306-9 - Fundação Privada;R TAMANDARE;434;;14.085-070;CAMPOS ELISEOS;RIBEIRAO PRETO;SP;contato@acpassessoriaempresarial.com.br;(16) 3605-4848/ (16) 3289-7701;;ATIVA;15/03/2011;;;;0.0
57722118000140;MATRIZ;11/06/1989;FUND DE APOIO AO ENSINO PESQ E ASSISTENCIA HCFMRPUSP;FAEPA;306-9 - Fundação Privada;AV BANDEIRANTES;3900;;14.048-900;VILA MONTE ALEGRE;RIBEIRAO PRETO;SP;contato@faepa.br;(16) 3505-8101;;ATIVA;25/02/2001;;;;0.0
60003761001362;FILIAL;01/01/2018;FUNDACAO FACULDADE REGIONAL DE MEDICINA S J RIO PRETO;ARQUIVO DE INATIVOS - FUNFARME;306-9 - Fundação Privada;RUA JOAQUIM DE SOUZA BARBEIRO;240;;15.090-160;CHACARA MUNICIPAL;SAO JOSE DO RIO PRETO;SP;diretoria@hospitaldebase.com.br;(17) 3201-5017 / (17) 3201-5033 / (17) 3201-5032;;ATIVA;25/01/2016;;;;0.0
43535210000197;MATRIZ;12/07/1967;IRMANDADE DA SANTA CASA DE ANDRADINA;SANTA CASA;399-9 - Associação Privada;AVENIDA GUANABARA;730;;16.901-000;CENTRO;ANDRADINA;SP;;;;ATIVA;28/07/1998;;INTERVENCAO;23/05/2023;0.0
72747967000142;MATRIZ;06/12/1972;SANTA CASA DE MISER DA IRSENHOR DOS PASSOS DE UBATUBA;SANTA CASA DE UBATUBA;399-9 - Associação Privada;R CONCEICAO;135;;11.680-000;CENTRO;UBATUBA;SP;contabilidade@santacasaubatuba.org.br;(12) 3832-7262/ (12) 3832-7266;;ATIVA;03/11/2005;;INTERVENCAO;16/02/2018;0.0
02744384000182;MATRIZ;07/04/2000;FIBRA INSTITUTO DE GESTAO E SAUDE;FIBRA - OS/RIO;399-9 - Associação Privada;RUA LUCIO DE MENDONCA;43;;20.270-040;MARACANA;RIO DE JANEIRO;RJ;serralopes@uol.com.br;(21) 2224-6053 / (21) 2224-7798 / (21) 2507-1294;;INAPTA;11/09/2018;OMISSÃO DE DECLARAÇÕES;;;0.0
66518267002208;FILIAL;11/03/2021;CENTRO DE ESTUDOS E PESQUISAS DR JOAO AMORIM;HOSP EST PROF CARLOS DA SILVA LACAZ - FRANCISCO MORATO;399-9 - Associação Privada;VIA DE ACESSO MANOEL SILVERIO PINTO;125;;07.901-155;BELEM ESTACAO;FRANCISCO MORATO;SP;fiscal@cejam.org.br;(11) 3469-1818;;SUSPENSA;29/04/2025;PEDIDO DE BAIXA INDEFERIDA;;;0.0
02954994000372;FILIAL;03/04/2021;ANAESP - ASSOCIACAO NACIONAL DE APOIO AO ENSINO, SAUDE E POLITICAS PUBLICAS DE DESENVOLVIMENTO;MED HOSPITAL;399-9 - Associação Privada;RUA KONRAD ADENAUER;26;;29.304-501;SUMARE;CACHOEIRO DE ITAPEMIRIM;ES;medhospital@anaesp.org.br;(28) 3344-1370;;ATIVA;16/03/2020;;;;0.0
09055340000275;FILIAL;01/09/2019;ASSOCIACAO DE SAUDE, ESPORTE, LAZER E CULTURA - ASELC;HOSPITAL REGIONAL PUBLICO DO ARAGUAIA - HRPA;399-9 - Associação Privada;AV BRASIL;4244;;68.552-735;PARK DOS BURITIS;REDENCAO;PA;financeiro.hrpa@aselc.org.br;(94) 3424-9500;;ATIVA;09/01/2019;;;;0.0
23453830000765;FILIAL;07/04/2014;INSTITUTO NACIONAL DE DESENVOLVIMENTO SOCIAL E HUMANO - INDSH;HOSPITAL GERAL DE TAILANDIA;399-9 - Associação Privada;AVENIDA FLORIANOPOLIS;S/N;;68.695-000;BAIRRO NOVO;TAILANDIA;PA;fiscal.hgt@indsh.org.br;(11) 3672-5136 / (11) 3675-0637 / (11) 3672-5136;;ATIVA;16/07/2013;;;;0.0
33981408000140;MATRIZ;09/05/1970;INSTITUTO POSITIVA SOCIAL;;399-9 - Associação Privada;R MARIA EUGENIA;138;;22.261-080;HUMAITA;RIO DE JANEIRO;RJ;contato@positiva.org.br;;;ATIVA;23/10/2004;;;;0.0
61699567002640;FILIAL;03/06/2012;SPDM - ASSOCIACAO PAULISTA PARA O DESENVOLVIMENTO DA MEDICINA;HOSPITAL E MATERNIDADE DR. ODELMO LEAO CARNEIRO;399-9 - Associação Privada;R MATA DOS PINHAIS;410;;38.410-651;JARDIM BOTANICO;UBERLANDIA;MG;nfe.serv@hmmdolc.spdm.org.br;(34) 3253-5665;;ATIVA;30/03/2010;;;;0.0
08563756000150;MATRIZ;12/03/2008;ASSOCIACAO NOSSA SENHORA DA SAUDE;ASSOCIACAO NOSSA SENHORA DA SAUDE;399-9 - Associação Privada;RUA 16 DE OUTUBRO;161;;69.901-200;QUINZE;RIO BRANCO;AC;toinhaac@hotmail.com;(68) 9971-3992 / (68) 3244-1987 / (68) 3244-1987;;ATIVA;27/12/2006;;;;0.0
15170723000106;MATRIZ;03/05/1968;LIGA ALVARO BAHIA CONTRA A MORTALIDADE INFANTIL;;399-9 - Associação Privada;R JOSE DUARTE;114;;40.050-050;TORORO;SALVADOR;BA;fiscal@martagaogesteira.org.br;(71) 3324-9700/ (71) 3324-9763;;ATIVA;14/07/2001;;;;0.0
13824560000102;MATRIZ;04/11/1975;SANTA CASA DE MISERICORDIA DE OLIVEIRA DOS CAMPINHOS - INSV - INSTITUTO DE SAUDE NOSSA SENHORA DA VITORIA;INSV - INSTITUTO DE SAUDE NOSSA SENHORA DA VITORIA;399-9 - Associação Privada;R SEBASTIAO DIAS;S N;;44.200-000;CAMPINHOS;SANTO AMARO;BA;estruturacontabil@hotmail.com;(71) 9979-7772;;ATIVA;28/08/2004;;;;0.0
28127926000161;MATRIZ;08/05/1966;ASSOCIACAO EVANGELICA BENEFICENTE ESPIRITO-SANTENSE - AEBES;HOSPITAL EVANGELICO DE VILA VELHA;399-9 - Associação Privada;R VENUS;SN;;29.118-060;ALECRIM;VILA VELHA;ES;;(027) 2121-3777;;ATIVA;21/07/1998;;;;0.0
12053184000307;FILIAL;05/09/2018;INSTITUTO CEM;INSTITUTO CEM;399-9 - Associação Privada;AVENIDA ULISSES GUIMARAES;2;;76.383-637;JARDIM ESPERANCA;GOIANESIA;GO;contato@institutocem.org.br;(62) 3157-0732;;ATIVA;09/05/2018;;;;0.0
05029600000368;FILIAL;07/06/2016;ASSOCIACAO DE GESTAO, INOVACAO E RESULTADOS EM SAUDE;HUGOL;399-9 - Associação Privada;AV ANHANGUERA;14527;;74.463-350;SETOR SANTOS DUMONT;GOIANIA;GO;jorgenunes@agirgo.org.br;(62) 3995-5455/ (62) 3995-5410;;ATIVA;30/07/2014;;;;0.0
03254082002302;FILIAL;04/06/2023;INSTITUTO ACQUA - ACAO, CIDADANIA, QUALIDADE URBANA E AMBIENTAL;HOSPITAL REGIONAL COSTA LESTE MAGID THOME;399-9 - Associação Privada;ANEL VIARIO ENGENHEIRO SAMIR THOME;S/N;;79.648-000;DISTRITO INDUSTRIAL VARGINHA;TRES LAGOAS;MS;documentacao@institutoacqua.org.br;(11) 4823-1800 / (11) 4825-2008;;ATIVA;18/04/2022;;;;0.0
03254082002485;FILIAL;01/11/2023;INSTITUTO ACQUA - ACAO, CIDADANIA, QUALIDADE URBANA E AMBIENTAL;HOSPITAL REGIONAL PUBLICO DA TRANSAMAZONICA;399-9 - Associação Privada;AV BRIGADEIRO EDUARDO GOMES;S/N;;68.371-970;SAO SEBASTIAO;ALTAMIRA;PA;documentacao@institutoacqua.org.br;(11) 4823-1800;;ATIVA;11/01/2023;;;;0.0
23453830001575;FILIAL;08/02/2017;INSTITUTO NACIONAL DE DESENVOLVIMENTO SOCIAL E HUMANO - INDSH;HOSPITAL JEAN BITAR;399-9 - Associação Privada;RUA CONEGO JERONIMO PIMENTEL;543;;66.055-000;UMARIZAL;BELEM;PA;fiscal.hjb@indsh.org.br;(11) 3672-5136 / (11) 2853-9893 / (11) 3672-5207;;ATIVA;26/08/2015;;;;0.0
09055340000356;FILIAL;02/11/2022;ASSOCIACAO DE SAUDE, ESPORTE, LAZER E CULTURA - ASELC;HOSPITAL REGIONAL PUBLICO DE CASTANHAL;399-9 - Associação Privada;AV DOS UNIVERSITARIOS;3035;;68.746-360;JADERLANDIA;CASTANHAL;PA;financeiro.hrpc@aselc.org.br;(91) 2121-3695;;ATIVA;23/02/2021;;;;0.0
18963002000907;FILIAL;05/10/2021;INSTITUTO SOCIAL MAIS SAUDE;HOSPITAL REGIONAL PUBLICO DO TAPAJOS;399-9 - Associação Privada;AVENIDA MARECHAL RONDON;S/N;;68.180-610;LIBERDADE;ITAITUBA;PA;nfe@institutomaissaude.org.br;(11) 4367-3240;;ATIVA;10/05/2021;;;;0.0
10946361001231;FILIAL;03/05/2024;INSTITUTO DIRETRIZES;HOSPITAL REGIONAL PUBLICO DE PARAGOMINAS;399-9 - Associação Privada;R ADELAIDE BERNADETE;S/N;;68.627-454;NOVA CONQUISTA;PARAGOMINAS;PA;cadastro@somateccontabilidade.com.br;(11) 3565-3241/ (11) 4227-5078;;ATIVA;29/03/2022;;;;0.0
18963002001202;FILIAL;12/09/2023;INSTITUTO SOCIAL MAIS SAUDE;HOSPITAL REGIONAL DO BAIXO AMAZONAS (HRBA);399-9 - Associação Privada;AVENIDA SERGIO HENN;1100;;68.025-000;DIAMANTINO;SANTAREM;PA;nfe@renovoauditoria.com.br;(11) 3842-1501;;ATIVA;21/12/2022;;;;0.0
10946361000855;FILIAL;07/02/2020;INSTITUTO DIRETRIZES;HOSPITAL REGIONAL DE TUCURUI;399-9 - Associação Privada;AVENIDA AMAZONIDAS;SN;;68.455-664;VILA PERMANENTE;TUCURUI;PA;cadastro@somateccontabilidade.com.br;(11) 3565-3241 / (11) 3565-3242 / (11) 4227-7600;;ATIVA;02/07/2020;;;;0.0
10583920000133;MATRIZ;01/03/1969;HOSPITAL DO TRICENTENARIO;;399-9 - Associação Privada;R FARIAS NEVES SOBRINHO;232;;53.120-420;BAIRRO NOVO;OLINDA;PE;fiscal@htri.org.br;(81) 3429-2622;;ATIVA;24/09/2005;;;;0.0
10894988000133;MATRIZ;07/11/1967;SOCIEDADE PERNAMBUCANA DE COMBATE AO CANCER;HOSPITAL DE CANCER DE PERNAMBUCO;399-9 - Associação Privada;AV CRUZ CABUGA;1597;;50.040-000;SANTO AMARO;RECIFE;PE;;;;ATIVA;03/11/2005;;;;0.0
11754025000105;MATRIZ;04/02/1968;ASSOC DE PROT A MATERNIDADE E A INFANCIA DE SURUBIM;HOSPITAL SAO LUIZ;399-9 - Associação Privada;RUA MARIA BARBOSA;S N;;55.750-000;;SURUBIM;PE;;;;ATIVA;24/09/2005;;;;0.0
07995466000113;MATRIZ;04/03/2008;ASSOCIACAO PIAUIENSE DE HABILITACAO, REABILITACAO, READAPTACAO - ASSOCIACAO REABILITAR;ASSOCIACAO REABILITAR;399-9 - Associação Privada;AVENIDA HIGINIO CUNHA;1515;;64.014-220;ILHOTAS;TERESINA;PI;ceir@ceir.org.br;(86) 3198-1500;;ATIVA;27/04/2006;;;;0.0
04994418000201;FILIAL;01/06/2016;ASSOCIACAO HOSPITALAR VILA NOVA;HOSPITAL DE CHARQUEADAS;399-9 - Associação Privada;ESTRADA RS 401;1754;;96.745-000;NOSSA SENHORA DA CONCEICAO;CHARQUEADAS;RS;administracao@ahvn.com.br;(51) 3245-8933;;ATIVA;10/05/2018;;;;0.0
44563716000687;FILIAL;07/12/2021;INSTITUTO NACIONAL DE PESQUISA E GESTAO EM SAUDE - INSAUDE;HOSPITAL REGIONAL DR. CLODOLFO RODRIGUES DE MELLO;399-9 - Associação Privada;AVENIDA JOAO AGOSTINHO;SN;;57.500-000;SANTO ANTONIO;SANTANA DO IPANEMA;AL;contato@insaude.org.br;(11) 2157-0018 / (11) 3368-7063;;ATIVA;08/05/2017;;;;0.0
24301008000156;MATRIZ;02/12/2015;FUNDACAO GONCALVES E SAMPAIO;FTM - FUNDACAO TERRA MAE;399-9 - Associação Privada;RUA PAU BRASIL;SN;;45.880-000;LOTEAMENTO NOVA IPANEMA;CAMACAN;BA;gestao.contratos@ftmsaude.org;(71) 3341-2462;;ATIVA;08/01/2016;;;;0.0
15153745000168;MATRIZ;12/02/2011;SANTA CASA DE MISERICORDIA DA BAHIA;MATRIZ - SANTA CASA DE MISERICORDIA DA BAHIA;399-9 - Associação Privada;AV JOANA ANGELICA;79;;40.050-001;NAZARE;SALVADOR;BA;contabilidade@santacasaba.org.br;(71) 2203-9666;;ATIVA;02/10/2004;;;;0.0
13609281000126;MATRIZ;05/04/2018;INSTITUTO DE GESTAO E PROMOCAO A SAUDE E TECNOLOGIA- IPS;INSTITUTO DE PROMOCAO A SAUDE;399-9 - Associação Privada;R JOSE VILAR;3080;;60.125-001;DIONISIO TORRES;FORTALEZA;CE;diretoriafinanceira1demaio@gmail.com;(85) 3272-1959/ (85) 3257-9047;;ATIVA;12/04/2011;;;;0.0
31379106000171;MATRIZ;12/11/2006;INSTITUTO DE GESTAO EM SAUDE DO NORDESTE;INSTITUTO DE GESTAO EM SAUDE DO NORDESTE;399-9 - Associação Privada;RUA ANACLETO DE SOUSA MAIA;1131;;62.870-000;BURITI;PACAJUS;CE;contato@ingesne.org.br;(85) 9696-0555;;ATIVA;30/08/2018;;;;0.0
05481950000107;MATRIZ;01/10/1999;INSTITUTO PRAXIS DE EDUCACAO, CULTURA E ACAO SOCIAL;INSTITUTO PRAXIS;399-9 - Associação Privada;AVENIDA FRANCISCO SA;5445;;60.310-002;ALVARO WEYNE;FORTALEZA;CE;;(85) 3261-6030;;ATIVA;06/01/2003;;;;0.0
60975737008721;FILIAL;04/08/2013;SOCIEDADE BENEFICENTE SAO CAMILO;UPA-DR. OLAVO CAVALCANTE CARDOSO;399-9 - Associação Privada;RUA JOELSON SILVA BARROS;795;;63.700-001;CIDADE NOVA;CRATEUS;CE;contabilidade@saocamilocrateus.org.br;(88) 3691-9310;;ATIVA;21/08/2015;;;;0.0
19901155000127;MATRIZ;02/11/1969;INSTITUTO PRO HEMO SAUDE -IPH;INSTITUTO PRO HEMOCE;399-9 - Associação Privada;R CAROLINO DE AQUINO;143;;60.050-140;FATIMA;FORTALEZA;CE;financeiroprohemo@gmail.com;(85) 3034-5035;;ATIVA;05/02/2014;;;;0.0
05312376000155;MATRIZ;08/07/2014;CENTRO DE PESQUISAS EM DOENCAS HEPATO RENAIS DO CEARA;CEPEGE - CENTRO DE PESQUISA E GESTAO;399-9 - Associação Privada;R PROFESSOR COSTA MENDES;1611;;60.430-140;RODOLFO TEOFILO;FORTALEZA;CE;administracao@cpdhrce.com;(85) 3021-5822;;ATIVA;03/11/2005;;;;0.0
61699567009300;FILIAL;01/02/2014;SPDM - ASSOCIACAO PAULISTA PARA O DESENVOLVIMENTO DA MEDICINA;SPDM-PAIS-UNIDADES DE ATENCAO PRIMARIA E ESPECIALIZADA;399-9 - Associação Privada;R 1018 (CONJ. CEARA II);148;;60.532-690;CONJUNTO CEARA II;FORTALEZA;CE;corporativopais@spdm-pais.org.br;(11) 5904-6300;;ATIVA;17/10/2019;;;;0.0
46853264000199;MATRIZ;01/02/2014;INSTITUTO SOCIAL DE DESENVOLVIMENTO EM GESTAO E OPERACIONALIZACAO DA SAUDE, EDUCACAO E ASSISTENCIA SOCIAL;INSTITUTO EVOLUTE;399-9 - Associação Privada;RUA DOUTOR WALDEMAR DE ALCANTARA;1851;;60.833-241;SAPIRANGA / COITE;FORTALEZA;CE;contato@institutoevolute.com.br;(85) 2130-7948;;ATIVA;21/06/2022;;;;0.0
08562903000178;MATRIZ;01/02/2014;INSTITUTO EXCELENCIA DE GESTAO E OPERACIONALIZACAO - IE;INSTITUTO EXCELENCIA-IE;399-9 - Associação Privada;RUA NAPOLEAO BONAPARTE VIANA;14;;61.910-030;LUZARDO VIANA;MARACANAU;CE;contato@institutoexcelencia.org.br;(85) 3341-4192;;ATIVA;14/11/2006;;;;0.0
07206048000108;MATRIZ;01/02/2014;INSTITUTO COMPARTILHA;SAMEAC;399-9 - Associação Privada;RUA LIVIO BARRETO;1264;;60.135-228;DIONISIO TORRES;FORTALEZA;CE;presidencia@institutocompartilha.ngo;(85) 3879-6902 / (85) 8106-5277 / (85) 3879-6902;;ATIVA;03/11/2005;;;;0.0
12955134000145;MATRIZ;06/05/2014;INSTITUTO DIVA ALVES DO BRASIL;IDAB;399-9 - Associação Privada;POV TIMBAUBA;SN;;57.570-000;ZONA RURAL;CACIMBINHAS;AL;contato@idabsocial.org.br;(82) 3025-4114;;ATIVA;03/11/2005;;;;0.0
07609365000167;MATRIZ;07/08/2013;ASSOCIACAO DE PROTECAO E ASSISTENCIA A MATERNIDADE E INFANCIA;;399-9 - Associação Privada;ROD BR 230;S/N;;63.300-000;VIRGILIO DE AGUIAR GURGEL;LAVRAS DA MANGABEIRA;CE;;(88) 3536-1280;;ATIVA;24/09/2005;;;;0.0
40542765000178;MATRIZ;04/07/2012;INSTITUTO DE GESTAO HOSPITALAR E SAUDE - IGS;INSTITUTO DE GESTAO HOSPITALAR E SAUDE - IGHS;399-9 - Associação Privada;R 25 DE MARCO;60;;63.800-000;POMPEIA;QUIXERAMOBIM;CE;administrativo@ighs.org.br;(88) 2149-3758;;ATIVA;05/01/2021;;;;0.0
27638436000167;MATRIZ;10/06/2014;SOCIEDADE BENEFICENTE E CULTURAL DE MONTANHA;SBCM;399-9 - Associação Privada;RUA LINHARES;S N;;29.890-000;;MONTANHA;ES;direcaohmnsa@gmail.com;(27) 3754-1215;;ATIVA;03/11/2005;;;;0.0
28141190000186;MATRIZ;08/07/2014;IRMANDADE DA SANTA CASA DE MISERICORDIA DE VITORIA;SANTA CASA DE MISERICORDIA DE VITORIA;399-9 - Associação Privada;R DOUTOR JOAO DOS SANTOS NEVES;143;;29.025-023;VILA RUBIM;VITORIA;ES;provedoria@santacasavitoria.org;(27) 3212-7260/ (27) 3212-7200;;ATIVA;28/08/2004;;;;0.0
03667683000123;MATRIZ;12/11/2006;INSTITUTO DE DESENVOLVIMENTO E GESTAO IDG;INSTITUTO DE DESENVOLVIMENTO E GESTAO - IDG;399-9 - Associação Privada;RUA DO DIREITO, QUADRA-03;3;;65.074-810;COHAFUMA;SAO LUIS;MA;gestaoidg@gmail.com;(98) 8519-8666 / (99) 8538-9233;;ATIVA;03/11/2005;;;;0.0
20734604000179;MATRIZ;01/04/1999;MISSAO SAL DA TERRA;CENTRO DE ESPECIALIDADES;399-9 - Associação Privada;RUA JOAQUIM VIEIRA SOBRINHO;50;;38.408-612;VIGILATO PEREIRA;UBERLANDIA;MG;administracao@missaosaldaterra.org.br;(34) 3255-1240 / (34) 3255-1240;;ATIVA;01/07/2001;;;;0.0
04309847000103;MATRIZ;01/06/2023;ASSOCIACAO BENEFICENTE SIGS - SERVICO DE INOVACAO E GESTAO EM SAUDE;SIGS GESTAO EM SAUDE;399-9 - Associação Privada;RUA SAO LUIZ;131;;37.160-000;SAO BENEDITO;CAMPOS GERAIS;MG;adm@sigs.org.br;(35) 9995-3410;;ATIVA;26/04/2016;;;;0.0
44025407000149;MATRIZ;12/11/2019;SERVICO SOCIAL AUTONOMO - SSA CONTAGEM;HOSPITAL MUNICIPAL DE CONTAGEM;399-9 - Associação Privada;AVENIDA JOAO CESAR DE OLIVEIRA;4495;;32.341-001;NOVO ELDORADO;CONTAGEM;MG;geralssacontagem@gmail.com.br;(31) 3352-8824 / (31) 3352-2070;;ATIVA;25/10/2021;;;;0.0
25165865000139;MATRIZ;11/01/2021;ASSOCIACAO DE ATIVIDADES EQUESTRES, SAUDE, ESPORTE, EDUCACAO, LAZER E CULTURA PARA PESSOAS COM DEFICIENCIA. EQUOVILA;EQUOVILA;399-9 - Associação Privada;RUA JUIZ FULGENCIO PIMENTA;314;;35.057-430;GRA-DUQUESA;GOVERNADOR VALADARES;MG;dinamicacontabilidade2010@hotmail.com;(33) 3221-3609;;ATIVA;27/06/2016;;;;0.0
22709109000135;MATRIZ;05/06/2024;BENEFICENCIA SOCIAL BOM SAMARITANO;;399-9 - Associação Privada;RUA RANULFO ALVARES;1620;;35.044-220;VILA ISA;GOVERNADOR VALADARES;MG;contabilidade@hospitalsamaritano.org.br;(31) 2101-6100;;ATIVA;03/11/2005;;;;0.0
01962270000146;MATRIZ;02/12/1985;CAIXA ESCOLAR DA ESCOLA MUNICIPAL NOSSA SENHORA DOS NAVEGANTES;ESCOLA MUNICIPAL NOSSA SENHORA DOS NAVEGANTES;399-9 - Associação Privada;RUA DO CRUZEIRO;S/N;;59.122-050;REDINHA;NATAL;RN;;(084) 2242-539;;ATIVA;03/11/2005;;;;0.0
96295654001300;FILIAL;12/09/2012;INSTITUTO SOCIAL DE SAUDE SAO LUCAS;;399-9 - Associação Privada;RUA BARAO DO RIO BRANCO;324;;37.590-000;VILA MANGUEIRA;JACUTINGA;MG;institutosaudesaolucas@hotmail.com;(11) 4617-3914;;ATIVA;27/09/2023;;;;0.0
21583042000172;MATRIZ;04/11/1999;HOSPITAL E MATERNIDADE THEREZINHA DE JESUS;;399-9 - Associação Privada;R DR DIRCEU DE ANDRADE;33;;36.025-330;SAO MATEUS;JUIZ DE FORA;MG;;;;ATIVA;09/05/2001;;;;0.0
21583042002035;FILIAL;07/03/2008;HOSPITAL E MATERNIDADE THEREZINHA DE JESUS;;399-9 - Associação Privada;R IBITIGUAIA;1130;;36.031-000;SANTA LUZIA;JUIZ DE FORA;MG;contabil@hmtj.org.br;(32) 4009-2368;;ATIVA;24/08/2018;;;;0.0
21583042002205;FILIAL;10/01/2024;HOSPITAL E MATERNIDADE THEREZINHA DE JESUS;;399-9 - Associação Privada;R MAJOR LINO LIMA;129;;36.037-430;SAO PEDRO;JUIZ DE FORA;MG;contabil@hmtj.org.br;(32) 4009-2368;;ATIVA;29/12/2020;;;;0.0
07207760000113;MATRIZ;09/02/2015;ASSOCIACAO DOS SOLIDARIOS PRO-SAUDE E ASSISTENCIA SOCIAL;ASPAS;399-9 - Associação Privada;PC TANCREDO NEVES;100;;37.860-000;VILA DORINTO MORATO;NOVA RESENDE;MG;;;;ATIVA;11/02/2005;;;;0.0
21583042001900;FILIAL;02/04/2022;HOSPITAL E MATERNIDADE THEREZINHA DE JESUS;;399-9 - Associação Privada;RUA JOSE JULIO LAGE;S/N;;35.180-320;TIMIRIM;TIMOTEO;MG;luanasilveira@hmtj.org.br;(32) 4009-2357;;ATIVA;24/08/2018;;;;0.0
20734604001906;FILIAL;06/03/2019;MISSAO SAL DA TERRA;MISSAO SAL DA TERRA SAUDE SETOR SUL;399-9 - Associação Privada;AVENIDA JOAO NAVES DE AVILA;4920;;38.408-680;CARAJAS;UBERLANDIA;MG;contador@missaosaldaterra.org.br;(34) 3255-1240 / (34) 3215-1434 / (34) 3255-1240;;ATIVA;25/09/2009;;;;0.0
20734604001221;FILIAL;05/12/2011;MISSAO SAL DA TERRA;MISSAO SAL DA TERRA - SAUDE SETOR LESTE;399-9 - Associação Privada;AVENIDA BENJAMIN MAGALHAES;1115;;38.405-040;TIBERY;UBERLANDIA;MG;administracao@missaosaldaterra.org.br;(34) 3227-8060;;ATIVA;10/09/2007;;;;0.0
03448121000199;MATRIZ;09/02/2024;NUCLEO DE RECUPERACAO E REABILITACAO DE VIDAS;NURREVI BRASIL;399-9 - Associação Privada;RUA CAETANO JOSE FERREIRA;398;;88.102-280;KOBRASOL;SAO JOSE;SC;administracao@nurrevi.org;(48) 3034-4555 / (048) 2591-076;;ATIVA;03/11/2005;;;;0.0
28700530001990;FILIAL;09/02/2024;INSTITUTO MARIA SCHMITT DE DESENVOLVIMENTO DE ENSINO, ASSISTENCIA SOCIAL E SAUDE DO CIDADAO;;399-9 - Associação Privada;AVENIDA VOLUNTARIOS DA PATRIA;SN;;78.390-000;MARACANA;BARRA DO BUGRES;MT;contabilidade@imas.net.br;(48) 3522-0257;;ATIVA;20/01/2023;;;;0.0
21093287000111;MATRIZ;08/06/1989;INSTITUTO SAGEP - SAUDE, GESTAO E PROJETOS;INSTITUTO SAGEP;399-9 - Associação Privada;R SAO FRANCISCO DE ASSIS;31;;78.043-630;JARDIM SANTA MARTA;CUIABA;MT;contato@sagep.org.br;(65) 2127-1374;;ATIVA;15/01/2020;;;;0.0
21103364000177;MATRIZ;07/03/2008;ORGANIZACAO DA SOCIEDADE CIVIL INSTITUTO TUPA;;399-9 - Associação Privada;AV P NOROESTE;3372;;78.890-091;CENTRO-NORTE;SORRISO;MT;osctupa@gmail.com;(66) 3544-1697/ (66) 3545-1451;;ATIVA;04/12/2009;;;;0.0
08720669000160;MATRIZ;08/01/2023;INSTITUTO REVIVER BRASIL;IRB;399-9 - Associação Privada;R TERMINAL RODOVIARIO;01;;55.400-000;DIAMANTE;CATENDE;PE;institutoreviverbrasil@gmail.com;(81) 9832-0233;;ATIVA;21/07/2019;;;;0.0
10894988000486;FILIAL;02/02/2011;SOCIEDADE PERNAMBUCANA DE COMBATE AO CANCER;HOSPITAL DA MULHER DO RECIFE;399-9 - Associação Privada;ROD BR CENTO E UM;485;;50.780-627;CURADO;RECIFE;PE;contabilidade@hcp.org.br;(81) 2011-0194;;ATIVA;13/04/2016;;;;0.0
10894988000567;FILIAL;05/05/2010;SOCIEDADE PERNAMBUCANA DE COMBATE AO CANCER;UPAE ARRUDA;399-9 - Associação Privada;AVENIDA PROFESSOR JOSE DOS ANJOS;S/N;;52.120-100;ARRUDA;RECIFE;PE;contabilidade@hcp.org.br;(81) 2011-0200;;ATIVA;28/09/2016;;;;0.0
10443512000186;MATRIZ;06/02/2021;INSTITUTO DE DESENVOLVIMENTO HUMANO;IDH;399-9 - Associação Privada;AVENIDA LIONS;56;;55.293-970;BOA VISTA;GARANHUNS;PE;thallyssonpinto@hotmail.com;(87) 9609-6729 / (87) 8102-8280;;ATIVA;29/10/2008;;;;0.0
07264707000820;FILIAL;07/03/2017;INSTITUTO DE APOIO A GESTAO PUBLICA;;399-9 - Associação Privada;AVENIDA BRASIL;3785;;85.884-000;ITAIPU;MEDIANEIRA;PR;londrina@iagsaude.med.br;(43) 9868-8472;;ATIVA;12/09/2022;;;;0.0
23453830002709;FILIAL;07/03/2008;INSTITUTO NACIONAL DE DESENVOLVIMENTO SOCIAL E HUMANO - INDSH;UPA SANTA PAULA 24H (UPA PORTE II);399-9 - Associação Privada;RUA NICOLAU KLUPPEL NETO;1645;;84.061-000;CONTORNO;PONTA GROSSA;PR;financeiro.upaspg@indsh.org.br;(42) 3220-1063;;ATIVA;08/09/2022;;;;0.0
44563716001900;FILIAL;12/09/2008;INSTITUTO NACIONAL DE PESQUISA E GESTAO EM SAUDE - INSAUDE;PRONTO SOCORRO MUNICIPAL DE SENGES;399-9 - Associação Privada;RUA RUA VEREADOR BASILIO DA COSTA;255;;84.220-000;MORUNGAVA;SENGES;PR;contato@insaude.org.br;(11) 3876-6787;;ATIVA;02/01/2020;;;;0.0
44133675000184;MATRIZ;12/08/2007;INSTITUTO DE REFERENCIA EM SAUDE (IRSAUDE);IRSAUDE;399-9 - Associação Privada;RUA JOSE COSTA;90;;55.602-470;LIVRAMENTO;VITORIA DE SANTO ANTAO;PE;presidencia.irsaude@gmail.com;(81) 2160-1899 / (81) 8527-6505;;ATIVA;05/12/2023;;;;0.0
47436348000190;MATRIZ;07/11/2002;INSTITUTO DE GESTAO EM SAUDE RN;ISRN;399-9 - Associação Privada;RUA CRISTAL DE ROCHA;16;;59.076-150;LAGOA NOVA;NATAL;RN;atendimento@igsrn.org.br;(84) 2130-1270 / (84) 2010-2224;;ATIVA;07/07/2022;;;;0.0
04994418000112;MATRIZ;09/10/1987;ASSOCIACAO HOSPITALAR VILA NOVA;;399-9 - Associação Privada;R CATARINO ANDREATTA;155;;91.750-040;VILA NOVA;PORTO ALEGRE;RS;;(051) 3248-2100;;ATIVA;26/03/2002;;;;0.0
95422358000119;MATRIZ;05/04/2017;HOSPITAL ANA NERY SANTA CRUZ DO SUL;;399-9 - Associação Privada;RUA AMAPA;175;;96.835-100;ANA NERY;SANTA CRUZ DO SUL;RS;financeiro@hananery.com.br;(51) 2106-4400 / (51) 2106-4531 / (51) 2106-4400;;ATIVA;26/05/2001;;;;0.0
04994418000970;FILIAL;05/10/2021;ASSOCIACAO HOSPITALAR VILA NOVA;HOSPITAL DR. LAURO REUS;399-9 - Associação Privada;RUA OSVALDO CRUZ;116;;93.700-000;BELA VISTA;CAMPO BOM;RS;contabilidade2@ahvn.com.br;(51) 3245-8900;;ATIVA;22/09/2022;;;;0.0
87750527000200;FILIAL;02/06/2015;INSTITUTO ADMINISTRACAO HOSPITALAR E CIENCIAS DA SAUDE;;399-9 - Associação Privada;RUA CACAPAVA;100;;92.330-290;MATHIAS VELHO;CANOAS;RS;contato@fasaude.com.br;(51) 3331-9555;;ATIVA;16/12/2021;;;;0.0
88630413000281;FILIAL;01/01/2014;UNIAO BRASILEIRA DE EDUCACAO E ASSISTENCIA;PONTIFICIA UNIVERSIDADE CATOLICA DO RS-CAMPUS POA;399-9 - Associação Privada;AV IPIRANGA;6681;;90.610-001;PARTENON;PORTO ALEGRE;RS;;;;ATIVA;17/01/2004;;;;0.0
04994418000384;FILIAL;03/04/2018;ASSOCIACAO HOSPITALAR VILA NOVA;HOSPITAL RESTINGA E EXTREMO SUL;399-9 - Associação Privada;AVENIDA JOAO ANTONIO SILVEIRA;3700;;91.796-000;LOMBA DO PINHEIRO;PORTO ALEGRE;RS;administracao@ahvn.com.br;(51) 3245-8933;;ATIVA;06/07/2018;;;;0.0
00703743000128;MATRIZ;05/03/1984;ASSOCIACAO CIVILCORPO DE BOMBEIROS VOLUNTARIOS DE SAO SEBASTIAO DO CAI;;399-9 - Associação Privada;AVENIDA OSWALDO ARANHA;1120;;95.760-000;VILA RICA;SAO SEBASTIAO DO CAI;RS;;(51) 3635-1949;;ATIVA;31/03/2001;;;;0.0
08325231001230;FILIAL;03/09/1968;INSTITUTO DE SAUDE SANTA CLARA;;399-9 - Associação Privada;RUA IGUACU E;290;;89.802-171;SAIC;CHAPECO;SC;preussassessoriacontabil@outlook,.com;(42) 9991-2200;;ATIVA;20/07/2023;;;;0.0
12846027000260;FILIAL;06/01/2021;ASSOCIACAO HOSPITALAR SAO JOSE DE JARAGUA DO SUL;HOSPITAL SAO JOSE - UNIDADE CORUPA;399-9 - Associação Privada;RUA ROBERTO SEIDEL;680;;89.278-000;JOAO TOZINI;CORUPA;SC;diretoria@hsaojose.com;(47) 3375-1143;;ATIVA;15/12/2021;;;;0.0
28700530001567;FILIAL;06/01/2023;INSTITUTO MARIA SCHMITT DE DESENVOLVIMENTO DE ENSINO, ASSISTENCIA SOCIAL E SAUDE DO CIDADAO;UPA 24H RIO MAINA;399-9 - Associação Privada;RUA SANTOS UGGIONI;SN;;88.818-490;DISTRITO DE RIO MAINA;CRICIUMA;SC;financeiro.upacriciuma@imas.net.br;(48) 3413-5550;;ATIVA;30/05/2022;;;;0.0
86324860000104;MATRIZ;09/08/2011;ASSOCIACAO DA REDEH DE BENEFICENCIA CRISTA;HOSPITAL E MATERNIDADE DONA LISETTE;399-9 - Associação Privada;R DR. ANTONIO CLAUDIO SCHMITT;115;;89.190-000;SEMINARIO;TAIO;SC;coordenacaohmdl@portalredeh.org;(47) 3562-0226;;ATIVA;09/12/2000;;;;0.0
24006302002006;FILIAL;01/01/2010;INSTITUTO DE DESENVOLVIMENTO, ENSINO E ASSISTENCIA A SAUDE - IDEAS;INSTITUTO IDEAS;399-9 - Associação Privada;RUA SAO MATHEUS;SN;;88.132-000;BELA VISTA;PALHOCA;SC;protocolo@ideas.med.br;(48) 3027-6200;;ATIVA;04/08/2021;;;;0.0
08325231001078;FILIAL;11/02/1969;INSTITUTO DE SAUDE SANTA CLARA;;399-9 - Associação Privada;RUA HERIBERTO HULSE;4790;;88.110-010;SERRARIA;SAO JOSE;SC;preussassessoriacontabil@outlook.com;(42) 9991-2200;;ATIVA;30/01/2023;;;;0.0
51232221000126;MATRIZ;03/01/1968;ASSOCIACAO COMUNITARIA MONTE AZUL;;399-9 - Associação Privada;R FRANCISCO XAVIER DE ABREU;483;;05.836-180;JARDIM MONTE AZUL;SAO PAULO;SP;monteazul@monteazul.org.br;(11) 5853-8080;;ATIVA;28/08/2004;;;;0.0
47673793000416;FILIAL;02/04/2016;ASSOCIACAO FUNDO DE INCENTIVO A PESQUISA;AFIP;399-9 - Associação Privada;RUA MARSELHESA;500;;04.020-060;VILA MARIANA;SAO PAULO;SP;carlos.oliveira@afip.com.br;(11) 2388-0888;;ATIVA;19/01/2000;;;;0.0
50351626000110;MATRIZ;11/06/1989;BENEFICENCIA HOSPITALAR DE CESARIO LANGE;BENEFICENCIA HOSPITALAR DE CESARIO LANGE;399-9 - Associação Privada;AVENIDA SAO PAULO;340;;18.285-000;VILA BRASIL;CESARIO LANGE;SP;;;;ATIVA;24/09/2005;;;;0.0
61699567000192;MATRIZ;12/07/1967;SPDM - ASSOCIACAO PAULISTA PARA O DESENVOLVIMENTO DA MEDICINA;HOSPITAL SAO PAULO;399-9 - Associação Privada;R NAPOLEAO DE BARROS;715;;04.024-002;VL CLEMENTINA;SAO PAULO;SP;;;;ATIVA;03/11/2005;;;;0.0
68311216000101;MATRIZ;12/07/1967;ASSOCIACAO SAUDE DA FAMILIA;;399-9 - Associação Privada;PC MARECHAL CORDEIRO DE FARIAS;45/65;;01.244-050;HIGIENOPOLIS;SAO PAULO;SP;contabilidade@saudedafamilia.org;(11) 3154-7070/ (11) 3529-1550;;ATIVA;03/11/2005;;;;0.0
60742616000160;MATRIZ;06/12/1972;CASA DE SAUDE SANTA MARCELINA;HOSPITAL SANTA MARCELINA;399-9 - Associação Privada;R SANTA MARCELINA;177;;08.270-070;ITAQUERA;SAO PAULO;SP;;;;ATIVA;25/12/1999;;;;0.0
10946361000502;FILIAL;07/04/2000;INSTITUTO DIRETRIZES;UNIDADE PRE-HOSPITALAR ZONA OESTE;399-9 - Associação Privada;AVENIDA GENERAL CARNEIRO;1670;;18.043-970;VILA LUCY;SOROCABA;SP;cadastro@somateccontabilidade.com.br;(11) 3565-3241 / (11) 4227-5078 / (11) 3565-3242;;ATIVA;10/06/2019;;;;0.0
10946361000421;FILIAL;07/02/2012;INSTITUTO DIRETRIZES;UNIDADE PRE-HOSPITALAR ZONA NORTE;399-9 - Associação Privada;AVENIDA ITAVUVU;19;;18.075-042;VILA OLIMPIA;SOROCABA;SP;cadastro@somateccontabilidade.com.br;(11) 3565-3241 / (11) 4227-5078 / (11) 4227-5078;;ATIVA;18/03/2019;;;;0.0
09268215000162;MATRIZ;11/03/2021;INCS - INSTITUTO NACIONAL DE CIENCIAS DA SAUDE;;399-9 - Associação Privada;R EDISSA PACHECO CARVALHO;26;;18.047-631;PARQUE CAMPOLIM;SOROCABA;SP;administrativo@incs.org.br;(15) 3233-1373;;ATIVA;05/12/2007;;;;0.0
09538688000132;MATRIZ;03/04/2021;INSTITUTO DE RESPONSABILIDADE SOCIAL SIRIO LIBANES;INSTITUTO SIRIO LIBANES;399-9 - Associação Privada;R PEIXOTO GOMIDE;337;;01.409-001;BELA VISTA;SAO PAULO;SP;fiscal@irssl.org.br;(11) 5200-0946/ (11) 5200-0900;;ATIVA;14/04/2008;;;;0.0
04488578000190;MATRIZ;01/09/2019;CASA DE ISABEL CENTRO DE APOIO A MULHER A CRIANCA E O ADOLESCENTE VITIMAS DE VIOLENCIA DOMESTICA E SITUACAO DE RISCO;CASA DE ISABEL;399-9 - Associação Privada;RUA VALENTE DE NOVAIS;189;;08.120-420;ITAIM PAULISTA;SAO PAULO;SP;financeirocasadeisabel@hotmail.com;(11) 3578-2573;;ATIVA;27/08/2005;;;;0.0
47078019000114;MATRIZ;03/06/2012;HOSPITAL MAHATMA GANDHI;HOSPITAL MAHATMA GANDHI;399-9 - Associação Privada;R DUARTINA;1311;;15.810-150;VILA SOTO;CATANDUVA;SP;;(017) 5227-211;;ATIVA;03/11/2005;;;;0.0
57810053000195;MATRIZ;12/03/2008;PROSAM ASSOCIACAO PRO SAUDE MENTAL;;399-9 - Associação Privada;RUA HEITOR PENTEADO;1448;;05.438-000;SUMARE;SAO PAULO;SP;;(11) 5549-5255;;ATIVA;03/11/2005;;;;0.0
48211585000115;MATRIZ;03/05/1968;SOCIEDADE BRASILEIRA CAMINHO DE DAMASCO;;399-9 - Associação Privada;RUA GABRIELA;144;;17.404-310;LABIENOPOLIS;GARCA;SP;arnaldofernandes@uol.com.br;(11) 5049-2292;;ATIVA;03/11/2005;;;;0.0
60765823000130;MATRIZ;04/11/1975;SOCIEDADE BENEF ISRAELITABRAS HOSPITAL ALBERT EINSTEIN;HOSPITAL ISRAELITA ALBERTEINSTEIN;399-9 - Associação Privada;AV ALBERT EINSTEIN;627;;05.652-000;MORUMBI;SAO PAULO;SP;celulafiscal@einstein.br;(11) 2151-1233;;ATIVA;03/11/2005;;;;0.0
61687356000130;MATRIZ;08/05/1966;SERVICO SOCIAL DA CONSTRUCAO CIVIL DO ESTADO DE SAO PAULO - SECONCI-SP;SECONCI;399-9 - Associação Privada;AV FRANCISCO MATARAZZO;74;;05.001-000;PERDIZES;SAO PAULO;SP;;;;ATIVA;28/08/2004;;;;0.0
03254082000199;MATRIZ;02/11/2022;INSTITUTO ACQUA - ACAO, CIDADANIA, QUALIDADE URBANA E AMBIENTAL;INSTITUTO ACQUA;399-9 - Associação Privada;AV LINO JARDIM;905;;09.041-031;VILA BASTOS;SANTO ANDRE;SP;documentacao@institutoacqua.org.br;(11) 4823-1800;;ATIVA;28/06/1999;;;;0.0
44364826000458;FILIAL;05/10/2021;SANTA CASA DE MISERICORDIA DE ASSIS;AMBULATORIO MEDICO DE ESPECIALIDADES - AME BOTUCATU;399-9 - Associação Privada;RODOVIA MARECHAL RONDON;KM 253;;18.607-810;DISTRITO INDUSTRIAL;BOTUCATU;SP;contabilidade@santacasadeassis.org.br;(18) 9644-5111 / (18) 3302-3311;;ATIVA;17/04/2023;;;;0.0
61687356003406;FILIAL;03/05/2024;SERVICO SOCIAL DA CONSTRUCAO CIVIL DO ESTADO DE SAO PAULO - SECONCI-SP;AMBULATORIO MEDICO DE ESPECIALIDADES -AME CARAGUATATUBA;399-9 - Associação Privada;AVENIDA ACRE;1081;;11.665-305;INDAIA;CARAGUATATUBA;SP;contabilidade.fiscal@seconci-sp.org.br;(11) 3664-5050;;ATIVA;27/08/2014;;;;0.0
61687356002183;FILIAL;01/09/2019;SERVICO SOCIAL DA CONSTRUCAO CIVIL DO ESTADO DE SAO PAULO - SECONCI-SP;HOSPITAL REGIONAL DE COTIA - SECONCI - SP;399-9 - Associação Privada;AVENIDA DOUTOR ODAIR PACHECO PEDROSO;171;;06.717-200;JARDIM MONTE SANTO;COTIA;SP;contabilidade.fiscal@seconci-sp.org.br;(11) 3664-5050 / (11) 3664-5070;;ATIVA;16/10/2007;;;;0.0
61699567000516;FILIAL;12/09/2023;SPDM - ASSOCIACAO PAULISTA PARA O DESENVOLVIMENTO DA MEDICINA;HOSPITAL ESTADUAL DE DIADEMA GOVERNADOR ORESTES QUERCIA;399-9 - Associação Privada;R JOSE BONIFACIO;1641;;09.980-150;SERRARIA;DIADEMA;SP;nfe.serv@hed.spdm.org.br;(11) 3583-1515;;ATIVA;03/11/2005;;;;0.0
61699567005232;FILIAL;07/02/2020;SPDM - ASSOCIACAO PAULISTA PARA O DESENVOLVIMENTO DA MEDICINA;HOSPITAL GERAL PROF DR WALDEMAR C.P.FILHO DE GUARULHOS;399-9 - Associação Privada;ALAMEDA DOS LIRIOS;200;;07.190-012;PARQUE CECAP;GUARULHOS;SP;nfe.serv@hgg.spdm.org.br;(11) 3466-1350;;ATIVA;06/10/2014;;;;0.0
61687356001454;FILIAL;01/03/1969;SERVICO SOCIAL DA CONSTRUCAO CIVIL DO ESTADO DE SAO PAULO - SECONCI-SP;HOSPITAL GERAL DE ITAPECERICA DA SERRA - SECONCI-OSS;399-9 - Associação Privada;AV GUACY FERNANDES DOMINGUES;200;;06.854-000;EMBU MIRIM;ITAPECERICA DA SERRA;SP;contabilidade@seconci-sp.org.br;(11) 3664-5050;;ATIVA;16/11/1998;;;;0.0
66518267003522;FILIAL;07/11/1967;CENTRO DE ESTUDOS E PESQUISAS DR JOAO AMORIM;HOSPITAL GERAL DE ITAPEVI;399-9 - Associação Privada;R JESUINO JOAQUIM DA SILVA;S/N;;06.694-230;NOVA ITAPEVI;ITAPEVI;SP;fiscal@cejam.org.br;(11) 3469-1818;;ATIVA;15/12/2020;;;;0.0
66518267002046;FILIAL;04/02/1968;CENTRO DE ESTUDOS E PESQUISAS DR JOAO AMORIM;AMBULATORIO MED ESPECIALID OLAVO SILVA SOUZA - AME ITU;399-9 - Associação Privada;ROD RODOVIA WALDOMIRO CORREA DE CAMARGO KM 63;S/N;;13.308-905;VILA MARTINS;ITU;SP;fiscal@cejam.org.br;(11) 3469-1818;;ATIVA;27/11/2019;;;;0.0
61699567009653;FILIAL;04/03/2008;SPDM - ASSOCIACAO PAULISTA PARA O DESENVOLVIMENTO DA MEDICINA;AMBULATORIO MEDICO DE ESPECIALIDADES-AME JD DOS PRADOS;399-9 - Associação Privada;R SANT'ANA;275;;04.676-110;VILA SAO PEDRO;SAO PAULO;SP;nfe.serv@amejardimdosprados.sodm.org.br;(11) 5633-2491;;ATIVA;10/12/2019;;;;0.0
09538688000990;FILIAL;09/05/1970;INSTITUTO DE RESPONSABILIDADE SOCIAL SIRIO LIBANES;OS IRSSL - UNIDADE HOSP. REGIONAL JUNDIAI;399-9 - Associação Privada;RUA CAMPOS SALLES;371;;13.201-814;VILA BOAVENTURA;JUNDIAI;SP;fiscal@irssl.org.br;(11) 5200-0946 / (11) 5200-0900;;ATIVA;01/07/2014;;;;0.0
61699567000869;FILIAL;05/10/2018;SPDM - ASSOCIACAO PAULISTA PARA O DESENVOLVIMENTO DA MEDICINA;HOSPITAL DE CLINICAS LUZIA DE PINHO MELO;399-9 - Associação Privada;RUA MANUEL DE OLIVEIRA;S/N;;08.773-130;VILA MOGILAR;MOGI DAS CRUZES;SP;nfe.serv@hclpm.spdm.org.br;(11) 3583-2800 / (11) 5571-4759;;ATIVA;03/11/2005;;;;0.0
61699567003701;FILIAL;05/08/2017;SPDM - ASSOCIACAO PAULISTA PARA O DESENVOLVIMENTO DA MEDICINA;AMBULATORIO MEDICO DE ESPECIALIDADES DE MOGI DAS CRUZES;399-9 - Associação Privada;RUA ENGENHEIRO DE EUGENIO MOTTA;313;;08.730-120;JARDIM SANTISTA;MOGI DAS CRUZES;SP;nfe.serv@amemogi.spdm.org.br;(11) 2139-0318;;ATIVA;31/10/2011;;;;0.0
09538688000809;FILIAL;01/08/2016;INSTITUTO DE RESPONSABILIDADE SOCIAL SIRIO LIBANES;O.S.I.R.S. SIRIO LIBANES S.REABILITACAO LUCY MONTORO;399-9 - Associação Privada;R PEDRO SIMOSO;249;;13.800-496;SAUDE;MOGI MIRIM;SP;fiscal@irssl.org.br;(11) 5200-0946/ (11) 5200-0900;;ATIVA;26/06/2012;;;;0.0
53412144000545;FILIAL;09/06/1968;ASSOCIACAO DA SANTA CASA DE MISERICORDIA DE OURINHOS;AME OURINHOS - SANTA CASA DE OURINHOS;399-9 - Associação Privada;AVENIDA VITALINA MARCUSSO;1550;;19.910-206;JARDIM DAS PAINEIRAS;OURINHOS;SP;contabilidade@santacasadeourinhos.com.br;(14) 3302-6600;;ATIVA;21/10/2022;;;;0.0
53221255003247;FILIAL;04/12/2011;ASSOCIACAO LAR SAO FRANCISCO DE ASSIS NA PROVIDENCIA DE DEUS;HOSPITAL REGIONAL DE PRESIDENTE PRUDENTE;399-9 - Associação Privada;R JOSE BONGIOVANI;1297;;19.050-680;CIDADE UNIVERSITARIA;PRESIDENTE PRUDENTE;SP;administracao.hrpp@alsf.org.br;(17) 3283-9070;;ATIVA;16/02/2009;;;;0.0
43535210000430;FILIAL;08/06/2020;IRMANDADE DA SANTA CASA DE ANDRADINA;AMBULATORIO MEDICO DE ESPECIALIDADES DE PROMISSAO - AME;399-9 - Associação Privada;RUA ARTHUR FRANCO;215;;16.370-000;JARDIM AMERICA;PROMISSAO;SP;sebastiaosergiosilva@gmail.com;(18) 3702-1100 / (18) 3702-3163;;ATIVA;18/12/2013;;;;0.0
53221255002860;FILIAL;01/06/2003;ASSOCIACAO LAR SAO FRANCISCO DE ASSIS NA PROVIDENCIA DE DEUS;HOSPITAL ESTADUAL PORTO PRIMAVERA;399-9 - Associação Privada;R DO HOSPITAL;135;;19.274-000;PRIMAVERA;ROSANA;SP;administracao.hrprimavera@alsf.org.br;(18) 3284-9500;;ATIVA;25/09/2007;;;;0.0
61699567001598;FILIAL;08/09/2016;SPDM - ASSOCIACAO PAULISTA PARA O DESENVOLVIMENTO DA MEDICINA;CENTRO ESTADUAL DE ANALISES CLINICAS-CEAC-ZONA LESTE;399-9 - Associação Privada;RUA RUA JEQUITINHONHA;444;;03.021-040;BELENZINHO;SAO PAULO;SP;nfe.serv@ceacleste.spdm.org.br;(11) 3968-7403 / (11) 5571-4759;;ATIVA;04/06/2007;;;;0.0
47673793017815;FILIAL;02/05/2014;ASSOCIACAO FUNDO DE INCENTIVO A PESQUISA;CENTRO ESTADUAL DE ANALISES CLINICAS DA ZONA SUL;399-9 - Associação Privada;AVENIDA NOSSA SENHORA DO SABARA;234;;04.686-000;JARDIM BELGICA;SAO PAULO;SP;carlos.oliveira@afip.com.br;(11) 2388-0958;;ATIVA;08/01/2018;;;;0.0
09538688000647;FILIAL;02/02/1977;INSTITUTO DE RESPONSABILIDADE SOCIAL SIRIO LIBANES;O.S. I.R.S. SIRIO LIBANES UNIDADE AME INTERLAGOS;399-9 - Associação Privada;R ARTHUR NASCIMENTO JUNIOR;120;;04.815-180;JARDIM SATELITE;SAO PAULO;SP;fiscal@irssl.org.br;(11) 5200-0946/ (11) 5200-0900;;ATIVA;29/12/2011;;;;0.0
61687356002426;FILIAL;10/05/2020;SERVICO SOCIAL DA CONSTRUCAO CIVIL DO ESTADO DE SAO PAULO - SECONCI-SP;DR. LUIZ ROBERTO BARRADAS BARATA;399-9 - Associação Privada;AV ALMIRANTE DELAMARE;1534;;04.230-000;NOVA HELIOPOLIS;SAO PAULO;SP;contabilidade@seconci-sp.org.br;(11) 3664-5050;;ATIVA;07/10/2008;;;;0.0
61699567002560;FILIAL;06/09/2023;SPDM - ASSOCIACAO PAULISTA PARA O DESENVOLVIMENTO DA MEDICINA;AMBULATORIO MED DE ESPECIALID DE PSIQ-DRA JANDIRA MASUR;399-9 - Associação Privada;AVENIDA GUILHERME COTCHING;1600;;02.113-012;VILA MARIA;SAO PAULO;SP;nfe.serv@amepqvm.spdm.org.br;(11) 3478-1377;;ATIVA;22/01/2010;;;;0.0
61699567008258;FILIAL;11/02/2007;SPDM - ASSOCIACAO PAULISTA PARA O DESENVOLVIMENTO DA MEDICINA;CENTRAL DE REGULACAO DE OFERTAS DE SERV DE SAUDE(CROSS);399-9 - Associação Privada;AVENIDA DR ARNALDO;455;;01.246-903;PACAEMBU;SAO PAULO;SP;nfe.serv@cross.org.br;(11) 5112-0850;;ATIVA;20/02/2018;;;;0.0
61699567004775;FILIAL;12/07/1972;SPDM - ASSOCIACAO PAULISTA PARA O DESENVOLVIMENTO DA MEDICINA;COMPLEXO DE CUIDADOS AS PCN REL. A DEP. QUIM. EM C. USO;399-9 - Associação Privada;RUA HELVETIA;55;;01.215-010;CAMPOS ELISEOS;SAO PAULO;SP;nfe.serv@urh.spdm.org.br;(11) 4280-3828;;ATIVA;14/03/2014;;;;0.0
61687356004208;FILIAL;08/11/1989;SERVICO SOCIAL DA CONSTRUCAO CIVIL DO ESTADO DE SAO PAULO - SECONCI-SP;AMBULATORIO MEDICO DE ESPECIALIDADES-AME SAO VICENTE;399-9 - Associação Privada;AV PRESIDENTE WILSON;291;;11.320-001;ITARARE;SAO VICENTE;SP;contabilidade.fiscal@seconci-sp.org.br;(11) 3664-5050;;ATIVA;26/02/2018;;;;0.0
61687356004399;FILIAL;09/04/1972;SERVICO SOCIAL DA CONSTRUCAO CIVIL DO ESTADO DE SAO PAULO - SECONCI-SP;CHS - CONJUNTO HOSPITALAR DE SOROCABA;399-9 - Associação Privada;AVENIDA COMENDADOR PEREIRA INACIO;564;;18.030-005;JARDIM VERGUEIRO;SOROCABA;SP;contabilidade.fiscal@seconci-sp.org.br;(11) 3664-5050;;ATIVA;26/11/2018;;;;0.0
61699567012280;FILIAL;01/05/2021;SPDM - ASSOCIACAO PAULISTA PARA O DESENVOLVIMENTO DA MEDICINA;HOSPITAL REGIONAL DO ALTO TIETE - HRAT;399-9 - Associação Privada;RUA PRUDENTE DE MORAES;2200;;08.610-005;VILA AMORIM;SUZANO;SP;nfe.serv@hrat.spdm.org.br;(11) 4744-8200;;ATIVA;15/07/2021;;;;0.0
61699567002993;FILIAL;04/04/1971;SPDM - ASSOCIACAO PAULISTA PARA O DESENVOLVIMENTO DA MEDICINA;AME TABOAO DA SERRA;399-9 - Associação Privada;EST SAO FRANCISCO;1448;;06.764-290;JD HENRIQUETA;TABOAO DA SERRA;SP;nfe.serv@ametaboao.spdm.org.br;(11) 2139-0333;;ATIVA;20/08/2010;;;;0.0
03969808001575;FILIAL;10/06/1966;INSTITUTO SOCRATES GUANAES - ISG;HOSPITAL REGIONAL DO LITORAL NORTE;399-9 - Associação Privada;RUA PRUDENCIA SANCHES FROILE MANSANO;1200;;11.672-032;PONTAL DE SANTA MARINA;CARAGUATATUBA;SP;institucional@isgsaude.org;(71) 4062-8888;;ATIVA;05/02/2020;;;;0.0
61687356004550;FILIAL;02/04/2002;SERVICO SOCIAL DA CONSTRUCAO CIVIL DO ESTADO DE SAO PAULO - SECONCI-SP;AMBULATORIO MEDICO DE ESPECIALIDADES - AME TAUBATE;399-9 - Associação Privada;AV AMADOR BUENO DA VEIGA;370;;12.062-400;JARDIM DOS ESTADOS;TAUBATE;SP;contabilidade.fiscal@seconci-sp.org.br;(11) 3664-5050;;ATIVA;03/01/2022;;;;0.0
60975737007245;FILIAL;12/04/1981;SOCIEDADE BENEFICENTE SAO CAMILO;HOSPITAL REGIONAL DO VALE DO PARAIBA;399-9 - Associação Privada;AV TIRADENTES;280;;12.030-180;JD DAS NACOES;TAUBATE;SP;fiscal@hospitalregional.org.br;(12) 3634-2037;;ATIVA;25/05/2010;;;;0.0
72957814000200;FILIAL;02/08/2002;SANTA CASA DE MISERICORDIA DE VOTUPORANGA;AMBULATORIO MEDICO DE ESPECIALIDADES - VOTUPORANGA;399-9 - Associação Privada;RUA MARIA DE FREITAS LEITE;2944;;15.501-215;VILA NOVA;VOTUPORANGA;SP;santacasa@votuporanga.com.br;(17) 3405-9133 / (17) 3405-9143;;ATIVA;20/06/2007;;;;0.0
09231738000134;MATRIZ;10/01/2023;INSTITUTO DE TECNICA E GESTAO MODERNA - I.T.G.M;;399-9 - Associação Privada;AVENIDA DRA RUTH CARDOSO;8501;;05.425-070;PINHEIROS;SAO PAULO;SP;atendimento@itgm.net.br;(11) 3434-6400;;ATIVA;20/11/2007;;;;0.0
56322696000127;MATRIZ;06/03/2018;ASSOCIACAO BENEFICENTE CISNE;INSTITUTO CISNE DE ENSINO E PESQUISA - ICEPES;399-9 - Associação Privada;RUA PITANGA;38;;06.345-220;CHACARA SAO JOAO;CARAPICUIBA;SP;contato@institutocisne.org.br;(11) 4169-7937 / (11) 4169-7473 / (11) 4169-8253;;ATIVA;30/04/2005;;;;0.0
64029101000178;MATRIZ;05/08/1998;FENIX DO BRASIL SAUDE - GESTAO E DESENVOLVIMENTO DE POLITICAS PUBLICAS DE SAUDE;FENIX DO BRASIL SAUDE;399-9 - Associação Privada;PC CEL SANDOVAL DE FIGUEIREDO;40;;03.308-040;VILA AZEVEDO;SAO PAULO;SP;msevic@msevic.com.br;(11) 2297-4559;;ATIVA;24/09/2005;;;;0.0
03717920000202;FILIAL;09/03/2025;ANSS - ASSOCIACAO NACIONAL DE SAUDE SOCIAL;;399-9 - Associação Privada;AVENIDA ALFRIED KRUPP;1200;;13.232-005;JARDIM EUROPA;CAMPO LIMPO PAULISTA;SP;gestaoadm@anss.org.br;(11) 2225-1555;;ATIVA;13/01/2022;;;;0.0
24386755000134;MATRIZ;08/11/1967;INSTITUTO RITA LOBATO;INSTITUTO RITA LOBATO;399-9 - Associação Privada;RUA PRIMAVERA;480;;14.781-300;SANTA IZABEL;BARRETOS;SP;institutoesperancaevidabtos@gmail.com;(17) 3612-1739 / (17) 3612-1739;;ATIVA;07/03/2016;;;;0.0
28544216000307;FILIAL;08/12/2019;INSTITUTO BENEFICENTE IRMA LOURDES - IBEIL;CASA AQUARELA;399-9 - Associação Privada;RUA MARECHAL JOAO BATISTA MASCARENHAS DE MORAES;310;;12.606-130;CRUZ;LORENA;SP;ibeilaquarela@gmail.com;(12) 9604-1238;;ATIVA;13/07/2020;;;;0.0
47708771000525;FILIAL;12/05/2022;IRMANDADE DA SANTA CASA DE MISERICORDIA DE SAO BERNARDO DO CAMPO;UNIDADE BASICA DE SAUDE;399-9 - Associação Privada;RUA FERNANDO COSTA;139;;08.500-130;VILA ROMANOPOLIS;FERRAZ DE VASCONCELOS;SP;irmandade@santacasasbc.org.br;(11) 4353-3300;;ATIVA;14/10/2021;;;;0.0
48548184000155;MATRIZ;02/11/2005;GRUPO DA FRATERNIDADE IRMAO ALTINO;;399-9 - Associação Privada;RUA ALVARES CABRAL;381;;12.505-070;CAMPO DO GALVAO;GUARATINGUETA;SP;gf@irmaoaltino.com.br;(12) 3132-7959;;ATIVA;28/08/2004;;;;0.0
50351626000897;FILIAL;08/12/2019;BENEFICENCIA HOSPITALAR DE CESARIO LANGE;BHCL - FILIAL HORTOLANDIA;399-9 - Associação Privada;RUA ARTUR HENRIQUE GABE;35;;13.184-090;PARQUE ORTOLANDIA;HORTOLANDIA;SP;departamentofiscal@zelocontabilidade.com;(15) 3251-4031 / (11) 3736-5051;;ATIVA;18/01/2023;;;;0.0
45349461000102;MATRIZ;09/01/2011;ASSOCIACAO HOSPITALAR BENEFICENTE DO BRASIL;;399-9 - Associação Privada;R DR ORLANDO T SANTOS;50;;17.402-064;WILLIAMS;GARCA;SP;controladoria@ahbb.org.br;(16) 3374-8438;;ATIVA;03/11/2005;;;;0.0
48211585002088;FILIAL;09/10/2007;SOCIEDADE BRASILEIRA CAMINHO DE DAMASCO;SOCIEDADE BRASILEIRA CAMINHO DE DAMASCO - ITU;399-9 - Associação Privada;AVENIDA NOVE DE JULHO;691;;13.313-100;JARDIM PADRE BENTO;ITU;SP;luisherce@sbcdsaude.org.br;(11) 5049-2292;;ATIVA;21/02/2019;;;;0.0
60242609000107;MATRIZ;10/01/2000;ORGANIZACAO SOCIAL AAPROCOM;AAPROCOM;399-9 - Associação Privada;RUA GETULIO VARGAS;91;;14.870-470;SOROCABANO;JABOTICABAL;SP;aaprocom@gmail.com;(16) 3202-4610 / (16) 3202-4610;;ATIVA;09/12/2000;;;;0.0
48211585000972;FILIAL;01/08/2024;SOCIEDADE BRASILEIRA CAMINHO DE DAMASCO;UPA DR. THELMO - JACAREI;399-9 - Associação Privada;RUA DOS FERROVIARIOS;528;;12.327-683;JARDIM MESQUITA;JACAREI;SP;luisherce@aasp.org.br;(11) 3101-3218;;ATIVA;10/05/2017;;;;0.0
04295265000115;MATRIZ;12/02/2010;ASSOCIACAO SANTA MARIA DE SAUDE;ASAMAS;399-9 - Associação Privada;RUA AMAZONAS;504;;13.911-056;GLEBA DESTACADA DA FAZENDA SANTA CRUZ;JAGUARIUNA;SP;secretaria@asamas.com.br;(19) 3867-1631 / (19) 3867-5042 / (19) 3867-1631;;ATIVA;02/02/2001;;;;0.0
09528436000394;FILIAL;12/04/2009;ASSOCIACAO BENEFICENTE HOSPITAL UNIVERSITARIO;PRONTO ATENDIMENTO ZONA SUL;399-9 - Associação Privada;R ANTONIO PEREIRA DA SILVA;288;;17.520-460;HIPICA PAULISTA;MARILIA;SP;contabilidade@abhu.com.br;(14) 3451-4551;;ATIVA;30/12/2022;;;;0.0
09528436000203;FILIAL;03/09/2008;ASSOCIACAO BENEFICENTE HOSPITAL UNIVERSITARIO;UNIDADE DE PRONTO ATENDIMENTO ZONA NORTE;399-9 - Associação Privada;RUA JOAO CALIMAN;110;;17.512-530;PARQUE DAS NACOES;MARILIA;SP;;(14) 2105-4118;;ATIVA;27/04/2016;;;;0.0
09528436000122;MATRIZ;04/01/2017;ASSOCIACAO BENEFICENTE HOSPITAL UNIVERSITARIO;HOSPITAL BENEFICENTE UNIMAR;399-9 - Associação Privada;R DR PROSPERO CECILIO COIMBRA;80;;17.525-160;JARDIM SAO GABRIEL;MARILIA;SP;fatima.silva@abhu.com.br;(14) 2105-4500;;ATIVA;14/04/2008;;;;0.0
26908536000101;MATRIZ;09/04/2018;ASSOCIACAO NIPO BRASILEIRA AO COMBATE DE USO DE ALCOOL E OUTRAS DROGAS;;399-9 - Associação Privada;RODOVIA SP 215 KM 107 ESTANCIA JK;SN;;13.690-000;ZONA RURAL;DESCALVADO;SP;;(19) 3583-5312;;ATIVA;12/01/2017;;;;0.0
61699567009068;FILIAL;10/05/2010;SPDM - ASSOCIACAO PAULISTA PARA O DESENVOLVIMENTO DA MEDICINA;SPDM - PAIS COMPLEXO HOSPITALAR IRMA DULCE;399-9 - Associação Privada;RUA DAIR BORGES;550;;11.701-210;BOQUEIRAO;PRAIA GRANDE;SP;corporativopais@spdm-pais.org.br;(11) 5904-6300;;ATIVA;07/06/2019;;;;0.0
55991954000103;MATRIZ;09/12/2022;SANATORIO ESPIRITA VICENTE DE PAULO;;399-9 - Associação Privada;RUA PARA;1280;;14.060-440;IPIRANGA;RIBEIRAO PRETO;SP;sevp@convex.com.br;(0016) 0622-2100 / (0016) 0622-2376;;ATIVA;03/11/2005;;;;0.0
61699567001245;FILIAL;09/08/2022;SPDM - ASSOCIACAO PAULISTA PARA O DESENVOLVIMENTO DA MEDICINA;HOSPITAL MUNICIPAL DR. JOSE DE CARVALHO FLORENCE;399-9 - Associação Privada;R SAIGIRO NAKAMURA;800;;12.220-280;VILA INDUSTRIAL;SAO JOSE DOS CAMPOS;SP;nfe.serv@hmjcf.spdm.org.br;(12) 3901-3400;;ATIVA;09/08/2006;;;;0.0
21583042001497;FILIAL;01/02/2020;HOSPITAL E MATERNIDADE THEREZINHA DE JESUS;HMTJ;399-9 - Associação Privada;PC NATAL;55;;12.235-621;PARQUE INDUSTRIAL;SAO JOSE DOS CAMPOS;SP;;(21) 3031-2828;;ATIVA;10/03/2015;;;;0.0
66518267003875;FILIAL;10/10/2022;CENTRO DE ESTUDOS E PESQUISAS DR JOAO AMORIM;HOSPITAL E MATERNIDADE SOTERO DE SOUZA;399-9 - Associação Privada;RUA SANTA IZABEL;186;;18.130-565;VILA MARQUES;SAO ROQUE;SP;fiscal@cejam.org.br;(11) 3469-1818;;ATIVA;09/06/2021;;;;0.0
72957814000120;MATRIZ;07/07/2022;SANTA CASA DE MISERICORDIA DE VOTUPORANGA;SANTA CASA;399-9 - Associação Privada;R MINAS GERAIS;3.051;;15.500-003;SANTA ELIZA;VOTUPORANGA;SP;;;;ATIVA;03/11/2005;;;;0.0
43723907000191;MATRIZ;03/02/2004;ASSOCIACAO BENEFICENTE DE APIAI;HOSPITAL DR. ADHEMAR DE BARROS;399-9 - Associação Privada;RUA 1º DE MAIO;336;;18.320-003;CENTRO;APIAI;SP;contabilidade@abasaude.org;(15) 3552-1266;;ATIVA;03/11/2005;;;;0.0
44364826000105;MATRIZ;08/10/1966;SANTA CASA DE MISERICORDIA DE ASSIS;SANTA CASA;399-9 - Associação Privada;PC DR SYMPHONIO A SANTOS;166;;19.807-155;CENTRO;ASSIS;SP;;;;ATIVA;03/11/2005;;;;0.0
07345851000115;MATRIZ;09/10/2023;CRUZ VERMELHA BRASILEIRA FILIAL DO ESTADO DO RIO GRANDE DO SUL;;399-9 - Associação Privada;AVENIDA IDEPENDENCIA;993;;90.035-076;CENTRO;PORTO ALEGRE;RS;;(51) 3311-5140 / (51) 3242-8317;;ATIVA;31/03/2005;;;;0.0
55189930000127;MATRIZ;12/04/2022;IRMANDADE DE MISERICORDIA DE PORTO FERREIRA;HOSPITAL DONA BALBINA;399-9 - Associação Privada;RUA DOUTOR CARLINDO VALERIANI;337;;13.660-017;CENTRO;PORTO FERREIRA;SP;renato.contabilidade@hospitaldonabalbina.com.br;(19) 3589-5500 / (19) 3589-5500;;ATIVA;04/10/2003;;;;0.0
44563716000172;MATRIZ;01/09/1995;INSTITUTO NACIONAL DE PESQUISA E GESTAO EM SAUDE - INSAUDE;;399-9 - Associação Privada;AVENIDA CL GUILHERME A CASTANHO;496;;18.960-000;CENTRO;BERNARDINO DE CAMPOS;SP;;;;ATIVA;28/12/2002;;;;0.0
40289134000199;MATRIZ;07/06/2018;PROJETO SOCIAL CRESCE COMUNIDADE - PRIMA QUALITA;PRIMA QUALITA;399-9 - Associação Privada;RUA DOUTOR FRANCISCO DE SOUZA;728;;28.800-000;CENTRO;RIO BONITO;RJ;contabil.primaqualita@gmail.com;(21) 6673-1334 / (21) 2209-3632;;ATIVA;14/01/2009;;;;0.0
23453830000170;MATRIZ;07/01/1996;INSTITUTO NACIONAL DE DESENVOLVIMENTO SOCIAL E HUMANO - INDSH;HOSPITAL E MATERNIDADE DR EUGENIO GOMES DE CARVALHO;399-9 - Associação Privada;RUA DOUTOR CRISTIANO OTONI;233;;33.250-006;CENTRO;PEDRO LEOPOLDO;MG;fiscal.pl@indsh.org.br;(31) 3660-3700;;ATIVA;09/12/2000;;;;0.0
05997585000180;MATRIZ;07/08/2024;INSTITUTO VIDA E SAUDE - INVISA;INVISA;399-9 - Associação Privada;RUA HERMETE SILVA;49;;28.470-000;CENTRO;SANTO ANTONIO DE PADUA;RJ;contato@invisa.org.br;(22) 3851-2901 / (22) 3851-2901;;ATIVA;21/11/2003;;;;0.0
69127611000100;MATRIZ;12/03/2022;PROMOVE ACAO SOCIO CULTURAL;PROMOVE;399-9 - Associação Privada;R GENERAL FRANCISCO GLICERIO;1909;;08.674-003;CENTRO;SUZANO;SP;promove@promove.org.br;(11) 2249-5539;;ATIVA;28/07/1998;;;;0.0
03254082000946;FILIAL;05/06/2024;INSTITUTO ACQUA - ACAO, CIDADANIA, QUALIDADE URBANA E AMBIENTAL;HOSPITAL REGIONAL DR. JOSE SIMONE NETO;399-9 - Associação Privada;RUA BALTAZAR SALDANHA;1531;;79.904-602;CENTRO;PONTA PORA;MS;carmem@razaors.com.br;(11) 4823-1800;;ATIVA;17/07/2019;;;;0.0
23453830000412;FILIAL;12/06/1967;INSTITUTO NACIONAL DE DESENVOLVIMENTO SOCIAL E HUMANO - INDSH;HOSPITAL REGIONAL DO MARAJO;399-9 - Associação Privada;AVENIDA RIO BRANCO;S/N;;68.800-000;CENTRO;BREVES;PA;fiscal.hrm@indsh.org.br;(91) 3783-2818 / (31) 3660-3700 / (31) 3660-3735;;ATIVA;19/08/2010;;;;0.0
23453830002385;FILIAL;08/04/2021;INSTITUTO NACIONAL DE DESENVOLVIMENTO SOCIAL E HUMANO - INDSH;HOSPITAL PUBLICO REGIONAL DOS CAETES;399-9 - Associação Privada;AV BARAO DE CAPANEMA;3191;;68.700-005;CENTRO;CAPANEMA;PA;fiscal.hrpc@indsh.org.br;(91) 3462-3051;;ATIVA;04/06/2021;;;;0.0
44563716002701;FILIAL;01/06/2025;INSTITUTO NACIONAL DE PESQUISA E GESTAO EM SAUDE - INSAUDE;HOSPITAL GERAL DE IPIXUNA - HGI;399-9 - Associação Privada;RUA JOSE BONIFACIO;S/N;;68.637-000;CENTRO;IPIXUNA DO PARA;PA;contato@insaude.org.br;(11) 3876-6787;;ATIVA;02/02/2023;;;;0.0
10739225001866;FILIAL;05/06/1980;INSTITUTO SOCIAL DAS MEDIANEIRAS DA PAZ;HOSPITAL REGIONAL FERNANDO BEZERRA;399-9 - Associação Privada;R TEOBALDO GOMES TORRES;510;;56.200-000;CENTRO;OURICURI;PE;;(87) 3873-1192;;ATIVA;10/02/2020;;;;0.0
14284483000108;MATRIZ;01/07/2001;ASSOCIACAO DE PROTECAO A MATERNIDADE E INFANCIA UBAIRA;S3 GESTAO EM SAUDE;399-9 - Associação Privada;R ANTONIO TEIXEIRA DELLA CELLA;SN;;45.310-000;CENTRO;UBAIRA;BA;contato@s3saude.com.br;(75) 3544-2651;;ATIVA;24/09/2005;;;;0.0
73027690000146;MATRIZ;01/07/2001;SANTA CASA DE MISERICORDIA DE CHAVANTES;SANTA CASA DE CHAVANTES;399-9 - Associação Privada;R MARIA FERREIRA;22;;18.970-029;CENTRO;CHAVANTES;SP;;;;ATIVA;12/03/2004;;;;0.0
24006302000488;MATRIZ;01/07/2001;INSTITUTO DE DESENVOLVIMENTO, ENSINO E ASSISTENCIA A SAUDE - IDEAS;INSTITUTO IDEAS;399-9 - Associação Privada;RUA DEPUTADO JOAQUIM RAMOS;125;;88.715-000;CENTRO;JAGUARUNA;SC;protocolo@ideas.med.br;(48) 3027-6200;;ATIVA;19/01/2018;;;;0.0
95422358001000;FILIAL;10/10/1993;HOSPITAL ANA NERY SANTA CRUZ DO SUL;HOSPITAL SAO JOSE;399-9 - Associação Privada;AVENIDA SAO MIGUEL;482;;93.950-000;CENTRO;DOIS IRMAOS;RS;contabilidade@hananery.com.br;(51) 2106-4409 / (51) 2106-4424;;ATIVA;20/07/2023;;;;0.0
47617584000374;FILIAL;08/12/1967;IRMANDADE DA SANTA CASA DE MISERICORDIA E MAT DRACENA;AMBULATORIO MEDICO DE ESPECIALIDADES DE DRACENA - AME;399-9 - Associação Privada;RUA IPIRANGA;1198;;17.900-000;CENTRO;DRACENA;SP;diretoria@santacasadracena.com.br;(18) 3822-1716 / (18) 3822-2045 / (18) 3822-3500;;ATIVA;19/08/2008;;;;0.0
03969808000927;FILIAL;01/02/1981;INSTITUTO SOCRATES GUANAES - ISG;HOSPITAL REGIONAL JORGE ROSSMANN;399-9 - Associação Privada;AV RUI BARBOSA;541;;11.740-000;CENTRO;ITANHAEM;SP;danielschaper04@gmail.com;(71) 4062-8895/ (71) 9903-4906;;ATIVA;17/07/2017;;;;0.0
61687356004801;FILIAL;08/01/1969;SERVICO SOCIAL DA CONSTRUCAO CIVIL DO ESTADO DE SAO PAULO - SECONCI-SP;AMBULATORIO MEDICO ESPECIALIDADES - AME ITAPEVA;399-9 - Associação Privada;PRACA ESPIRIDIAO LUCIO MARTINS;220;;18.400-020;CENTRO;ITAPEVA;SP;contabilidade.fiscal@seconci-sp.org.br;(11) 3664-5050 / (15) 3524-9030;;ATIVA;26/05/2023;;;;0.0
60742616000755;FILIAL;02/06/1972;CASA DE SAUDE SANTA MARCELINA;O.S.S. STA. MARCELINA - HOSP. GERAL DE ITAQUAQUECETUBA;399-9 - Associação Privada;R RIO NEGRO;48;;08.577-210;CENTRO;ITAQUAQUECETUBA;SP;;(11) 2070-6275;;ATIVA;11/01/2000;;;;0.0
50304377000293;FILIAL;05/06/1980;SANTA CASA DE MISERICORDIA DE ITUVERAVA;AMBULATORIO MEDICOS DE ESPECIALIDADES - AME - ITUVERAVA;399-9 - Associação Privada;RUA CAPITAO EUCLIDES BARBOSA LIMA;435;;14.500-000;CENTRO;ITUVERAVA;SP;financeiro.ameituverava@yahoo.com.br;(16) 3830-8643 / (16) 3830-1200;;ATIVA;21/12/2009;;;;0.0
72957814000472;FILIAL;10/10/1993;SANTA CASA DE MISERICORDIA DE VOTUPORANGA;AMBULATORIO MEDICO DE ESPECIALIDADES JALES;399-9 - Associação Privada;RUA SETE;2720;;15.700-016;CENTRO;JALES;SP;contabilidade@santacasavotuporanga.com.br;(17) 3405-9133;;ATIVA;25/03/2009;;;;0.0
09538688001295;FILIAL;08/12/1967;INSTITUTO DE RESPONSABILIDADE SOCIAL SIRIO LIBANES;INST DE RESP SOCIAL SIRIO LIBANES - UNIDADE AME JUNDIAI;399-9 - Associação Privada;RUA RANGEL PESTANA;531;;13.201-000;CENTRO;JUNDIAI;SP;fiscal@irssl.org.br;(11) 5200-0946 / (11) 5200-0900;;ATIVA;11/01/2022;;;;0.0
61687356003821;FILIAL;06/10/2019;SERVICO SOCIAL DA CONSTRUCAO CIVIL DO ESTADO DE SAO PAULO - SECONCI-SP;AMBULATORIO MEDICO DE ESPECIALIDADES - AME LORENA;399-9 - Associação Privada;R DOM BOSCO;604;;12.600-100;CENTRO;LORENA;SP;contabilidade.fiscal@seconci-sp.org.br;(11) 3664-5050;;ATIVA;19/02/2016;;;;0.0
03969808001494;FILIAL;03/06/2020;INSTITUTO SOCRATES GUANAES - ISG;AME PARIQUERA-ACU;399-9 - Associação Privada;R DOS EXPEDICIONARIOS;155;;11.930-000;CENTRO;PARIQUERA-ACU;SP;institucional@isgsaude.org;(71) 4062-8888;;ATIVA;10/02/2020;;;;0.0
43535210001240;FILIAL;12/05/2007;IRMANDADE DA SANTA CASA DE ANDRADINA;SERVICO DE REABILITACAO LUCY MONTORO - PARIQUERA-ACU;399-9 - Associação Privada;RUA FERNANDO COSTA;655;;11.930-000;CENTRO;PARIQUERA-ACU;SP;contabilidade2@santacasaandradina.com.br;(18) 3702-1100;;ATIVA;27/08/2019;;;;0.0
72957814000391;FILIAL;04/02/2009;SANTA CASA DE MISERICORDIA DE VOTUPORANGA;AMBULATORIO MEDICO DE ESPECIALIDADES - SANTA FE DO SUL;399-9 - Associação Privada;AV NAVARRO DE ANDRADE;40;;15.775-000;CENTRO;SANTA FE DO SUL;SP;;(17) 3405-9133/ (17) 3405-9133;;ATIVA;11/03/2008;;;;0.0
19622700000146;MATRIZ;05/10/2001;INSTITUTO DE GESTAO INTEGRADA - IGI;IGI;399-9 - Associação Privada;RUA COMANDANTE ALMIRO;404;;44.001-456;CENTRO;FEIRA DE SANTANA;BA;ascom@igi.com.br;(71) 3506-3888 / (71) 3506-3888;;ATIVA;28/11/2013;;;;0.0
15166416001204;FILIAL;02/06/1972;REAL SOCIEDADE PORTUGUESA DE BENEF 16 DE SETEMBRO;HOSPITAL PORTUGUES / UNID ANTONIO C MAGALHAES;399-9 - Associação Privada;AVENIDA RENATO CAMPOS;567;;48.500-000;CENTRO;EUCLIDES DA CUNHA;BA;hospital@hportugues.com.br;(75) 3259-1601 / (71) 3332-3776;;ATIVA;17/12/2015;;;;0.0
07466228000110;MATRIZ;01/02/1981;PROVIDA - INSTITUTO NACIONAL DE GESTAO SOCIAL E INOVACAO PUBLICO PRIVADA;INSTITUTO PROVIDA;399-9 - Associação Privada;RUA MARIA ISABEL DOS SANTOS;332;;42.702-440;CENTRO;LAURO DE FREITAS;BA;contato@groupconnex.com.br;(71) 9913-7668 / (71) 2106-0010 / (71) 3359-4141;;ATIVA;20/04/2005;;;;0.0
60975737007679;FILIAL;10/11/1968;SOCIEDADE BENEFICENTE SAO CAMILO;HOSPITAL SAO LUCAS;399-9 - Associação Privada;RUA UBALDINO SOUTO MAIOR;1052;;63.700-001;CENTRO;CRATEUS;CE;contabilidade@saocamilocrateus.org.br;(88) 3691-9310;;ATIVA;11/05/2011;;;;0.0
26227882000540;FILIAL;07/05/1989;INSTITUTO NACIONAL DE GESTAO EM EDUCACAO E SAUDE - INGES;INGES;399-9 - Associação Privada;RUA ANTONIO BENTO;112;;29.360-000;CENTRO;CASTELO;ES;medico@inges.org.br;(62) 3639-0375;;ATIVA;25/07/2022;;;;0.0
26227882000388;FILIAL;04/07/1970;INSTITUTO NACIONAL DE GESTAO EM EDUCACAO E SAUDE - INGES;INGES;399-9 - Associação Privada;R PADRE ANTONIO MARIA;201;;29.295-000;CENTRO;VARGEM ALTA;ES;medico@inges.org.br;(62) 3639-0375;;ATIVA;15/04/2021;;;;0.0
07810422000171;MATRIZ;08/06/1971;ASSOCIACAO BENEFICENTE AMIGOS DO HOSPITAL;HOSPITAL E MATERNIDADE RENASCER;399-9 - Associação Privada;RUA TENENTE REIS;945;;38.140-000;CENTRO;PRATA;MG;;(34) 3431-1239;;ATIVA;24/01/2006;;;;0.0
24979150000157;MATRIZ;08/01/1969;INSTITUTO GUARANI PARA O DESENVOLVIMENTO HUMANO;INSTITUTO GUARANI;399-9 - Associação Privada;AV DR. LUIS S. GUIMARAES;119;;65.465-000;CENTRO;CANTANHEDE;MA;marcelo89.ferreira@gmail.com;(98) 8467-7241/ (98) 8407-8346;;ATIVA;04/04/2019;;;;0.0
21426044000158;MATRIZ;02/06/1972;ASSOCIACAO DE PAIS E AMIGOS DOS EXCEPCIONAIS;APAE;399-9 - Associação Privada;RUA GABRIEL MONTEIRO DA SILVA;1070;;37.130-001;CENTRO;ALFENAS;MG;apaealfenas@yahoo.com.br;(35) 3291-1159 / (35) 3292-5650 / (35) 3292-5650;;ATIVA;04/10/2003;;;;0.0
20942819000185;MATRIZ;10/10/1993;ASSOCIACAO HOSPITALAR SAO VICENTE DE PAULO;AHSVPI;399-9 - Associação Privada;RUA TIRADENTES;230;;36.950-000;CENTRO;IPANEMA;MG;;;;ATIVA;01/07/2001;;;;0.0
19083062000213;FILIAL;08/01/1969;LAR VICENTINO SANTO ANTONIO;LAR VICENTINO SANTO ANTONIO;399-9 - Associação Privada;RUA SILVA LEMES;246;;37.400-000;CENTRO;CAMPANHA;MG;vila_cpa@yahoo.com.br;(35) 3261-1120;;ATIVA;19/12/2017;;;;0.0
21236845000908;FILIAL;02/06/1972;INSTITUTO GENNESIS GESTAO EM SAUDE, EDUCACAO E TECNOLOGIA;HOSPITAL DO POVO - HOSP MUNICIPAL DELFINA ALVES BARBOSA;399-9 - Associação Privada;RUA CIDADE DO PRATA;415;;38.280-000;CENTRO;ITURAMA;MG;matriz@institutogennesis.org.br;(62) 3249-6267;;ATIVA;19/07/2023;;;;0.0
22488241000164;MATRIZ;02/06/1972;INSTITUTO DE SAUDE HSVP;HSVP - MATRIZ;399-9 - Associação Privada;RUA CARANGOLA;134;;36.190-000;CENTRO;MERCES;MG;contabilidade@grupohsvp.com.br;(32) 3337-1219;;ATIVA;24/09/2005;;;;0.0
22423998000170;MATRIZ;06/04/2001;ASSOCIACAO UBAENSE DE SAUDE MENTAL;ANDORINHAS - ARTES E CULTURAS;399-9 - Associação Privada;RUA CORONEL GALDINO TEIXEIRA DE ABREU;802;;36.500-049;CENTRO;UBA;MG;administrativo@andorinhas.org;(32) 3531-8896 / (32) 3531-8896;;ATIVA;29/04/2015;;;;0.0
25452301000187;MATRIZ;04/05/2024;SOCIEDADE EDUCACIONAL UBERABENSE;UNIUBE - UNIVERSIDADE DE UBERABA;399-9 - Associação Privada;AV GUILHERME FERREIRA;217;;38.010-200;CENTRO;UBERABA;MG;contabilidade@uniube.br;(34) 3216-600;;ATIVA;30/10/2004;;;;0.0
03395807000169;MATRIZ;08/03/2016;SOCIEDADE LACERDENSSE DE BENEFICENCIA;S O L B E N;399-9 - Associação Privada;RUA ANTONIO BENTO NETO;379;;78.250-000;CENTRO;PONTES E LACERDA;MT;solben@hotmail.com;(65) 3266-2056 / (65) 3266-1355 / (65) 3266-2056;;ATIVA;14/09/1999;;;;0.0
27450038000112;MATRIZ;10/04/2008;INSTITUTO DE ESTUDOS E PESQUISAS HUMANIZA;O.S. HUMANIZA;399-9 - Associação Privada;RUA CRISTOVAO COLOMBO;82;;14.770-000;CENTRO;COLINA;SP;contato@wdcontabilidade.com.br;(17) 3321-1616;;ATIVA;19/10/2016;;;;0.0
09627870000593;FILIAL;09/11/2000;INSTITUTO MORIAH;HOSPITAL ANNA FIORILLO MENARIM;399-9 - Associação Privada;RUA DOUTOR OTAVIO NOVAES JUNIOR;190;;84.165-970;CENTRO;CASTRO;PR;contato@agere.com.br;(15) 3346-5232;;ATIVA;22/08/2017;;;;0.0
79572665000120;MATRIZ;10/06/2014;HOSPITAL DE CARIDADE DE PALMEIRA;SANTA CASA DE MISERICORDIA DE PALMEIRA;399-9 - Associação Privada;RUA CEL. OTTONI FERREIRA MACIEL;166;;84.130-000;CENTRO;PALMEIRA;PR;;(042) 2523-435;;ATIVA;22/11/2023;;;;0.0
23453830002890;FILIAL;11/04/1999;INSTITUTO NACIONAL DE DESENVOLVIMENTO SOCIAL E HUMANO - INDSH;UPA SANTANA (UPA PORTE II);399-9 - Associação Privada;RUA DOUTOR PAULA XAVIER;750;;84.010-270;CENTRO;PONTA GROSSA;PR;financeiro.upaspg@indsh.org.br;(42) 3220-1063;;ATIVA;08/09/2022;;;;0.0
08325231000187;MATRIZ;12/03/2021;INSTITUTO DE SAUDE SANTA CLARA;INSTITUTO DE SAUDE SANTA CLARA;399-9 - Associação Privada;RUA PEDRO ROCHA DE ABREU;193;;85.140-000;CENTRO;CANDOI;PR;institutostaclara@hotmail.com;(42) 3622-8026;;ATIVA;22/09/2006;;;;0.0
17398245000200;FILIAL;11/03/2021;ASSOCIACAO HOSPITALAR BENEFICENTE MOACIR MICHELETTO DE ASSIS CHATEAUBRIAND-PR;ASSOCIACAO HOSPITALAR BENEFICENTE MOACIR MICHELETTO;399-9 - Associação Privada;RUA RIO GRANDE DO SUL;1030;;85.892-000;CENTRO;SANTA HELENA;PR;orgassi2016@gmail.com;(44) 3528-4002;;ATIVA;15/07/2021;;;;0.0
07417253000104;MATRIZ;12/10/2019;ISEB - INSTITUTO DE SAUDE, EDUCACAO E BEM ESTAR SOCIAL;ISEB;399-9 - Associação Privada;RUA ALCENDINO;SN;;28.495-000;CENTRO;APERIBE;RJ;institutoiseb@gmail.com;(22) 3864-1544;;ATIVA;01/02/2021;;;;0.0
19071461000183;MATRIZ;07/05/2006;CEMPES - CENTRO DE MEDICINA E PROJETOS ESPECIAIS;;399-9 - Associação Privada;R MONSENHOR LUSTOSA;25;;27.310-121;CENTRO;BARRA MANSA;RJ;cempes.sede@gmail.com;(21) 2691-8698;;ATIVA;12/09/2013;;;;0.0
29236841000184;MATRIZ;10/07/2013;SANTA CASA DE CARIDADE DE CANTAGALO;HOSPITAL DE CANTAGALO;399-9 - Associação Privada;PRACA MIGUEL SANTOS;25;;28.500-000;CENTRO;CANTAGALO;RJ;hcgalo@gmail.com;(22) 2555-4192;;ATIVA;03/11/2005;;;;0.0
44563716001730;FILIAL;06/02/2014;INSTITUTO NACIONAL DE PESQUISA E GESTAO EM SAUDE - INSAUDE;PSC DR.ARMANDO GOMES DE SA;399-9 - Associação Privada;ALAMEDA PIO XII;S/N;;24.440-410;CENTRO;SAO GONCALO;RJ;contato@insaude.org.br;(11) 3876-6787;;ATIVA;07/11/2019;;;;0.0
52941614000171;MATRIZ;10/09/2023;ASSOCIACAO DE BENEMERENCIA SENHOR BOM JESUS;HOSPITAL SENHOR BOM JESUS;399-9 - Associação Privada;RUA RUI BARBOSA;267;;14.730-000;CENTRO;MONTE AZUL PAULISTA;SP;adm@hsbj.com.br;(17) 3361-9210;;ATIVA;03/11/2005;;;;0.0
87768735000148;MATRIZ;02/04/2010;HOSPITAL DE CARIDADE E BENEFICENCIA;;399-9 - Associação Privada;R SALDANHA MARINHO;48;;96.508-000;CENTRO;CACHOEIRA DO SUL;RS;;;;ATIVA;03/11/2005;;;;0.0
07836454001037;FILIAL;12/06/2014;INSTITUTO BRASILEIRO DE SAUDE, ENSINO, PESQUISA E EXTENSAO PARA O DESENVOLVIMENTO HUMANO;IBSAUDE - SLS;399-9 - Associação Privada;RUA HUMAITA;590;;96.170-000;CENTRO;SAO LOURENCO DO SUL;RS;presidencia@ibsaude.org.br;(51) 3225-8546;;ATIVA;07/02/2020;;;;0.0
86324860000600;FILIAL;09/01/2009;ASSOCIACAO DA REDEH DE BENEFICENCIA CRISTA;HOSPITAL DIA ACI FERREIRA DE OLIVEIRA;399-9 - Associação Privada;RUA PADRE HORACIO REBELLO;100;;89.245-000;CENTRO;ARAQUARI;SC;coordenacaohmdl@portalredeh.org;(47) 3562-0226;;ATIVA;29/11/2018;;;;0.0
28700530002458;FILIAL;06/04/2007;INSTITUTO MARIA SCHMITT DE DESENVOLVIMENTO DE ENSINO, ASSISTENCIA SOCIAL E SAUDE DO CIDADAO;HOSPITAL SANTO ANTONIO;399-9 - Associação Privada;PRACA DOIS CORACOES;21;;88.740-000;CENTRO;ARMAZEM;SC;contabilidade@imas.net.br;(48) 3645-0120;;ATIVA;13/03/2023;;;;0.0
28700530000919;FILIAL;01/08/2018;INSTITUTO MARIA SCHMITT DE DESENVOLVIMENTO DE ENSINO, ASSISTENCIA SOCIAL E SAUDE DO CIDADAO;HOSPITAL MUNICIPAL AMERICO CAETANO DO AMARAL;399-9 - Associação Privada;RUA ADELIA AMARAL E SOUZA;598;;88.640-000;CENTRO;BOM JARDIM DA SERRA;SC;adm.hmaca@imas.net.br;(49) 3232-0277;;ATIVA;25/03/2019;;;;0.0
08776971000482;FILIAL;12/05/2013;INSTITUTO SANTE;INSTITUTO SANTE - HOSPITAL DE DIONISIO CERQUEIRA;399-9 - Associação Privada;RUA VEREADOR JOAO VITORIO VERONA;322;;89.950-000;CENTRO;DIONISIO CERQUEIRA;SC;gerentefinanceiro@hospitaldc.org;(49) 3644-1122 / (49) 3644-0840;;ATIVA;07/08/2017;;;;0.0
08325231000934;FILIAL;10/07/2008;INSTITUTO DE SAUDE SANTA CLARA;;399-9 - Associação Privada;R PADRE JOSE NOVACK;1790;;89.248-000;CENTRO;GARUVA;SC;preussassessoriacontabil@outlook.com;(42) 9991-2200;;ATIVA;26/01/2023;;;;0.0
18089166000191;MATRIZ;01/10/2011;ASSOCIACAO HOSPITALAR WITMARSUM-AHWI;AHWI;399-9 - Associação Privada;RUA 7 DE SETEMBRO;2.155;;89.157-000;CENTRO;WITMARSUM;SC;acaciomoser@brturbo.com.br;(47) 3358-0076 / (47) 3358-0107 / (47) 3358-0107;;ATIVA;26/04/2013;;;;0.0
52050911000127;MATRIZ;02/08/2019;ASSOC FEMININA DE MARILIA MATERNIDADE E GOTA DE LEITE;;399-9 - Associação Privada;AVENIDA NELSON SPIELMANN;631;;17.509-001;CENTRO;MARILIA;SP;;;;ATIVA;28/07/1998;;;;0.0
06339994000151;MATRIZ;03/02/2015;INSTITUTO BOM JESUS;INSTITUTO BOM JESUS;399-9 - Associação Privada;RUA CONSTITUICAO;489;;87.200-001;CENTRO;CIANORTE;PR;administracao@institutobomjesus.com.br;(44) 3629-1288 / (44) 3629-1346 / (44) 3629-1346;;ATIVA;30/06/2004;;;;0.0
23931208000120;MATRIZ;02/02/2020;INSTITUTO RIOGRANDENSE DE DESENVOLVIMENTO SOCIAL INTEGRADO - IRDESI;IRDESI;399-9 - Associação Privada;AVENIDA SETE DE SETEMBRO;910;;97.760-000;CENTRO;JAGUARI;RS;presidencia@irdesi.org.br;(55) 3255-1882 / (55) 8454-0280 / (55) 3333-7358;;ATIVA;16/12/2015;;;;0.0
48547806000120;MATRIZ;11/02/2020;IRMANDADE SENHOR DOS PASSOS E SANTA CASA DE MISERICORDIA DE GUARATINGUETA;;399-9 - Associação Privada;R RANGEL PESTANA;194;;12.501-090;CENTRO;GUARATINGUETA;SP;;;;ATIVA;19/06/1998;;;;0.0
12043445000723;FILIAL;07/03/2022;INSTITUTO DE GESTAO ADMINISTRACAO E TREINAMENTO EM SAUDE IGATS;;399-9 - Associação Privada;RUA BENEDITO CALIXTO;260;;11.760-000;CENTRO;ITARIRI;SP;juarez@d3assessoria.com.br;(11) 2306-8785;;ATIVA;27/10/2022;;;;0.0
50944198000130;MATRIZ;08/08/2011;HOSPITAL DE CARIDADE SAO VICENTE DE PAULO;;399-9 - Associação Privada;R SAO VICENTE DE PAULO;223;;13.201-625;CENTRO;JUNDIAI;SP;contabil@hsvicente.org.br;(11) 4583-5388/ (11) 4583-5387;;ATIVA;03/11/2005;;;;0.0
51274850000119;MATRIZ;02/05/2020;IRMANDADE DA SANTA CASA DE MISERICORDIA DE JUNQUEIROPOLIS;SANTA CASA JUNQUEIROPOLIS;399-9 - Associação Privada;RUA PORTO ALEGRE;1221;;17.890-000;CENTRO;JUNQUEIROPOLIS;SP;administracao@santacasajunqueiropolis.com.br;(18) 3841-9420;;ATIVA;28/07/1998;;;;0.0
35764774000173;MATRIZ;01/03/2022;INSTITUTO SANTA DULCE;;399-9 - Associação Privada;AVENIDA DOUTOR FERNANDO COSTA;463;;11.930-000;CENTRO;PARIQUERA-ACU;SP;diretoria@institutosantadulce.org.br;(13) 3856-2019 / (13) 9815-2386;;ATIVA;25/11/2019;;;;0.0
54667316000160;MATRIZ;05/01/2012;SOCIEDADE DE BENEFICENCIA DE PIRAJU;;399-9 - Associação Privada;RUA 7 DE SETEMBRO;818;;18.800-037;CENTRO;PIRAJU;SP;;;;ATIVA;28/08/2004;;;;0.0
56898356000149;MATRIZ;06/08/2008;IRMANDADE DA SANTA CASA DE MISERICORDIA DE SANTA ISABEL;;399-9 - Associação Privada;AVENIDA GUILHERME ALFIERI;205;;07.500-000;CENTRO;SANTA ISABEL;SP;;;;ATIVA;01/05/1999;;;;0.0
96295654000320;FILIAL;11/08/2008;INSTITUTO SOCIAL DE SAUDE SAO LUCAS;INSTITUTO SOCIAL DE SAUDE SAO LUCAS;399-9 - Associação Privada;RUA JOAO ALFREDO DE MORAES;105;;06.890-000;CENTRO;SAO LOURENCO DA SERRA;SP;institutosaudesaolucas@hotmail.com;(11) 4617-3914;;ATIVA;07/04/2021;;;;0.0
57571275000100;MATRIZ;07/04/1987;FUNDACAO DO ABC;FUABC - ORGANIZACAO SOCIAL DE SAUDE;127-9 - Fundação Pública de Direito Privado Municipal;AV LAURO GOMES;2000;;09.060-870;VILA SACADURA CABRAL;SANTO ANDRE;SP;contabilidade@fuabc.org.br;(11) 2666-5400/ (11) 2666-5432;MUNICÍPIO DE SAO BERNARDO DO CAMPO;ATIVA;03/06/1998;;;;0.0
42498717010037;FILIAL;08/11/1991;SECRETARIA DE ESTADO DE SAUDE - SES;UPA 24 HORAS - REALENGO;102-3 - Órgão Público do Poder Executivo Estadual ou do Distrito Federal;RUA MARECHAL JOAQUIM INACIO;S/N;;21.735-320;REALENGO;RIO DE JANEIRO;RJ;;(21) 2299-2577;RIO DE JANEIRO;ATIVA;21/10/2008;;;;0.0
42498717009705;FILIAL;01/01/2023;SECRETARIA DE ESTADO DE SAUDE - SES;UPA 24 HORAS - MARECHAL HERMES;102-3 - Órgão Público do Poder Executivo Estadual ou do Distrito Federal;RUA XAVIER CURADO;S/N;;21.610-330;MARECHAL HERMES;RIO DE JANEIRO;RJ;;(21) 2299-2577;RIO DE JANEIRO;ATIVA;04/09/2008;;;;0.0
42498717008644;FILIAL;03/07/2016;SECRETARIA DE ESTADO DE SAUDE - SES;UPA 24 HORAS - BANGU;102-3 - Órgão Público do Poder Executivo Estadual ou do Distrito Federal;RUA FIGUEIREDO CAMARGO;S/N;;21.870-210;BANGU;RIO DE JANEIRO;RJ;;(21) 2419-5657 / (21) 2419-5805 / (21) 2419-5948;RIO DE JANEIRO;ATIVA;27/02/2008;;;;0.0
42498717009101;FILIAL;07/01/2021;SECRETARIA DE ESTADO DE SAUDE - SES;UPA 24 HORAS - RICARDO DE ALBUQUERQUE;102-3 - Órgão Público do Poder Executivo Estadual ou do Distrito Federal;ESTRADA MARECHAL ALENCASTRO;S/N;;21.625-000;RICARDO DE ALBUQUERQUE;RIO DE JANEIRO;RJ;;(21) 2299-2577;RIO DE JANEIRO;ATIVA;14/07/2008;;;;0.0
10834118000179;MATRIZ;01/06/2024;FUNDACAO SAUDE DO ESTADO DO RIO DE JANEIRO;;126-0 - Fundação Pública de Direito Privado Estadual ou do Distrito Federal;R BARAO DE ITAPAGIPE;225;;20.261-005;RIO COMPRIDO;RIO DE JANEIRO;RJ;ana.fernandes@fs.rj.gov.br;(21) 2334-5010;RJ;ATIVA;05/05/2009;;;;0.0
31627025000143;MATRIZ;09/02/1991;FUNDACAO ESTATAL REGIONAL DE SAUDE E DESENVOLVIMENTO SOCIAL DA BACIA DO JUQUERY;FUNDASUS JUQUERY;127-9 - Fundação Pública de Direito Privado Municipal;AVENIDA DOS COQUEIROS, COMPLEXO HOSPITALAR JUQUERY;S/N;;07.850-320;CENTRO;FRANCO DA ROCHA;SP;admin@fundacaojuquery.org.br;(11) 4267-3441;FRANCO DA ROCHA - SP;ATIVA;05/09/2018;;;;0.0
42498717000155;MATRIZ;05/10/2017;SECRETARIA DE ESTADO DE SAUDE - SES;RJ - GABINETE DO SECRETARIO - SES;102-3 - Órgão Público do Poder Executivo Estadual ou do Distrito Federal;R BARAO DE ITAPAGIPE;225;;20.261-005;RIO COMPRIDO;RIO DE JANEIRO;RJ;;(21) 3385-9152;RJ;ATIVA;27/02/1999;;;;0.0
42498717011190;FILIAL;02/02/2001;SECRETARIA DE ESTADO DE SAUDE - SES;UPA 24 HORAS - CAMPOS DOS GOYTACAZES;102-3 - Órgão Público do Poder Executivo Estadual ou do Distrito Federal;AVENIDA SOUZA MOTA;200;;28.060-010;PARQUE FUNDAO;CAMPOS DOS GOYTACAZES;RJ;;(21) 2333-3705;RIO DE JANEIRO;ATIVA;27/08/2010;;;;0.0
42498717009373;FILIAL;06/07/2019;SECRETARIA DE ESTADO DE SAUDE - SES;UPA 24 HORAS - NOVA IGUACU;102-3 - Órgão Público do Poder Executivo Estadual ou do Distrito Federal;AVENIDA ABILIO AUGUSTO TAVORA;1600;;26.291-200;CABUCU;NOVA IGUACU;RJ;;(21) 2299-2577;RIO DE JANEIRO;ATIVA;08/08/2008;;;;0.0
42498717008997;FILIAL;09/09/1968;SECRETARIA DE ESTADO DE SAUDE - SES;UPA 24 HORAS - TIJUCA;102-3 - Órgão Público do Poder Executivo Estadual ou do Distrito Federal;RUA CONDE DE BONFIM;S/N;;20.520-054;TIJUCA;RIO DE JANEIRO;RJ;;(21) 2299-2558;RIO DE JANEIRO;ATIVA;29/04/2008;;;;0.0
42498717009888;FILIAL;08/09/2006;SECRETARIA DE ESTADO DE SAUDE - SES;UPA 24 HORAS - CAMPO GRANDE II;102-3 - Órgão Público do Poder Executivo Estadual ou do Distrito Federal;AVENIDA CESARIO DE MELO;S/N;;23.055-002;CAMPO GRANDE;RIO DE JANEIRO;RJ;;(21) 2299-2577;RIO DE JANEIRO;ATIVA;21/10/2008;;;;0.0
42498717009454;FILIAL;03/10/2015;SECRETARIA DE ESTADO DE SAUDE - SES;UPA 24 HORAS - SARAPUI (DUQUE DE CAXIAS II );102-3 - Órgão Público do Poder Executivo Estadual ou do Distrito Federal;RUA REPUBLICA DO PARAGUAI;S/N;;25.050-100;VILA SARAPUI;DUQUE DE CAXIAS;RJ;;(21) 2299-2577;RIO DE JANEIRO;ATIVA;04/09/2008;;;;0.0
42498717008563;FILIAL;06/09/2021;SECRETARIA DE ESTADO DE SAUDE - SES;UPA 24 HORAS - SANTA CRUZ;102-3 - Órgão Público do Poder Executivo Estadual ou do Distrito Federal;AVENIDA CESARIO DE MELO;13655;;23.590-060;SANTA CRUZ;RIO DE JANEIRO;RJ;;(21) 3313-9151 / (21) 3313-9151 / (21) 3157-2391;RIO DE JANEIRO;ATIVA;27/02/2008;;;;0.0
42498717011270;FILIAL;11/07/1967;SECRETARIA DE ESTADO DE SAUDE - SES;UPA 24 HORAS - NOVA IGUACU II;102-3 - Órgão Público do Poder Executivo Estadual ou do Distrito Federal;ESTRADA DE ANDRIANOPOLIS;S/N;;26.090-005;ADRIANOPOLIS;NOVA IGUACU;RJ;;(21) 2333-3705;RIO DE JANEIRO;ATIVA;27/08/2010;;;;0.0
42498717009969;FILIAL;04/06/1970;SECRETARIA DE ESTADO DE SAUDE - SES;UPA 24 HORAS - ENGENHO NOVO;102-3 - Órgão Público do Poder Executivo Estadual ou do Distrito Federal;RUA SOUZA BARROS;70;;20.961-150;ENGENHO NOVO;RIO DE JANEIRO;RJ;;(21) 2299-2577;RIO DE JANEIRO;ATIVA;21/10/2008;;;;0.0
42498691000579;FILIAL;08/06/1968;SECRETARIA DE ESTADO DE ADMINISTRACAO PENITENCIARIA;HOSPITAL PENAL DR HAMILTON AGOSTINHO VIEIRA DE CASTRO;102-3 - Órgão Público do Poder Executivo Estadual ou do Distrito Federal;ESTRADA GEN EMILIO MOUREL FILHO;1100;;21.854-010;BANGU;RIO DE JANEIRO;RJ;;;RIO DE JANEIRO;ATIVA;28/07/1998;;;;0.0
42498717009616;FILIAL;03/07/2007;SECRETARIA DE ESTADO DE SAUDE - SES;UPA 24 HORAS - ILHA DO GOVERNADOR;102-3 - Órgão Público do Poder Executivo Estadual ou do Distrito Federal;PARQUE POETA MANOEL BANDEIRA;S/N;;21.910-296;COCOTA - ILHA DO GOVERNADOR;RIO DE JANEIRO;RJ;;(21) 2299-2577;RIO DE JANEIRO;ATIVA;04/09/2008;;;;0.0
42498717008482;FILIAL;08/04/1969;SECRETARIA DE ESTADO DE SAUDE - SES;UPA 24 HORAS - IRAJA;102-3 - Órgão Público do Poder Executivo Estadual ou do Distrito Federal;AVENIDA MONSENHOR FELIX;380;;21.235-110;IRAJA;RIO DE JANEIRO;RJ;;(21) 2481-6010 / (21) 2481-5419 / (21) 2481-6174;RIO DE JANEIRO;ATIVA;27/02/2008;;;;0.0
36901264000163;MATRIZ;02/07/1975;FUNDACAO ESTADUAL DE INOVACAO EM SAUDE - INOVA CAPIXABA;;126-0 - Fundação Pública de Direito Privado Estadual ou do Distrito Federal;R CASTELO BRANCO;1970;;29.100-590;OLARIA;VILA VELHA;ES;inovacapixaba@inovacapixaba.es.gov.br;(27) 3347-5648;ES;ATIVA;03/03/2020;;;;0.0
90260480000112;MATRIZ;11/03/1992;FUNDACAO MUNICIPAL DE SAUDE-FUMSA;HOSPITAL DE BUTIA;127-9 - Fundação Pública de Direito Privado Municipal;AVENIDA HONORIO HERMETO;S/N;;96.750-000;CENTRO;BUTIA;RS;;;BUTIA - RS;ATIVA;16/11/2002;;;;0.0
08943130000170;MATRIZ;06/02/1969;FUNDACAO HOSPITALAR SAO JOSE;FHSJ;115-5 - Fundação Pública de Direito Público Municipal;RUA JOAO PAZZA;197;;95.480-000;CENTRO;CAMBARA DO SUL;RS;fssjose@tca.com.br;(54) 3251-1315 / (54) 3251-1167 / (54) 3251-1315;CAMBARA DO SUL - RS;ATIVA;22/06/2007;;;;0.0
89421259000110;MATRIZ;11/09/2004;FUNDACAO HOSPITALAR SANTA TEREZINHA DE ERECHIM;HOSPITAL SANTA TEREZINHA;127-9 - Fundação Pública de Direito Privado Municipal;RUA ITALIA;919;;99.700-048;CENTRO;ERECHIM;RS;;;ERECHIM - RS;ATIVA;03/11/2005;;;;0.0
57571275002812;FILIAL;12/06/1994;FUNDACAO DO ABC;AMBULATORIO MEDICO DE ESPECIALIDADES - AME ITAPEVI;127-9 - Fundação Pública de Direito Privado Municipal;RUA CHRISTINO GONZALES;215;;06.694-040;NOVA ITAPEVI;ITAPEVI;SP;contabilidade@fuabc.org.br;(11) 2666-5400;SAO BERNARDO DO CAMPO - SP;ATIVA;19/09/2019;;;;0.0
57571275001689;FILIAL;07/05/2020;FUNDACAO DO ABC;AMBULATORIO MEDICO DE ESPECIALIDADES - AME MAUA;127-9 - Fundação Pública de Direito Privado Municipal;RUA AMERICO PERRELLA;171;;09.390-030;CENTRO;MAUA;SP;contabilidade@fuabc.org.br;(11) 2666-5400;SAO BERNARDO DO CAMPO - SP;ATIVA;17/05/2012;;;;0.0
57571275001093;FILIAL;08/07/2011;FUNDACAO DO ABC;AMBULATORIO MEDICO DE ESPECIALIDADES - AME PRAIA GRANDE;127-9 - Fundação Pública de Direito Privado Municipal;RUA VALTER JOSE ALVES;S/N;;11.705-030;VILA MIRIM;PRAIA GRANDE;SP;contabilidade@fuabc.org.br;(11) 2666-5432 / (11) 2666-5445;SAO BERNARDO DO CAMPO - SP;ATIVA;04/03/2009;;;;0.0
57571275000607;FILIAL;06/04/2021;FUNDACAO DO ABC;HOSPITAL ESTADUAL MARIO COVAS DE SANTO ANDRE - O.S.S.;127-9 - Fundação Pública de Direito Privado Municipal;RUA DOUTOR HENRIQUE CALDERAZZO;321;;09.190-615;PARAISO;SANTO ANDRE;SP;contabilidade@fuabc.org.br;(11) 2666-5400 / (11) 2666-5432 / (11) 6829-5001;SAO BERNARDO DO CAMPO - SP;ATIVA;30/11/2001;;;;0.0
57571275001506;FILIAL;02/02/2023;FUNDACAO DO ABC;AMBULATORIO MEDICO DE ESPECIALIDADES - AME SANTO ANDRE;127-9 - Fundação Pública de Direito Privado Municipal;AVENIDA CAPITAO MARIO TOLEDO DE CAMARGO;3.330;;09.110-305;VILA AMERICA;SANTO ANDRE;SP;contabilidade@fuabc.org.br;(11) 2666-5400;SAO BERNARDO DO CAMPO - SP;ATIVA;28/10/2010;;;;0.0
57571275003037;FILIAL;02/10/2020;FUNDACAO DO ABC;AME SOROCABA;127-9 - Fundação Pública de Direito Privado Municipal;RUA GUAICURUS;411;;18.040-426;VILA LEAO;SOROCABA;SP;contabilidade@fuabc.org.br;(11) 2666-5400;SAO BERNARDO DO CAMPO - SP;ATIVA;11/12/2020;;;;0.0
57740490000180;MATRIZ;11/01/1976;CONSORCIO INTERMUNICIPAL DE SAUDE DO VALE DO RIBEIRA E LITORAL SUL;CONSAUDE;121-0 - Consórcio Público de Direito Público (Associação Pública);RUA DOS EXPEDICIONARIOS;140;;11.930-000;CENTRO;PARIQUERA-ACU;SP;consaude@consaude.org.br;(13) 3856-9600 / (13) 3856-9602 / (13) 3856-9682;PARIQUERA-ACU - SP;ATIVA;24/09/2005;;;;0.0
05802877000110;MATRIZ;08/10/1968;INSTITUICAO DE COOPERACAO INTERMUNICIPAL DO MEDIO PARAOPEBA;CISMEP;121-0 - Consórcio Público de Direito Público (Associação Pública);RUA ORQUIDEAS;489;;32.920-000;FLOR DE MINAS;SAO JOAQUIM DE BICAS;MG;debora.camargos@cismep.com.br;(31) 9351-7554 / (31) 2571-3026 / (31) 3532-3066;SAO JOAQUIM DE BICAS - MG;ATIVA;03/07/2003;;;;0.0
01260691000125;MATRIZ;01/07/2019;CONSORCIO INTERMUNICIPAL DE SAUDE E SERVICOS DO ALTO DO RIO PARA;CISPARA;121-0 - Consórcio Público de Direito Público (Associação Pública);RUA SACRAMENTO;375;;35.660-001;CENTRO;PARA DE MINAS;MG;consorciocispara@gmail.com;(37) 3231-6877 / (37) 3231-6877;PITANGUI - MG;ATIVA;03/11/2005;;;;0.0
00126737000155;MATRIZ;07/08/2024;CONSORCIO INTERMUNICIPAL DE SAUDE DO NORTE DO PARANA - CISNOP;CISNOP;121-0 - Consórcio Público de Direito Público (Associação Pública);RUA JUSTINO MARQUES BONFIM;17;;86.300-000;CENTRO;CORNELIO PROCOPIO;PR;diretoria@cisnop.com.br contabilidadecisnop@outlook.com;(43) 3520-0121 / (43) 3520-0101 / (43) 3904-1507;CORNELIO PROCOPIO - PR;ATIVA;27/08/2005;;;;0.0
18236227000104;MATRIZ;08/07/2009;FUNDACAO MUNICIPAL DE SAUDE DE FOZ DO IGUACU;FUNDACAO MUNICIPAL DE SAUDE DE FOZ DO IGUACU;127-9 - Fundação Pública de Direito Privado Municipal;RUA ADONIRAN BARBOSA;370;;85.864-492;JARDIM CENTRAL;FOZ DO IGUACU;PR;contabilidade.hmpgl@gmail.com;(45) 3521-1950 / (45) 3521-1979;FOZ DO IGUACU - PR;ATIVA;28/05/2013;;;;0.0
48402912000116;MATRIZ;07/05/2018;FUNDACAO DE ATENCAO A SAUDE DE MORRETES;FUNDACAO MUNICIPAL DE SAUDE DE MORRETES;127-9 - Fundação Pública de Direito Privado Municipal;RUA SANTOS DUMONT;91;;83.350-000;CENTRO;MORRETES;PR;financeiro.saude@morretes.pr.gov.br;(41) 3462-1266;MORRETES - PR;ATIVA;01/09/2022;;;;0.0
32556060002800;FILIAL;05/02/2025;FUNDACAO MUNICIPAL DE SAUDE DE NITEROI;HOSPITAL GETULIO VARGAS FILHO;115-5 - Fundação Pública de Direito Público Municipal;RUA TEIXEIRA DE FREITAS;SN;;24.130-616;FONSECA;NITEROI;RJ;;;NITEROI - RJ;ATIVA;31/01/2019;;;;0.0
32556060003792;FILIAL;01/11/2000;FUNDACAO MUNICIPAL DE SAUDE DE NITEROI;HOSPITAL MUNICIPAL OCEANICO DR GILSON CANTARINO(HMOGC);115-5 - Fundação Pública de Direito Público Municipal;AVENIDA DOUTOR RAUL DE OLIVEIRA RODRIGUES;382;;24.350-630;PIRATININGA;NITEROI;RJ;contabilidadesaudedeniteroi@gmail.com;(21) 2716-5800;NITEROI - RJ;ATIVA;12/02/2022;;;;0.0
14885499000176;MATRIZ;12/09/2010;FUNDACAO MUNICIPAL DE SAUDE DE CANOAS;FUNDACAO MUNICIPAL DE SAUDE DE CANOAS;127-9 - Fundação Pública de Direito Privado Municipal;RUA GENERAL SALUSTIANO;678;;92.020-310;MARECHAL RONDON;CANOAS;RS;compras@fmsc.rs.gov.br;(51) 3059-4922;CANOAS - RS;ATIVA;30/12/2010;;;;0.0
48227378000159;MATRIZ;03/09/2009;CONSORCIO INTERMUNICIPAL DE SAUDE DA REGIAO METROPOLITANA DE PIRACICABA CISMETRO LIMEIRA;CISMETRO LIMEIRA;122-8 - Consórcio Público de Direito Privado;RUA PREFEITO MARCILIANO;401;;13.480-273;CIDADE JARDIM;LIMEIRA;SP;adm@cismetrolimeira.com.br;(19) 3452-9850;LIMEIRA - SP;ATIVA;07/10/2022;;;;0.0
57571275002570;FILIAL;01/11/2022;FUNDACAO DO ABC;COMPLEXO DE SAUDE DO MUNICIPO DE SAO BERNARDO DO CAMPO;127-9 - Fundação Pública de Direito Privado Municipal;ESTRADA DOS ALVARENGAS;1001;;09.850-550;ASSUNCAO;SAO BERNARDO DO CAMPO;SP;contabilidade@fuabc.org.br;(11) 2666-5400;SAO BERNARDO DO CAMPO - SP;ATIVA;13/08/2018;;;;0.0
42498717008300;FILIAL;02/07/2017;SECRETARIA DE ESTADO DE SAUDE - SES;UPA 24 HORAS - MARE;102-3 - Órgão Público do Poder Executivo Estadual ou do Distrito Federal;AVENIDA BRASIL;4880;ANEXO COMPLEXO DA MARE;21.040-361;MANGUINHOS;RIO DE JANEIRO;RJ;;(21) 3104-7560 / (21) 3104-7285 / (21) 3104-7003;RIO DE JANEIRO;ATIVA;28/02/2008;;;;0.0
11020634000122;MATRIZ;02/10/2020;FUNDACAO ESTATAL SAUDE DA FAMILIA - FESF;FUNDACAO ESTATAL SAUDE DA FAMILIA DA BAHIA FESF;127-9 - Fundação Pública de Direito Privado Municipal;AV ESTADOS UNIDOS;397;ANDAR 2;40.010-020;COMERCIO;SALVADOR;BA;gabinete@fesfsus.ba.gov.br;(71) 9301-7157;MUNICÍPIO DE ABARE;ATIVA;04/05/2009;;;;0.0
24039073000155;MATRIZ;08/03/2021;FUNDACAO ESTATAL DE ATENCAO EM SAUDE DO ESTADO DO PARANA - FUNEAS-PARANA;FUNEAS-PARANA;126-0 - Fundação Pública de Direito Privado Estadual ou do Distrito Federal;R DO ROSARIO;144;ANDAR 10A;80.020-110;SAO FRANCISCO;CURITIBA;PR;financeiro.funeas@funeas.pr.gov.br;(41) 3798-5353/ (41) 3798-2819;PR;ATIVA;28/12/2015;;;;0.0
57571275002901;FILIAL;03/11/2008;FUNDACAO DO ABC;CENTRO DE REABILITACAO LUCY MONTORO;127-9 - Fundação Pública de Direito Privado Municipal;AVENIDA ANTONIO PIRANGA;614;ANDAR 2;09.911-160;CENTRO;DIADEMA;SP;contabilidade@fuabc.org.br;(11) 2666-5400;SAO BERNARDO DO CAMPO - SP;ATIVA;25/03/2020;;;;0.0
15329734000196;MATRIZ;11/04/2015;FUNDACAO PUBLICA DE SAUDE DE VITORIA DA CONQUISTA;FSVC;127-9 - Fundação Pública de Direito Privado Municipal;AVENIDA MACAUBAS;100;TERREO;45.065-540;PATAGONIA;VITORIA DA CONQUISTA;BA;contabilidade.fsvc@gmail.com;(77) 3420-6224 / (77) 3420-6200 / (77) 3420-6238;VITORIA DA CONQUISTA - BA;ATIVA;22/03/2012;;;;0.0
17420047000107;MATRIZ;12/05/2016;CONSORCIO DE SAUDE DOS MUNICIPIOS DO OESTE DO PARANA - CONSAMU;CONSAMU;122-8 - Consórcio Público de Direito Privado;RUA CRISTOVAO COLOMBO;900;FUNDOSUPA PEDIATRIA;85.805-510;PIONEIROS CATARINENSES;CASCAVEL;PR;contabilidade@consamu.com.br;(45) 3327-7627 / (45) 3222-2290;CASCAVEL - PR;ATIVA;07/01/2013;;;;0.0
02615925000172;MATRIZ;04/08/2006;CONSORCIO INTERMUNICIPAL DE SAUDE DA REGIAO MEDIO PARAIBA;CISMEPA;121-0 - Consórcio Público de Direito Público (Associação Pública);RUA PEDRO MARIA NETO;93;SALA 101;27.215-590;ATERRADO;VOLTA REDONDA;RJ;;(24) 3346-3413;RESENDE - RJ;ATIVA;10/10/2018;;;;0.0
50144885000170;MATRIZ;05/11/2011;FUNDACAO MUNICIPAL DE SAUDE DE SAO LEOPOLDO;FMS-SL;127-9 - Fundação Pública de Direito Privado Municipal;AVENIDA JOAO CORREA;1350;LOJA 01;93.020-668;CENTRO;SAO LEOPOLDO;RS;fms.saoleo@gmail.com;(51) 8314-4144 / (51) 2200-0201;SAO LEOPOLDO - RS;ATIVA;23/03/2023;;;;0.0
12011520000189;MATRIZ;07/01/2024;CONSORCIO INTERMUNICIPAL CULTURANDO;CIC;121-0 - Consórcio Público de Direito Público (Associação Pública);RUA RAUL DA ROCHA MEDEIROS;1624;SALA 07;15.910-000;CENTRO;MONTE ALTO;SP;aquario.contabilidade@gmail.com;(16) 9712-5270 / (16) 3847-1243 / (16) 3209-3308;BARRETOS - SP;ATIVA;29/04/2010;;;;0.0
21164511000119;MATRIZ;04/03/2022;REDE BRASILEIRA DE DIAGNOSTICOS SPE S.A.;REDE BRASILEIRA DE DIAGNOSTICOS - SEDE;205-4 - Sociedade Anônima Fechada;AV TANCREDO NEVES;001033;EDIF FERREIRA FERRAZ EMPRESARIAL SALA S1;41.820-020;CAMINHO DAS ARVORES;SALVADOR;BA;csc.fiscal@alliar.com;(31) 3123-4700;;ATIVA;03/10/2014;;;;17959100.0
17810743000120;MATRIZ;01/12/2007;COUTO MAIA CONSTRUCAO E SERVICOS NAO CLINICOS S/A;;205-4 - Sociedade Anônima Fechada;R CORONEL AZEVEDO;S/N;ANDAR 1;41.310-295;AGUAS CLARAS;SALVADOR;BA;financeiro@coutomaiasa.com.br;(71) 2109-8000;;ATIVA;22/03/2013;;;;15000000.0
11943553000102;MATRIZ;02/12/2017;PRODAL SAUDE S/A;;205-4 - Sociedade Anônima Fechada;R MANUEL LINO;141;TODO IMOVEL TODO IMOVEL;40.726-390;PERIPERI;SALVADOR;BA;contabilidade@promedica.com.br;(71) 3271-9169/ (71) 3271-9253;;ATIVA;14/05/2010;;;;20000000.0
42094503000113;MATRIZ;07/12/1982;MACHADO MENDONCA SERVICOS MEDICOS LTDA;MACHADO MENDONCA SERVICOS MEDICOS;206-2 - Sociedade Empresária Limitada;RUA ALFREDO BASTOS;SN;HOSPITAL;44.970-000;CENTRO;IBIPEBA;BA;fernandohsm@hotmail.com;(74) 9980-8938 / (74) 9975-3752 / (74) 9980-8938;;ATIVA;26/05/2021;;;;30000.0
50349541000106;MATRIZ;07/08/1970;CENTRO DE PESQUISAS EM DOENCAS HEPATO RENAIS DO CEARA - CEPHRECE - SCP FRECHEIRINHA;;212-7 - Sociedade em Conta de Participação;RUA PROFESSOR COSTA MENDES - DE 1281/1282 AO FIM;1609;TERREO;60.430-140;RODOLFO TEOFILO;FORTALEZA;CE;pluralmedgestao@secran.com.br;(88) 9287-6886;;ATIVA;20/03/2023;;;;1000000.0
04182711000185;MATRIZ;12/07/2018;MED SERVICE SERVICOS MEDICOS E GESTAO EM SAUDE LTDA;MED SERVICE SERVICOS MEDICOS E GESTAO;206-2 - Sociedade Empresária Limitada;RUA MARANHAO;305;"SALA: 4;";65.901-590;CENTRO;IMPERATRIZ;MA;contabil@medcontgerencial.com.br;(99) 9148-1404 / (99) 9151-7733;;ATIVA;03/12/2007;;;;1500000.0
31218377000145;MATRIZ;07/07/2024;RSMED SOLUCOES HOSPITALARES LTDA;RSMED SOLUCOES HOSPITALARES;206-2 - Sociedade Empresária Limitada;RUA MARECHAL DEODORO DA FONSECA;925;SALA A-HOSPITAL MUNICIPAL;78.470-000;CENTRO;ROSARIO OESTE;MT;rsmed2018@gmail.com;(65) 9803-1684 / (65) 9610-3331 / (65) 3021-0400;;ATIVA;14/08/2018;;;;200000.0
24118745000118;MATRIZ;06/11/1972;RAIO X LAGOS DIAGNOSTICOS POR IMAGEM LTDA;LAGOS IMAGENS;206-2 - Sociedade Empresária Limitada;RUA COMENDADOR BENTO JOSE MARTINS;297;SALA 404;28.979-108;CENTRO;ARARUAMA;RJ;contatorxlagos@gmail.com;(21) 2238-1198;;ATIVA;04/02/2016;;;;1020000.0
52592077000100;MATRIZ;04/05/2017;SMART-HOSPITAL S.A;SMART HOSPITAL S.A;205-4 - Sociedade Anônima Fechada;PC DA REPUBLICA;00111;8 ANDAR;20.211-350;CENTRO;RIO DE JANEIRO;RJ;juridico@bestenergy.com;(21) 3040-2283;;ATIVA;19/10/2023;;;;84826000.17
27229900000161;MATRIZ;12/05/1972;MITTEL SA;MEDIALL BRASIL S.A;205-4 - Sociedade Anônima Fechada;AV A;273;QUADRA19 LOTE 18;74.853-010;JD SANTO ANTONIO;GOIANIA;GO;contabilidade@mediallbrasil.med.br;(62) 3088-1706;;ATIVA;06/03/2017;;;;15379628.0
05413531000120;MATRIZ;10/07/2017;FUNDACAO ABM DE PESQUISA E EXTENSAO NA AREA DA SAUDE - FABAMED;FUNDACAO ABM;306-9 - Fundação Privada;AV TANCREDO NEVES;1543;SALA 1103;41.820-021;CAMINHO DAS ARVORES;SALVADOR;BA;administrativo@fabamed.org.br;(71) 3303-4528/ (71) 3033-4507;;ATIVA;26/11/2002;;;;0.0
55401178000136;MATRIZ;08/10/2018;FUNDACAO INSTITUTO DE PESQUISA E ESTUDO DE DIAGNOSTICO POR IMAGEM - FIDI;FIDI;306-9 - Fundação Privada;AV PAULISTA;302;ANDAR 5;01.310-000;BELA VISTA;SAO PAULO;SP;juridico@fidi.org.br;(11) 5088-7900;;ATIVA;24/08/2002;;;;0.0
05268526001908;FILIAL;02/02/1969;INSTITUTO DE SAUDE E GESTAO HOSPITALAR;HOSPITAL ESTADUAL LEONARDO DA VINCI;330-1 - Organização Social (OS);R ROCHA LIMA;1563;SALA 01;60.135-285;ALDEOTA;FORTALEZA;CE;nivarda@isgh.org.br;(85) 3195-2802/ (85) 9612-7612;;ATIVA;05/05/2020;;;;0.0
05268526002114;FILIAL;09/08/2022;INSTITUTO DE SAUDE E GESTAO HOSPITALAR;CASA DE CUIDADO DO CEARA;330-1 - Organização Social (OS);AVENIDA ALBERTO CRAVEIRO;2222;SALA 04;60.861-212;BOA VISTA / CASTELAO;FORTALEZA;CE;nivarda@isgh.org.br;(85) 3195-2802 / (85) 9612-7612;;ATIVA;21/06/2021;;;;0.0
05268526002033;FILIAL;09/10/2007;INSTITUTO DE SAUDE E GESTAO HOSPITALAR;HOSPITAL REGIONAL VALE DO JAGUARIBE;330-1 - Organização Social (OS);ROD BR 116 KM 190;S/N;TERREOTERREO;62.930-000;SITIO DANCAS;LIMOEIRO DO NORTE;CE;nivarda@isgh.org.br;(85) 3195-2802/ (85) 3195-2799;;ATIVA;26/05/2021;;;;0.0
28481233000172;MATRIZ;07/03/2022;INSTITUTO DE GESTAO ESTRATEGICA DE SAUDE DO DISTRITO FEDERAL - IGESDF;IGESDF;307-7 - Serviço Social Autônomo;SETOR SMHS AREA ESPECIAL;S/N;QUADRA101;70.335-900;ASA SUL;BRASILIA;DF;;(61) 3550-8900;;ATIVA;18/08/2017;;;;0.0
22176345000990;FILIAL;05/12/2006;ISSAA-INSTITUTO DE SAUDE SOCIAL E AMBIENTAL DA AMAZONIA;;330-1 - Organização Social (OS);RODOVIA PA 150;SN;KM 07;68.506-670;CIDADE NOVA;MARABA;PA;nf-issaa@issaa.org.br;(91) 9123-1576;;ATIVA;03/05/2023;;;;0.0
78350188000195;MATRIZ;11/03/1992;FUNDACAO DA UNIVERSIDADE FEDERAL DO PARANA PARA O DESENVOLVIMENTO DA CIENCIA,TECNOLOGIA E DA CULTURA;FUNPAR;306-9 - Fundação Privada;R JOAO NEGRAO;280;EDIFICIO PROF OCYRON CUNHA;80.010-200;CENTRO;CURITIBA;PR;;(41) 3360-7400/ (41) 3360-7415;;ATIVA;12/07/2003;;;;0.0
92898550000279;FILIAL;09/12/2013;FUNDACAO UNIVERSITARIA DE CARDIOLOGIA EM RECUPERACAO JUDICIAL;HOSPITAL ALVORADA;306-9 - Fundação Privada;RUA JACI ZANIN;170;TRES FIGUEIRAS;94.814-300;MARINGA;ALVORADA;RS;cardiologia@cardilogia.org.br;(51) 3232-3600 / (51) 3483-7566 / (21) 3230-3872;;ATIVA;03/11/2005;;;;0.0
57722118000302;FILIAL;11/03/1971;FUND DE APOIO AO ENSINO PESQ E ASSISTENCIA HCFMRPUSP;CENTRO DE REFERENCIA DA SAUDE DA MULHER - MATER;306-9 - Fundação Privada;AVENIDA WANDERLEY TAFFO;330;TERREO ANEXO PERTO DO PONTILHAO;14.070-250;QUINTINO FACCI II;RIBEIRAO PRETO;SP;rosorio@hcrp.fmrp.usp.br;(16) 3602-2872 / (16) 3602-2158 / (16) 3633-1066;;ATIVA;02/02/2011;;;;0.0
55401178001027;FILIAL;11/07/2019;FUNDACAO INSTITUTO DE PESQUISA E ESTUDO DE DIAGNOSTICO POR IMAGEM - FIDI;SERVICO ESTADUAL DE DIAGNOSTICO POR IMAGEM - SEDI III;306-9 - Fundação Privada;AVENIDA PAULISTA;302;ANDAR 5;01.310-000;BELA VISTA;SAO PAULO;SP;juridico@fidi.org.br;(11) 5088-7900 / (11) 5088-7913;;ATIVA;05/03/2010;;;;0.0
55401178000560;FILIAL;12/07/1971;FUNDACAO INSTITUTO DE PESQUISA E ESTUDO DE DIAGNOSTICO POR IMAGEM - FIDI;SERVICO ESTADUAL DE DIAGNOSTICO POR IMAGEM I - SEDI I;306-9 - Fundação Privada;AVENIDA PAULISTA;302;ANDAR 5;01.310-000;BELA VISTA;SAO PAULO;SP;juridico@fidi.org.br;(11) 5088-7900 / (11) 5088-7903;;ATIVA;24/03/2009;;;;0.0
10779749000132;MATRIZ;05/09/1967;INSTITUTO ESPERANCA;INSTITUTO DE EXCELENCIA EM SAUDE PUBLICA;330-1 - Organização Social (OS);AVENIDA ITALIA;928;SALA 1508 EDIF THE ONE OFF TOWER;12.030-212;JARDIM DAS NACOES;TAUBATE;SP;institutoesperanca@institutoiesp.org.br;(12) 3621-3844 / (22) 2758-5159;;ATIVA;13/04/2009;;;;0.0
02212088000130;MATRIZ;02/07/2020;COOPSA - COOPERATIVA DE SERVICOS DE SAUDE LTDA;;214-3 - Cooperativa;RUA MARECHAL DEODORO;566;SALA 304;36.013-000;CENTRO;JUIZ DE FORA;MG;contatocnpj@dbx.srv.br;(32) 3215-5951;;ATIVA;15/09/2001;;;;0.0
18720938000141;MATRIZ;11/05/2020;FUNDACAO DE DESENVOLVIMENTO DA PESQUISA;;306-9 - Fundação Privada;AV ANTONIO CARLOS;6627;UNID.ADM.II;31.270-901;PAMPULHA;BELO HORIZONTE;MG;;(31) 3409-4200;;ATIVA;03/11/2005;;;;0.0
02212088000300;FILIAL;03/01/2024;COOPSA - COOPERATIVA DE SERVICOS DE SAUDE LTDA;;214-3 - Cooperativa;RUA FRANCISCO LADEIRA;52;0;36.240-120;CENTRO;SANTOS DUMONT;MG;contatocnpj@dbx.srv.br;(32) 3512-5951;;ATIVA;15/09/2001;;;;0.0
09039744002057;FILIAL;03/01/2021;FUNDACAO GESTAO HOSPITALAR MARTINIANO FERNANDES - FGH;UPAE IBURA;306-9 - Fundação Privada;AV DOIS RIOS;SN;Q O L 1;51.230-000;IBURA;RECIFE;PE;fgh@fgh.org.br;(81) 3787-8788/ (81) 3787-8786;;ATIVA;01/06/2023;;;;0.0
20533295000250;FILIAL;08/07/2017;FUNDACAO EDUCACIONAL ALTO MEDIO SAO FRANCISCO;FUNDACAO EDUCACIONAL ALTO MEDIO SAO FRANCISCO;306-9 - Fundação Privada;AVENIDA FARROUPILHA;8001;SALA 01;92.425-900;SAO JOSE;CANOAS;RS;tributos@funam.com.br;(38) 8428-9492;;ATIVA;17/10/2017;;;;0.0
88648761000103;MATRIZ;01/02/2025;FUNDACAO UNIVERSIDADE DE CAXIAS DO SUL;UCS;306-9 - Fundação Privada;R FRANCISCO GETULIO VARGAS;1130;CIDADE UNIVERSITARIA;95.070-560;PETROPOLIS;CAXIAS DO SUL;RS;fucs@ucs.br;(54) 3218-2100/ (54) 3218-2128;;ATIVA;03/11/2005;;;;0.0
49150352003219;FILIAL;04/02/2015;FUNDACAO PIO XII;;306-9 - Fundação Privada;AV BARCELONA;S/N;QUADRA137 LOTE 001;77.822-432;LOTEAMENTO CIDADE NOVA;ARAGUAINA;TO;contabilidade@hcancerbarretos.com.br;(17) 3321-0066/ (17) 3321-6603;;ATIVA;04/10/2019;;;;0.0
05576125000188;MATRIZ;06/04/1969;REDE DE PROMOCAO A SAUDE - RPS - EM LIQUIDACAO;RPS;399-9 - Associação Privada;AVENIDA DA ACLIMACAO;385;CONJ 72;01.531-001;ACLIMACAO;SAO PAULO;SP;paulomorais@paulomoraisadvogados.com;(11) 3895-0045 / (11) 3031-9083;;INAPTA;03/11/2020;OMISSÃO DE DECLARAÇÕES;LIQUIDACAO EXTRA-JUDICIAL;30/07/2015;0.0
66518267000264;FILIAL;06/06/2006;CENTRO DE ESTUDOS E PESQUISAS DR JOAO AMORIM;GESTAO SAUDE DA JARDIM ANGELA E DA CAPAO REDONDO;399-9 - Associação Privada;RUA DR LUND;41;ANDAR 7;01.513-020;LIBERDADE;SAO PAULO;SP;fiscal@cejam.org.br;(11) 3469-1818;;BAIXADA;15/04/2025;EXTINÇÃO POR ENCERRAMENTO LIQUIDAÇÃO VOLUNTÁRIA;;;0.0
66518267002550;FILIAL;12/04/2016;CENTRO DE ESTUDOS E PESQUISAS DR JOAO AMORIM;HOSPITAL GERAL DR FRANCISCO DE M C FILHO DE CARAPICUIBA;399-9 - Associação Privada;RUA DA PEDREIRA;95;TERREO0;06.321-665;PARQUE JOSE ALEX ANDRE;CARAPICUIBA;SP;fiscal@cejam.org.br;(11) 3469-1818;;SUSPENSA;20/12/2024;PEDIDO DE BAIXA INDEFERIDA;;;0.0
05029600000104;FILIAL;09/04/1967;ASSOCIACAO DE GESTAO, INOVACAO E RESULTADOS EM SAUDE;CRER;399-9 - Associação Privada;AV VEREADOR JOSE MONTEIRO;1655;QD AREA LT AREA;74.653-230;SETOR NEGRAO DE LIMA;GOIANIA;GO;;(62) 2323-003;;ATIVA;06/05/2002;;;;0.0
03969808000331;FILIAL;10/03/2024;INSTITUTO SOCRATES GUANAES - ISG;HOSPITAL DE DOENCAS TROPICAIS - HDT;399-9 - Associação Privada;AV DEPUTADO JAMEL CECILIO;3310;SALA 104;74.810-907;JD GOIAS;GOIANIA;GO;adoborges59@gmail.com;(62) 8106-4441;;ATIVA;18/07/2012;;;;0.0
61699567008681;FILIAL;07/04/1967;SPDM - ASSOCIACAO PAULISTA PARA O DESENVOLVIMENTO DA MEDICINA;UNIDADES DE ATEN INTEG - UAI DO MUNICIPIO DE UBERLANDIA;399-9 - Associação Privada;R GUAICURUS;254;SALA 01;38.408-394;VASCO GIFONE (LOTEAMENTO);UBERLANDIA;MG;nfe.serv@uai.spdm.org.br;(34) 3218-0375;;ATIVA;15/06/2018;;;;0.0
03254082000350;FILIAL;01/04/1971;INSTITUTO ACQUA - ACAO, CIDADANIA, QUALIDADE URBANA E AMBIENTAL;INSTITUTO ACQUA;399-9 - Associação Privada;AVENIDA LINO JARDIM;905;FUNDOS;09.041-031;VILA BASTOS;SANTO ANDRE;SP;documentacao@institutoacqua.org.br;(11) 4823-1800 / (11) 4828-2159;;ATIVA;13/12/2010;;;;0.0
11858570000486;FILIAL;11/01/2021;INSTITUTO DE GESTAO E HUMANIZACAO IGH;INSTITUTO DE GESTAO E HUMANIZACAO IHG;399-9 - Associação Privada;RUA X 16;SN;QUADRA212 LOTE 02 SALA 75;74.922-800;SITIOS SANTA LUZIA;APARECIDA DE GOIANIA;GO;vanimeire.leal@igh.org.br;(62) 3283-1269;;ATIVA;29/04/2014;;;;0.0
02812043001250;FILIAL;01/09/1968;ASSOCIACAO BRASILEIRA DE ESPERANCA E VIDA - ABEVIDA;CRESM - PROF. JAMIL ISSY;399-9 - Associação Privada;AV TANNER DE MELO;0;QUADRAGLEBA 02 LOTE PARTE 02;74.993-551;FAZENDA SANTO ANTONIO;APARECIDA DE GOIANIA;GO;secretariageral@cresm-go.org.br;(62) 3952-5528;;ATIVA;04/09/2014;;;;0.0
07966540000416;FILIAL;05/12/1972;INSTITUTO DE DESENVOLVIMENTO TECNOLOGICO E HUMANO;HOSPITAL ESTADUAL DR. ALBERTO RASSI (HGG);399-9 - Associação Privada;AV ANHANGUERA;6479;QUADRA40 LOTE AREA;74.110-010;SET OESTE;GOIANIA;GO;contato@idtech.org.br;(62) 3209-9700;;ATIVA;17/08/2016;;;;0.0
11858570000567;FILIAL;04/07/2021;INSTITUTO DE GESTAO E HUMANIZACAO IGH;IGH;399-9 - Associação Privada;AVENIDA PERIMETRAL;S/N;QUADRA37 LOTE 74;74.530-026;SETOR COIMBRA;GOIANIA;GO;;(62) 3201-6924;;ATIVA;01/09/2014;;;;0.0
11858570000214;FILIAL;03/07/1968;INSTITUTO DE GESTAO E HUMANIZACAO IGH;INSTITUTO DE GESTAO E HUMANIZACAO IGH;399-9 - Associação Privada;AVENIDA PERIMETRAL;S/N;QUADRA37 LOTE 74 SALA 101;74.530-020;SETOR COIMBRA;GOIANIA;GO;;(62) 3942-5560;;ATIVA;03/09/2012;;;;0.0
05029600000449;FILIAL;07/06/1977;ASSOCIACAO DE GESTAO, INOVACAO E RESULTADOS EM SAUDE;HDS;399-9 - Associação Privada;RODOVIA GO 403;SN;KM 8;74.735-600;COLONIA SANTA MARTA;GOIANIA;GO;jorgenunes@crer.org.br;(62) 3201-6400 / (62) 3201-6401 / (62) 3201-6408;;ATIVA;30/07/2014;;;;0.0
18176322000232;FILIAL;10/09/2009;INSTITUTO DE PLANEJAMENTO E GESTAO DE SERVICOS ESPECIALIZADOS - IPGSE;IPGSE - SANTA HELENA DE GOIAS;399-9 - Associação Privada;RUA RUA MANUEL DOS SANTOS;168;QUADRAN LOTE 12;75.920-000;PEDROLINA;SANTA HELENA DE GOIAS;GO;contato@ipgse.org.br;(64) 3050-3275;;ATIVA;02/03/2021;;;;0.0
19324171000447;FILIAL;09/04/2008;IMED - INSTITUTO DE MEDICINA, ESTUDOS E DESENVOLVIMENTO;IMED - INSTITUTO DE MEDICINA, ESTUDOS E DESENVOLVIMENTO;399-9 - Associação Privada;R 3;281;QUADRA4 LOTE 10;75.390-334;JARDIM PRIMAVERA;TRINDADE;GO;financeiro@imed.org.br;(11) 3141-1128/ (11) 3148-1664;;ATIVA;28/02/2018;;;;0.0
18963002001032;FILIAL;02/03/2010;INSTITUTO SOCIAL MAIS SAUDE;HOSPITAL GERAL PUBLICO CASTELO DOS SONHOS;399-9 - Associação Privada;AVENIDA JOSE LUIS TREVISAN;S/N;ROD BR 163 KM 157 PA;68.379-200;CASTELO DE SONHOS;ALTAMIRA;PA;nfe@ismsaude.org.br;(11) 3842-1501;;ATIVA;17/06/2021;;;;0.0
08850962000222;FILIAL;07/02/2009;INSTITUTO D'OR DE GESTAO DE SAUDE PUBLICA;HOSPITAL DA CRIANCA;399-9 - Associação Privada;R LUIZ BELTRAO;147;RUA DAS TULIPAS 209;21.321-230;VILA VALQUEIRE;RIO DE JANEIRO;RJ;;(21) 3369-9654;;ATIVA;05/09/2012;;;;0.0
66518267002712;FILIAL;03/07/1968;CENTRO DE ESTUDOS E PESQUISAS DR JOAO AMORIM;AMBULATORIO MED DE ESP DE CARAPICUIBA AME CARAPICUIBA;399-9 - Associação Privada;AV PRESIDENTE TANCREDO DE ALMEIDA NEVES;1304;TERREO0;06.329-350;CONJUNTO HABITACIONAL PRESIDENTE CASTELO BRANCO;CARAPICUIBA;SP;fiscal@cejam.org.br;(11) 3469-1818;;ATIVA;17/12/2020;;;;0.0
66518267002470;FILIAL;07/06/1977;CENTRO DE ESTUDOS E PESQUISAS DR JOAO AMORIM;HOSPITAL ESTADUAL DR. ALBANO DA FRANCA ROCHA SOBRINHO;399-9 - Associação Privada;AV DOS COQUEIROS;300;BLOCO A;07.850-901;CENTRO;FRANCO DA ROCHA;SP;fiscal@cejam.org.br;(11) 3469-1818;;ATIVA;18/03/2020;;;;0.0
53221255003328;FILIAL;05/05/2009;ASSOCIACAO LAR SAO FRANCISCO DE ASSIS NA PROVIDENCIA DE DEUS;AMBULATORIO MEDICO DE ESPECIALIDADES PRES. PRUDENTE AME;399-9 - Associação Privada;R JOSE BONGIOVANI;1297;BLOCO VII;19.050-680;CIDADE UNIVERSITARIA;PRESIDENTE PRUDENTE;SP;administracao.amepp@alsf.org.br;(18) 3918-9850;;ATIVA;06/08/2009;;;;0.0
09538688001376;FILIAL;07/06/1977;INSTITUTO DE RESPONSABILIDADE SOCIAL SIRIO LIBANES;O.S.I.R.S.SIRIO LIBANES UNID HOSPITAL REGIONAL REGISTRO;399-9 - Associação Privada;ROD RODOVIA REGIS BITTENCOURT - KM 449;S/N;QUADRAB LOTE 27;11.900-000;JARDIM YAMA;REGISTRO;SP;fiscal@irssl.org.br;(11) 5200-0946;;ATIVA;07/06/2023;;;;0.0
47673793007690;FILIAL;03/07/1968;ASSOCIACAO FUNDO DE INCENTIVO A PESQUISA;CENTRO DE ANALISES CLINICAS DA ZONA NORTE - CEAC NORTE;399-9 - Associação Privada;RUA VOLUNTARIOS DA PATRIA;4301;PAVLH MIGUEL PEREIRA;02.401-400;SANTANA;SAO PAULO;SP;contato@ftncontabil.com.br;(11) 3255-2525 / (11) 3259-0370;;ATIVA;29/07/2010;;;;0.0
61687356003074;FILIAL;09/05/2018;SERVICO SOCIAL DA CONSTRUCAO CIVIL DO ESTADO DE SAO PAULO - SECONCI-SP;SERVICO ESTADUAL DE DIAGNOSTICO POR IMAGEM-SEDI II -OSS;399-9 - Associação Privada;AV ALMIRANTE DELAMARE;1534;BLOCO A;04.230-000;NOVA HELIOPOLIS;SAO PAULO;SP;contabilidade.fiscal@seconci-sp.org.br;(11) 3664-5050;;ATIVA;31/05/2010;;;;0.0
61699567007871;FILIAL;07/06/1977;SPDM - ASSOCIACAO PAULISTA PARA O DESENVOLVIMENTO DA MEDICINA;HOSP REGIONAL DE SOROCABA DR ADIB D JATENE- BATA BRANCA;399-9 - Associação Privada;RODOVIA RAPOSO TAVARES;SP-270;KM 106;18.052-775;PARQUE RESERVA FAZENDA IMPERIAL;SOROCABA;SP;nfe.serv@hrs.spdm.org.br;(15) 3500-9900;;ATIVA;08/01/2018;;;;0.0
14702257000442;FILIAL;08/03/2012;INSTITUTO SAUDE E CIDADANIA - ISAC;ISAC UPA BENEDITO BENTES;399-9 - Associação Privada;AVENIDA ANTONIO LISBOA DE AMORIM;SN;SALA DIRETORIA;57.085-160;BENEDITO BENTES;MACEIO;AL;contabilize@contabilizedf.com.br;(61) 3548-7604;;ATIVA;21/09/2015;;;;0.0
07156945000227;FILIAL;03/07/1968;IGIS - INSTITUTO DA GESTAO E INOVACAO DA SAUDE;;399-9 - Associação Privada;RUA INACIO HIGINO;673;EDIF MUBADALLA OFFICE SALA 402;29.101-087;PRAIA DA COSTA;VILA VELHA;ES;;(27) 3149-2005 / (27) 4009-4679;;ATIVA;25/06/2012;;;;0.0
60765823007738;FILIAL;03/07/1968;SOCIEDADE BENEF ISRAELITABRAS HOSPITAL ALBERT EINSTEIN;;399-9 - Associação Privada;AV V 5;S/N;QUADRAAREA LOTE 001E;74.936-600;CIDADE VERA CRUZ;APARECIDA DE GOIANIA;GO;juridicofiscal@einstein.br;(11) 2151-1233;;ATIVA;31/03/2022;;;;0.0
27949878000205;FILIAL;07/06/1977;INSTITUTO ALCANCE GESTAO EM SAUDE - IAGS;HMAA;399-9 - Associação Privada;AVENIDA PERNAMBUCO;219;QUADRA19 SALA DA DIRETORIA;76.590-000;ELIZIARIO;SAO MIGUEL DO ARAGUAIA;GO;prime.empresarial@hotmail.com;(62) 3942-5940;;ATIVA;25/10/2018;;;;0.0
20959292000444;FILIAL;03/07/1968;IRMANDADE NOSSA SENHORA DAS DORES;PRONTO SOCORRO MUNICIPAL DE ITABIRA;399-9 - Associação Privada;AVENIDA JOAO SOARES SILVA;135;": A;";35.900-062;PENHA;ITABIRA;MG;controladoria@hnsd.org.br;(31) 3839-1450 / (31) 3839-1416;;ATIVA;04/12/2013;;;;0.0
66518267001155;FILIAL;08/08/2008;CENTRO DE ESTUDOS E PESQUISAS DR JOAO AMORIM;;399-9 - Associação Privada;R REPUBLICA ARABE DA SIRIA;451;SALA 203;21.931-370;PORTUGUESA;RIO DE JANEIRO;RJ;contabilidaderio@cejam.org.br;(21) 3353-6135/ (21) 1111-1111;;ATIVA;27/09/2011;;;;0.0
47078019001781;FILIAL;04/05/2010;HOSPITAL MAHATMA GANDHI;;399-9 - Associação Privada;RUA PIRATINI;300;SETOR 04 QUADRA45 LOTE 01;99.500-000;OPERARIA;CARAZINHO;RS;licitacao@mgandhi.com.br;(17) 5227-2111;;ATIVA;07/06/2019;;;;0.0
03066309000920;FILIAL;10/09/2009;ASSOCIACAO FRANCISCANA DE ASSISTENCIA A SAUDE;HOSPITAL CASA DE SAUDE;399-9 - Associação Privada;RUA ARI LAGRANHA DOMINGUES;188;PREDIO CENTRAL;97.045-060;PERPETUO SOCORRO;SANTA MARIA;RS;sefas@sefas.org.br;(55) 3223-2419;;ATIVA;24/08/2009;;;;0.0
83506030001769;FILIAL;09/04/2008;BENEFICENCIA CAMILIANA DO SUL;HOSPITAL REGIONAL DE BIGUACU HELMUTH NASS;399-9 - Associação Privada;AVENIDA EGIDIO ABELINO RICHARTZ;S/N;COND DELTAVILLE CXPST 195;88.164-240;BEIRA RIO;BIGUACU;SC;diretor@hospitalrhn.com.br;(48) 3066-9300 / (49) 3441-4900;;ATIVA;30/10/2014;;;;0.0
28700530000404;FILIAL;02/03/2010;INSTITUTO MARIA SCHMITT DE DESENVOLVIMENTO DE ENSINO, ASSISTENCIA SOCIAL E SAUDE DO CIDADAO;UPA 24H PROSPERA;399-9 - Associação Privada;RUA GENERAL OSVALDO PINTO DA VEIGA;601;UPA;88.811-700;PROSPERA;CRICIUMA;SC;financeiro.upacriciuma@imas.net.br;(48) 3411-6982;;ATIVA;12/06/2018;;;;0.0
64029101000410;FILIAL;08/03/2012;FENIX DO BRASIL SAUDE - GESTAO E DESENVOLVIMENTO DE POLITICAS PUBLICAS DE SAUDE;FENIX DO BRASIL SAUDE;399-9 - Associação Privada;AVENIDA PRESBITERO MANOEL ANTONIO DIAS FILHO;1558;TERREO;13.212-461;PARQUE RESIDENCIAL JUNDIAI;JUNDIAI;SP;msevic@msevic.com.br;(11) 2297-4559 / (11) 2031-2875;;ATIVA;01/04/2019;;;;0.0
14512229000543;FILIAL;10/09/2009;INSTITUTO ALPHA DE MEDICINA PARA SAUDE;;399-9 - Associação Privada;R MARIA CARVALHO DE LIMA;363;QUADRA4;06.260-100;HELENA MARIA;OSASCO;SP;finanmesquita@alphainstituto.com.br;(13) 3394-5103;;ATIVA;13/03/2023;;;;0.0
74504135000201;FILIAL;07/10/1992;SALUS & SALUTIS;SALUS & SALUTIS;399-9 - Associação Privada;RUA JOAO RODRIGUES GARCIA;85;SALA 02;18.430-000;CENTRO;RIBEIRAO BRANCO;SP;lucroseperdas@terra.com.br;(15) 3521-8684;;ATIVA;19/06/2019;;;;0.0
12043445000804;FILIAL;09/04/2008;INSTITUTO DE GESTAO ADMINISTRACAO E TREINAMENTO EM SAUDE IGATS;HOSPITAL NOSSA SENHORA DO MONTE SERRAT IGATS;399-9 - Associação Privada;RUA EUROPA;1571;BLOCO HOSPITAL;13.326-110;JARDIM CELANI;SALTO;SP;juarez@d3assessoria.com.br;(11) 2306-8785;;ATIVA;13/12/2022;;;;0.0
01476404000119;MATRIZ;02/03/2010;INSTITUTO DE ATENCAO A SAUDE E EDUCACAO;;399-9 - Associação Privada;R MARANHAO;594;FUNDOS;26.210-000;CENTRO;NOVA IGUACU;RJ;;;;ATIVA;03/11/2005;;;;0.0
13363111000104;MATRIZ;03/03/2020;ASSOCIACAO ASSISTENCIAL A SAUDE E EDUCACAO SAO CRISTOVAO - AASAESC;AASAESC;399-9 - Associação Privada;RUA GENERAL FRANCISCO GLICERIO;1833;SALA 08;08.674-003;CENTRO;SUZANO;SP;prestacaoaasaesc@gmail.com;(11) 4292-2234;;ATIVA;25/02/2011;;;;0.0
11344038000106;MATRIZ;08/05/1968;INSTITUTO NACIONAL DE TECNOLOGIA E SAUDE;;399-9 - Associação Privada;AV PROFESSOR MAGALHAES NETO;001856;EDIF TK TOWER SALA 806 A 816;41.810-012;PITUBA;SALVADOR;BA;fiscal@ints.org.br;(71) 3018-1212;;ATIVA;05/11/2009;;;;0.0
14512229000110;MATRIZ;09/07/2020;INSTITUTO ALPHA DE MEDICINA PARA SAUDE;INSTITUTO ALPHA;399-9 - Associação Privada;RUA AMADOR BUENO;333;CONJ 1816;11.013-153;CENTRO;SANTOS;SP;finanosasco@alphainstituto.com.br;(13) 3394-5103;;ATIVA;24/08/2011;;;;0.0
28064274000163;MATRIZ;05/05/2013;APAS-ASSOCIACAO DE PROTECAO E AMPARO A SAUDE;APAS;399-9 - Associação Privada;RUA CORONEL ALMERINDO REHEM;126;EMPRESARIAL COSTA ANDRADE SALA 1101 SALA 1102;41.820-768;CAMINHO DAS ARVORES;SALVADOR;BA;contato@apasgestao.org.br;(71) 9981-1089;;ATIVA;02/06/2017;;;;0.0
66518267000183;MATRIZ;03/04/2009;CENTRO DE ESTUDOS E PESQUISAS DR JOAO AMORIM;;399-9 - Associação Privada;R DOUTOR LUND;41;ANDAR 10;01.513-020;LIBERDADE;SAO PAULO;SP;;(11) 3469-1818;;ATIVA;03/11/2005;;;;0.0
19324171000102;MATRIZ;12/07/1990;IMED - INSTITUTO DE MEDICINA, ESTUDOS E DESENVOLVIMENTO;;399-9 - Associação Privada;R ITAPEVA;202;CONJ 33;01.332-000;BELA VISTA;SAO PAULO;SP;secretaria@imed.org.br;(11) 3294-2955/ (11) 2640-0043;;ATIVA;18/11/2013;;;;0.0
33927377000140;MATRIZ;07/03/2003;CENTRO DE ESTUDOS E PESQUISAS CIENTIFICAS FRANCISCO ANTONIO DE SALLES;;399-9 - Associação Privada;AV EMBAIXADOR ABELARDO BUENO;00001;BLC 01 SAL 216B;22.775-022;JACAREPAGUA;RIO DE JANEIRO;RJ;oficios@fas.org.br;(21) 3553-0821/ (21) 9313-9665;;ATIVA;09/12/2000;;;;0.0
10946361000189;MATRIZ;07/09/1995;INSTITUTO DIRETRIZES;INSTITUTO DIRETRIZES;399-9 - Associação Privada;AVENIDA IPANEMA;165;SALA 1501;06.472-002;DEZOITO DO FORTE EMPRESARIAL/ALPHAVILLE.;BARUERI;SP;poliana@trindadegestao.com.br;(11) 7018-5821 / (11) 3565-3242;;ATIVA;02/05/2006;;;;0.0
20288745000105;MATRIZ;06/06/1992;INSTITUTO DE GESTAO POR RESULTADOS - IGPR;IGPR;399-9 - Associação Privada;AVENIDA D;72;QUADRAD11 LOTE 81 SALA 201;74.140-160;SET OESTE;GOIANIA;GO;contato@igpr.org.br;(62) 3954-4725;;ATIVA;29/04/2014;;;;0.0
15482841000150;MATRIZ;12/06/2012;INSTITUTO MULTI GESTAO;IMG - SOLUCOES & GESTAO;399-9 - Associação Privada;RUA DO OUVIDOR;00108;SAL 201;20.040-030;CENTRO;RIO DE JANEIRO;RJ;contato@imgestao.org.br;(21) 2522-3518 / (21) 2283-0252;;ATIVA;07/05/2012;;;;0.0
26227882000116;MATRIZ;10/07/2022;INSTITUTO NACIONAL DE GESTAO EM EDUCACAO E SAUDE - INGES;INGES;399-9 - Associação Privada;AVENIDA DEPUTADO JAMEL CECILIO;2929;QUADRAB27 LOTE AREA SALA 808-A;74.810-100;JD GOIAS;GOIANIA;GO;medico@inges.org.br;(62) 3639-0375;;ATIVA;07/06/2016;;;;0.0
11062290000114;MATRIZ;12/04/2017;ISMS - INSTITUTO SOCIAL DE MEDICINA E SAUDE;ISMS;399-9 - Associação Privada;RUA CAMPOS SALES;297;CONJ 703;06.401-000;CENTRO;BARUERI;SP;financeiro@isms.org.br;(11) 4337-6160;;ATIVA;27/05/2009;;;;0.0
06254154000196;MATRIZ;03/10/2013;UNIAO PELA BENEFICENCIA COMUNITARIA E SAUDE;UNISAU;399-9 - Associação Privada;RUA DAS FLORES-DE-MAIO;13;SALA 04;07.790-860;PORTAIS (POLVILHO);CAJAMAR;SP;diretoria@unisau.com;(11) 4743-1571;;ATIVA;18/02/2016;;;;0.0
00343941000128;MATRIZ;01/07/2013;VIVA RIO;;399-9 - Associação Privada;R ALBERTO DE CAMPOS;00012;LOT 01 PAL 27575;22.411-030;IPANEMA;RIO DE JANEIRO;RJ;contabilidade@vivario.org.br;(21) 2555-3750;;ATIVA;24/05/2001;;;;0.0
07260939000134;MATRIZ;07/08/1998;INSTITUTO PARA A PROMOCAO DE ASSISTENCIA SOCIAL E DO DESENVOLVIMENTO ESTRATEGICO SUSTENTAVEL DAS CIDADES DO BRASIL-IOM;INSTITUTO OVIDIO MACHADO;399-9 - Associação Privada;R UM;4;II RESID ESPERANCA;65.064-550;RESIDENCIAL SAO DOMINGOS;SAO LUIS;MA;contabilidade@institutoovidiomachado.org;(98) 3302-3294/ (98) 8607-6149;;ATIVA;17/01/2005;;;;0.0
15178551000117;MATRIZ;03/11/2024;ASSOCIACAO OBRAS SOCIAIS IRMA DULCE;;399-9 - Associação Privada;AV DENDEZEIROS DO BONFIM;161;TODO IMOVEL TODO IMOVEL;40.415-006;BONFIM;SALVADOR;BA;carlos.bastos@irmadulce.org.br;(71) 3310-1806/ (71) 3310-1120;;ATIVA;14/12/2002;;;;0.0
07133125000139;MATRIZ;04/05/2012;INSTITUTO FERNANDO FILGUEIRAS - IFF;;399-9 - Associação Privada;RUA LUCAIA;000337;EDIF PROFESSOR JORGE NOVIS SALA 601;41.940-660;RIO VERMELHO;SALVADOR;BA;iff.diretoriafinanceira@gmail.com;(71) 3379-8088;;ATIVA;13/12/2004;;;;0.0
11858570000133;MATRIZ;10/03/2014;INSTITUTO DE GESTAO E HUMANIZACAO IGH;INSTITUTO DE GESTAO E HUMANIZAO IGH;399-9 - Associação Privada;R DAS HORTENSIAS;000668;EDIF ESPACO EMPRESARIAL ZEM SALA 501;41.810-010;PITUBA;SALVADOR;BA;atendimentofornecedor@igh.org.br;(71) 3377-0851;;ATIVA;16/04/2010;;;;0.0
10942995000163;MATRIZ;03/10/2014;INSTITUTO DO CANCER INFANTIL E PEDIATRIA ESPECIALIZADA - ICIPE;ICIPE;399-9 - Associação Privada;Q SHS QUADRA 6 CONJUNTO A BLOCO A;SN;SALA 501;70.316-102;ASA SUL;BRASILIA;DF;presidencia@icipe.org.br;(61) 3025-8700;;ATIVA;23/06/2009;;;;0.0
07966540000173;MATRIZ;05/02/2011;INSTITUTO DE DESENVOLVIMENTO TECNOLOGICO E HUMANO;IDTECH;399-9 - Associação Privada;R 01;60;QD. B-1, LT. 03/05 - TERREO;74.115-040;SETOR OESTE;GOIANIA;GO;contato@idtech.org.br;(62) 3209-9700;;ATIVA;28/03/2006;;;;0.0
12053184000137;MATRIZ;05/02/2023;INSTITUTO CEM;INSTITUTO CEM;399-9 - Associação Privada;AVENIDA DEPUTADO JAMEL CECILIO;2496;QUADRAB22 LOTE 4E SALA 26-A EDIF COND NEW BUSINESS ST;74.810-100;JARDIM GOIAS;GOIANIA;GO;contato@institutocem.org.br;(62) 3157-0732 / (92) 3954-4083;;ATIVA;26/04/2010;;;;0.0
05029600000287;MATRIZ;03/08/2024;ASSOCIACAO DE GESTAO, INOVACAO E RESULTADOS EM SAUDE;AGIR;399-9 - Associação Privada;AV OLINDA;960;EDIF LOZANDES CORP.DESIGNANDAR VIGESIMO BLOCO BUSINESS;74.884-120;PARK LOZANDES;GOIANIA;GO;diego.silva@agirsaude.org.br;(62) 3995-5405/ (62) 3995-5410;;ATIVA;02/09/2008;;;;0.0
21236845000150;MATRIZ;12/06/2000;INSTITUTO GENNESIS GESTAO EM SAUDE, EDUCACAO E TECNOLOGIA;INSTITUTO GENNESIS;399-9 - Associação Privada;RUA 9;481;QUADRA25 LOTE 53 SALA 303;74.013-040;SET CENTRAL;GOIANIA;GO;matriz@institutogennesis.org.br;(62) 3249-6267 / (62) 3249-6267;;ATIVA;27/08/2014;;;;0.0
37678845000140;MATRIZ;08/02/2019;INSTITUTO PATRIS;INSTITUTO PATRIS;399-9 - Associação Privada;AVENIDA CIDADE DO MEXICO;424;SALA 03;78.060-598;JARDIM DAS AMERICAS;CUIABA;MT;expediente@audifor.com.br;(65) 3028-6055;;ATIVA;03/07/2020;;;;0.0
04547278000134;MATRIZ;02/04/2016;ASSOCIACAO BRASILEIRA DE ENTIDADES DE ASSISTENCIA SOCIAL;ABEAS;399-9 - Associação Privada;RUA S 5;854;QUADRAS-19 LOTE 5 SALA 8;74.823-460;SETOR BELA VISTA;GOIANIA;GO;abeas@abeas.org.br;(62) 3434-6101 / (11) 3825-5079;;ATIVA;28/08/2004;;;;0.0
18963002000141;MATRIZ;10/07/2024;INSTITUTO SOCIAL MAIS SAUDE;ISMS;399-9 - Associação Privada;RUA ALVORADA;1289;CONJ 1501;04.550-004;VILA OLIMPIA;SAO PAULO;SP;nf@renovoconsultoria.com.br;(11) 3842-1501;;ATIVA;19/09/2013;;;;0.0
09055340000194;MATRIZ;03/06/2017;ASSOCIACAO DE SAUDE, ESPORTE, LAZER E CULTURA - ASELC;ASELC;399-9 - Associação Privada;RUA DOS MUNDURUCUS;3100;SALA 2801 2802 2803;66.040-033;CREMACAO;BELEM;PA;administrativo@aselc.org.br;(91) 2121-3695;;ATIVA;04/09/2007;;;;0.0
14702257000108;MATRIZ;01/06/1988;INSTITUTO SAUDE E CIDADANIA - ISAC;ISAC;399-9 - Associação Privada;SETOR SCS QD 09 BL C TORRE C ED. PARQUE CIDADE CORPORATE PARTE V-1;S/N;SALA 1001;70.308-200;ASA SUL;BRASILIA;DF;josinaldo@contecdf.com.br;(61) 3021-2976 / (61) 3022-2975;;ATIVA;07/11/2011;;;;0.0
14812333000120;MATRIZ;11/02/2004;ASSOCIACAO DE PROTECAO A MATERNIDADE E A INFANCIA DE MUTUIPE;INSTITUTO MARIE PIERRE DE SAUDE;399-9 - Associação Privada;RUA DR BARTOLOMEU CHAVES;SN;TERREO;45.480-000;CENTRO;MUTUIPE;BA;;;;ATIVA;24/09/2005;;;;0.0
05025187000100;MATRIZ;01/06/1988;INSTITUTO SOCIAL DE DESENVOLVIMENTO ALIANCA;ISDA;399-9 - Associação Privada;AVENIDA ESTADOS UNIDOS;397;EDIF CIDADE DO SALVADOR SALA 503;40.010-020;COMERCIO;SALVADOR;BA;olicon.consultoria@hotmail.com;(71) 3034-6670;;ATIVA;09/06/2022;;;;0.0
21355608000109;MATRIZ;05/05/2020;INSTITUTO DE GESTAO APLICADA;;399-9 - Associação Privada;AVENIDA TANCREDO NEVES;2227;EDIF SALVADOR PRIME WORK SALA 911;41.820-021;CAMINHO DAS ARVORES;SALVADOR;BA;juridico@igasaude.org;(71) 4141-9709;;ATIVA;30/01/2019;;;;0.0
05954802000154;MATRIZ;06/09/2022;INSTITUTO DE GESTAO DE POLITICAS PUBLICAS SOCIAIS -IGPS;;399-9 - Associação Privada;RUA JOSE ALVES DO COUTO;4;QUADRAK;55.540-000;QUILOMBO DOS PALMARES I;PALMARES;PE;ibrase01@gmail.com;(81) 9271-7931;;ATIVA;29/09/2003;;;;0.0
22438920000129;MATRIZ;05/02/2023;INSTITUTO PIATA;IGPS - INSTITUTO PIATA DE GESTAO SOCIAL;399-9 - Associação Privada;AVENIDA SANTOS DUMONT;1883;SALA 532 BUSINESS CLASS UNIDADE LAURO DE FREITAS;42.700-130;AERO ESPACO EMPRESARIAL;LAURO DE FREITAS;BA;;(71) 8808-5074;;ATIVA;16/11/2021;;;;0.0
16438624000125;MATRIZ;08/06/2018;ISAS - INSTITUTO DE SAUDE E ACAO SOCIAL;ISAS - INSTITUTO DE SAUDE E ACAO SOCIAL;399-9 - Associação Privada;RUA ANTENOR MOREIRA PINHO;75;CASA;44.004-424;JARDIM ACACIA;FEIRA DE SANTANA;BA;contato@isas.org.br;(75) 3011-6519;;ATIVA;13/08/2009;;;;0.0
29782496000184;MATRIZ;05/03/2023;INSTITUTO DE GERENCIAMENTO MEDICO;IGM;399-9 - Associação Privada;AVENIDA DOM LUIS;500;SALA 2012;60.160-196;ALDEOTA;FORTALEZA;CE;setoradm.igm@gmail.com;(11) 4702-3534;;ATIVA;07/02/2018;;;;0.0
10539375000188;MATRIZ;04/08/1980;ASSOCIACAO BRASILEIRA DE ASSITENCIA SOCIAL ,SAUDE , EDUCACAO,CULTURA,ESPORTE, LAZER E MEIO AMBIENTE - ABRASSE;ABRASSE;399-9 - Associação Privada;AVENIDA SANTOS DUMONT;3131;704SL A;60.150-165;ALDEOTA;FORTALEZA;CE;abrasseassociacao@gmail.com;(85) 9665-4111;;ATIVA;08/10/2021;;;;0.0
24127105000174;MATRIZ;12/01/1997;INSTITUTO DE GESTAO E CIDADANIA;IGC;399-9 - Associação Privada;AV ENGENHEIRO SANTANA JUNIOR;3000;SALA 701 A 708;60.192-200;COCO;FORTALEZA;CE;notas@igcce.com;(85) 3099-2405;;ATIVA;06/01/2016;;;;0.0
41564618000161;MATRIZ;02/02/2011;SOCIEDADE NACIONAL DE DESENVOLVIMENTO - SODEC.TECH;SODEC;399-9 - Associação Privada;AVENIDA MINISTRO JOSE AMERICO;326;SALA 812;60.824-245;PARQUE IRACEMA;FORTALEZA;CE;afccoelho@gmail.com;(85) 9921-5500;;ATIVA;15/10/2021;;;;0.0
36139504000134;MATRIZ;03/05/2010;INSTITUTO DE GESTAO EM SAUDE CIDADANIA - INSTITUTO CIDADANIA;;399-9 - Associação Privada;AVENIDA EDILSON BRASIL SOARES;2670;ANEXO A;60.833-020;SAPIRANGA / COITE;FORTALEZA;CE;cidadaniainstituto@hotmail.com;(85) 2139-8996;;ATIVA;24/01/2020;;;;0.0
10962062000138;MATRIZ;03/12/2010;INSTITUTO ROSA BRANCA;ROSA BRANCA;399-9 - Associação Privada;PRACA MARECHAL FLORIANO PEIXOTO;259;ANDAR 2, PARTE;24.800-001;CENTRO;ITABORAI;RJ;andersonfariasafp@yahoo.com.br;(21) 2628-6166 / (21) 7703-9721;;ATIVA;09/06/2009;;;;0.0
27949878000124;MATRIZ;04/01/2010;INSTITUTO ALCANCE GESTAO EM SAUDE - IAGS;INSTITUTO ALCANCE;399-9 - Associação Privada;AVENIDA T10;208;SALA 1501 EDIF NEW TIMES SQUARE URBQUADRA102 LOTE 9/12;74.223-060;SET BUENO;GOIANIA;GO;prime.empresarial@hotmail.com;(62) 3877-4045;;ATIVA;30/03/2017;;;;0.0
21843341000107;MATRIZ;09/04/1998;INSTITUTO DE APOIO AO DESENVOLVIMENTO DA VIDA HUMANA;IADVH;399-9 - Associação Privada;AVENIDA DOS HOLANDESES;1;COND BIADENE H. OFFICE/ SALA O COM. PAV. 9/ GARAGE33 34 35 36;65.077-635;PONTA DO FAROL;SAO LUIS;MA;contato@iadvh.org.br;(98) 3304-6504;;ATIVA;16/12/2009;;;;0.0
30994499000160;MATRIZ;02/03/1975;INSTITUTO RAFAEL ARCANJO;;399-9 - Associação Privada;RUA FERREIRA DE ARAUJO;221;CONJ 42;05.428-000;PINHEIROS;SAO PAULO;SP;juridico@igpp.org.br;(11) 3034-0511;;ATIVA;29/05/2018;;;;0.0
25270322000181;MATRIZ;10/12/2001;INSTITUTO DE GESTAO ESTRATEGICA DE PROJETOS;IGEP;399-9 - Associação Privada;AVENIDA DANIEL DE LA TOUCHE;20;EDIF MOCELIN TOWER SALA 701 GARAGEN 01/PV G2;65.074-115;VILA VICENTE FIALHO;SAO LUIS;MA;diretoria@igep.org.br;(98) 3301-3451 / (98) 8481-7163 / (98) 8784-6428;;ATIVA;23/02/2016;;;;0.0
05843874000124;MATRIZ;06/01/2023;IBDSOCIAL;;399-9 - Associação Privada;AV PROTASIO DE OLIVEIRA PENNA;115;ANDAR 3;30.575-360;BURITIS;BELO HORIZONTE;MG;ibdsocial@ibdsocial.org.br;(31) 3508-5921;;ATIVA;21/08/2003;;;;0.0
09611589000139;MATRIZ;10/05/2018;INSTITUTO BRASILEIRO DE POLITICAS PUBLICAS;IBRAPP;399-9 - Associação Privada;AV ANTARES;157;"QUADRA: 19;";65.070-070;RECANTO DOS VINHAIS;SAO LUIS;MA;contato@ibrapp.com;(98) 2106-5580;;ATIVA;05/06/2008;;;;0.0
50807833000137;MATRIZ;02/10/1969;ASSOCIACAO DA SANTA CASA DE MISERICORDIA DE SALTO DE PIRAPORA;SANTA CASA PAULISTA;399-9 - Associação Privada;RUA CAMPOS SALES;303;SALA 707A2;06.401-000;CENTRO;BARUERI;SP;escritorio@zelocontabilidade.com;(15) 3251-4031;;ATIVA;03/11/2005;;;;0.0
96295654000169;MATRIZ;10/04/2019;INSTITUTO SOCIAL DE SAUDE SAO LUCAS;INSTITUTO SAO LUCAS;399-9 - Associação Privada;R PRESIDENTE VARGAS;865;LETRA S;78.420-000;VILA NOVA;ARENAPOLIS;MT;institutosaudesaolucas@hotmail.com;(11) 4617-3914;;ATIVA;03/11/2005;;;;0.0
23960983000103;MATRIZ;03/09/2004;INSTITUTO MADRE TERESA;INSTITUTO MADRE TERESA;399-9 - Associação Privada;AVENIDA IPES;31;QUADRA31 LOTE 31;68.555-970;JARDIM TROPICAL;XINGUARA;PA;i.madretereza@hotmail.com;(94) 9178-7628;;ATIVA;13/01/2016;;;;0.0
11204751000146;MATRIZ;03/03/2006;INSTITUTO SANTA BARBARA DE GESTAO, ASSISTENCIA A SAUDE E PROMOCAO SOCIAL;ISBA;399-9 - Associação Privada;RUA DOUTOR OSVALDO COHIM;116;SALA 507;45.987-100;RECANTO DO LAGO;TEIXEIRA DE FREITAS;BA;contabilidade@isbagestao.com.br;(71) 3599-9122;;ATIVA;06/05/2019;;;;0.0
41480522000115;MATRIZ;03/06/2021;INSTITUTO DE EFICIENCIA EM GESTAO;IEG;399-9 - Associação Privada;AVENIDA DOM SEVERINO;1470;EDIF AFRANIO NUNES SALA 3;64.049-375;FATIMA;TERESINA;PI;contato@ieg.org.br;(86) 3085-0981;;ATIVA;17/03/2021;;;;0.0
75623181000101;MATRIZ;05/06/2002;ASSOCIACAO HOSPITALAR BENEFICENTE DE BANDEIRANTES;STA CASA DE MISERCORDIA DE BANDEIRANTES;399-9 - Associação Privada;RUA EDELINA MENEGHEL RANDO;1489;CX POSTAL 120;86.360-000;CENTRO;BANDEIRANTES;PR;;;;ATIVA;24/09/2005;;;;0.0
11421131000169;MATRIZ;07/06/2013;INSTITUTO BENEFICENTE DE HABITACAO, DE ASSISTENCIA SOCIAL, DE EDUCACAO E SAUDE - IBHASES;IBHASES;399-9 - Associação Privada;RUA SEBASTIAO FURTADO PEREIRA;60;ANDAR 7 SALA 704 E 705;88.117-400;BARREIROS;SAO JOSE;SC;ibhases@ibhases.org.br;(48) 3380-0089 / (48) 3035-4060;;ATIVA;21/12/2009;;;;0.0
05624609000155;MATRIZ;12/01/2011;INSTITUTO ELISA DE CASTRO;;399-9 - Associação Privada;AVENIDA EMBAIXADOR ABELARDO BUENO;03180;SALA 0701 SALA 0702 SALA 0703 SALA 0704 SALA 0705 SALA 0706 SALA 0707 SALA 0708 SALA 0709 SALA 0710;22.775-040;BARRA DA TIJUCA;RIO DE JANEIRO;RJ;contato@institutoelisadecastro.org;(21) 3431-7060 / (21) 2290-1789;;ATIVA;29/04/2003;;;;0.0
07698767000185;MATRIZ;04/05/2016;INSTITUTO BRASILEIRO DE GESTAO;IBRAG;399-9 - Associação Privada;ESTRADA ROBERTO SILVEIRA;1572;SALA 308;26.540-030;CENTRO;NILOPOLIS;RJ;ibraginstituto.rj@gmail.com;(21) 3215-0790 / (21) 2667-5822;;ATIVA;17/11/2005;;;;0.0
29846409000105;MATRIZ;09/04/2014;INSTITUTO SOCIAL SE LIGA;INSTITUTO SOCIAL SE LIGA;399-9 - Associação Privada;AVENIDA KENNEDY;101;ANEXO P ESP MAN GARRINCHA FUNDOSR CIRILO BRANCO, 290;24.440-490;PORTO DA PEDRA;SAO GONCALO;RJ;institutosocialseliga@live.com;(21) 2604-9005 / (21) 2604-9005;;ATIVA;04/10/2003;;;;0.0
22778915000165;MATRIZ;08/05/2017;INSTITUTO ACAO BRASIL;;399-9 - Associação Privada;R ITAGI;599;SALA 526 EDIF MEDITERRANEO;42.701-370;PITANGUEIRAS;LAURO DE FREITAS;BA;financeiro@acaobrasil.org.br;(71) 3051-5404;;ATIVA;28/03/2019;;;;0.0
10335101000177;MATRIZ;09/01/2014;INSTITUTO SOCIAL DE SAUDE E EDUCACAO DO RIO GRANDE DO NORTE;ISSERN;399-9 - Associação Privada;R PAULO PINTO DE ABREU;1997;LOTE LOTE 205;59.064-360;LAGOA NOVA;NATAL;RN;institutoissern@outlook.com;(84) 9473-2213;;ATIVA;17/07/2020;;;;0.0
07836454000146;MATRIZ;09/03/2012;INSTITUTO BRASILEIRO DE SAUDE, ENSINO, PESQUISA E EXTENSAO PARA O DESENVOLVIMENTO HUMANO;IBSAUDE;399-9 - Associação Privada;RUA SIQUEIRA CAMPOS;1184;SALA 1201 LADO DIREITO;90.010-001;CENTRO HISTORICO;PORTO ALEGRE;RS;presidencia@ibsaude.org.br;(51) 3225-8546;;ATIVA;20/01/2006;;;;0.0
02722307000121;MATRIZ;07/06/2016;ASSOCIACAO FARROUPILHENSE PRO-SAUDE;;399-9 - Associação Privada;RUA THOMAS EDISON;505;SALA 12;95.170-472;CENTRO;FARROUPILHA;RS;financeiro@prosaudefarroupilha.org.br;(54) 3056-7950;;ATIVA;19/08/1998;;;;0.0
07656237000174;MATRIZ;03/02/2021;ASSOCIACAO GUAPORE PRO-SAUDE;;399-9 - Associação Privada;RUA AGILBERTO MAIA;227;SALA 101;99.200-000;CENTRO;GUAPORE;RS;;(54) 3443-4340;;ATIVA;26/10/2005;;;;0.0
21248225000131;MATRIZ;02/04/2020;GRUPO SOLUCAO EM GESTAO;;399-9 - Associação Privada;RUA SAPIRANGA;90;SALA 603;93.548-192;JARDIM MAUA;NOVO HAMBURGO;RS;financeirosuporteseg@gmail.com;(51) 8133-6643;;ATIVA;15/12/2009;;;;0.0
91617407000118;MATRIZ;06/05/2022;HOSPITAL BENEFICENTE NOSSA SENHORA APARECIDA;;399-9 - Associação Privada;R HENRIQUE LENZI;015;PREDIO;95.360-000;CENTRO;PARAI;RS;;;;ATIVA;24/09/2005;;;;0.0
87317764000193;MATRIZ;09/05/2012;SOCIEDADE SULINA DIVINA PROVIDENCIA;;399-9 - Associação Privada;R DA GRUTA;145;CASA;91.712-160;CASCATA;PORTO ALEGRE;RS;;(051) 3184-377;;ATIVA;11/06/2005;;;;0.0
09345122000194;MATRIZ;12/05/2021;INSTITUTO SOCIO-EDUCACIONAL DA BIODIVERSIDADE;INSTITUTO MASPER;399-9 - Associação Privada;AVENIDA CARLOS GOMES;651;CONJ 401;90.480-003;BELA VISTA;PORTO ALEGRE;RS;licitacao@institutomasper.com.br;(51) 9577-9516 / (54) 3312-9197;;ATIVA;31/01/2008;;;;0.0
89891337000140;MATRIZ;03/06/2021;HOSPITAL DE CARIDADE SAO ROQUE;;399-9 - Associação Privada;R DONA CECI LEITE COSTA;1266;TERREO;97.220-000;CENTRO;FAXINAL DO SOTURNO;RS;;;;ATIVA;17/01/2004;;;;0.0
08012519000100;MATRIZ;08/06/2009;INSTITUTO DE EDUCACAO POPULAR MILTON RAASCH;ICPP - INSTITUTO COMUNIDADE DE POLITICAS PUBLICAS;399-9 - Associação Privada;RODOVIA BR 280;3215;KM 29 5 SALA 208 A BLOCO 1;89.245-000;PORTO GRANDE;ARAQUARI;SC;financeiro@institutocomunidade.org.br;(47) 8845-2839;;ATIVA;17/08/2020;;;;0.0
21041334000183;MATRIZ;06/07/2023;ASSOCIACAO CATARINENSE DE GESTAO HOSPITALAR, CONHECIMENTO E ASSISTENCIA SOCIAL;CHC;399-9 - Associação Privada;RUA SAMUEL HEUSI;190;SALA 605 G 12;88.301-320;CENTRO;ITAJAI;SC;controle@chcsaude.org;(47) 3056-6949 / (47) 3367-4043;;ATIVA;28/08/2014;;;;0.0
04188468000102;MATRIZ;07/05/2012;INSTITUTO BRASIL VIVO;BRASIL VIVO;399-9 - Associação Privada;AVENIDA BRASILIA;2121;EDIF 12 ANDAR - S. 1207;16.018-000;JARDIM NOVA YORQUE;ARACATUBA;SP;contabilidade@brasilvivo.org;(18) 9820-4344;;ATIVA;09/02/2022;;;;0.0
12846027000189;MATRIZ;05/07/2012;ASSOCIACAO HOSPITALAR SAO JOSE DE JARAGUA DO SUL;ASSOCIACAO HOSPITALAR SAO JOSE DE JARAGUA DO SUL;399-9 - Associação Privada;R WALDEMIRO MAZURECHEN;80;SALA JUNTO A DIRETORIA;89.251-830;CENTRO;JARAGUA DO SUL;SC;diretoria@hmsj.org.br;(47) 3274-5000/ (47) 3274-5012;;ATIVA;28/10/2010;;;;0.0
03748932000105;MATRIZ;01/08/2018;CENTRO DE INTEGRACAO RAIO DE SOL;CIRAS;399-9 - Associação Privada;RUA ROSA AZUL;360;LOTE 01;49.043-800;SANTA MARIA;ARACAJU;SE;ciras.aracaju@yahoo.com.br;(79) 3248-0011 / (79) 3248-0011;;ATIVA;27/08/2005;;;;0.0
26702577000139;MATRIZ;09/09/2016;BIOGESP - ASSOCIACAO DE GESTAO E EXECUCAO DE SERVICOS PUBLICOS E SOCIAIS;;399-9 - Associação Privada;RUA CARD ARCOVERDE;1641;SALA 93/94;05.407-002;PINHEIROS;SAO PAULO;SP;nfe@biogesp.org.br;(11) 4726-6364 / (11) 0000-0000;;ATIVA;28/09/2016;;;;0.0
08041997000130;MATRIZ;06/01/2014;INSTITUTO NUCLEO DE APOIO AS POLITICAS PUBLICAS - INAPP;INSTITUTO NUCLEO - INAPP;399-9 - Associação Privada;AVENIDA CARLOS GOMES;700;SALA 606;90.480-000;BOA VISTA;PORTO ALEGRE;RS;contato@inapp.org.br;(51) 3574-0555;;ATIVA;02/06/2006;;;;0.0
10546201000142;MATRIZ;03/07/2024;ASSOCIACAO DE ATENCAO HUMANITARIA A SAUDE;ATHUS;399-9 - Associação Privada;AV PEREIRA DA SILVA;928;SALA 04;18.095-340;JARDIM SANTA ROSALIA;SOROCABA;SP;legalizacao@zdauditoria.com.br;(15) 3233-5737;;ATIVA;01/12/2008;;;;0.0
07168874000100;MATRIZ;10/01/2020;INSTITUTO MED LIFE;;399-9 - Associação Privada;AVENIDA GENERAL ATALIBA LEONEL;93;CONJ 34;02.033-000;SANTANA;SAO PAULO;SP;financeiro@medelife.org.br;(11) 2089-1572 / (11) 6959-6149;;ATIVA;03/12/2003;;;;0.0
06879414000119;MATRIZ;12/04/2013;INSTITUTO DE GESTAO ADMINISTRACAO E PESQUISA EM SAUDE - IGAPS;;399-9 - Associação Privada;AVENIDA DOM PEDRO II;288;CONJ 72 SALA 01;09.080-000;JARDIM;SANTO ANDRE;SP;administracao@igaps.org.br;(11) 4319-3500 / (11) 4201-1515;;ATIVA;06/11/2003;;;;0.0
03893350000112;MATRIZ;09/03/2013;INSTITUTO JURIDICO PARA EFETIVACAO DA CIDADANIA E SAUDE;AVANTE SOCIAL;399-9 - Associação Privada;R JOSE HEMETERIO ANDRADE;950;ANDAR 05 06;30.493-180;BURITIS;BELO HORIZONTE;MG;inova@inovacontabilidadeltda.com.br;(31) 3295-5655;;ATIVA;26/06/2000;;;;0.0
07264707000154;MATRIZ;06/07/2019;INSTITUTO DE APOIO A GESTAO PUBLICA;IAG;399-9 - Associação Privada;RUA PIAUI;399;SALA 1401 EDIF SAO PAULO TOWERS;86.010-420;CENTRO;LONDRINA;PR;iagfinancas@gmail.com;(43) 9868-8472;;ATIVA;07/03/2005;;;;0.0
00726681000170;MATRIZ;08/12/2010;INSTITUTO DE APOIO A FAMILIA;;399-9 - Associação Privada;AVENIDA VALTER BOVERI;178;ANDAR 1;06.053-120;BUSSOCABA;OSASCO;SP;contato@iafa.org.br;(11) 3609-1096 / (11) 3683-7311;;ATIVA;25/03/2005;;;;0.0
07771646000111;MATRIZ;10/06/2016;INSTITUTO SALUTEM VITA EM RECUPERACAO JUDICIAL;;399-9 - Associação Privada;AVENIDA BRASIL;422;SALA 03;06.502-210;JARDIM SAO LUIS;SANTANA DE PARNAIBA;SP;financeiro@institutosalutemvita.com;(11) 2424-8180;;ATIVA;29/12/2005;;;;0.0
06258092000190;MATRIZ;06/12/2018;INSTITUTO INNOVARE GESTAO EM SAUDE PUBLICA;INSTITUTO INNOVARE;399-9 - Associação Privada;R MARCOS MARKARIAN;1025;SALA 503;14.026-583;NOVA ALIANCA;RIBEIRAO PRETO;SP;carlos.roque@drservicoscontabeis.com;(16) 3421-3340;;ATIVA;27/04/2004;;;;0.0
07900613000124;MATRIZ;02/03/2007;INSTITUTO SOCIAL SAUDE RESGATE A VIDA;INSTITUTO VIDA;399-9 - Associação Privada;RUA MARIA MADALENA SOARES;171;SALA 02;06.890-000;CENTRO;SAO LOURENCO DA SERRA;SP;contato@issrv.com.br;(11) 4612-3501;;ATIVA;15/02/2006;;;;0.0
05696218000146;MATRIZ;12/05/2003;IGEDES INSTITUTO DE GESTAO E DESENVOLVIMENTO;;399-9 - Associação Privada;AV DAS AMERICAS;3500;BLC 07 SAL 703 BLC 07 SAL 704 BLC 07 SAL 705 BLC 07 SAL 706;22.640-102;BARRA DA TIJUCA;RIO DE JANEIRO;RJ;CONTRATOS@IDEIASRJ.ORG.BR;;;ATIVA;12/05/2003;;;;
04994418000546;FILIAL;18/02/2021;ASSOCIACAO HOSPITALAR VILA NOVA;HOSPITAL REGIONAL NELSON CORNETET;399-9 - Associação Privada;R SÃO PAULO;800;;92.704-305;CENTRO;GUAIBA;RS;CONTABILIDADE1@AHVN.COM.BR;(51) 3245-8900;;ATIVA;18/02/2021;;;;
04994418000899;FILIAL;13/09/2022;ASSOCIACAO HOSPITALAR VILA NOVA;HOSPITAL DE SANTO ANTONIO DA PATRULHA;399-9 - Associação Privada;R MARECHAL FLORIANO PEIXOTO;732;;95.500-000;CIDADE ALTA;SANTO ANTONIO DA PATRULHA;RS;CONTABILIDADE2@AHVN.COM.BR;(51) 3245-8900/ (51) 9707-9395;;ATIVA;13/02/2022;;;;
04994418000465;FILIAL;20/04/2020;ASSOCIACAO HOSPITALAR VILA NOVA;ASSOCIACAO HOSPITALAR VILA NOVA - HOSPITAL BOM JESUS;399-9 - Associação Privada;R GENERAL EMILIO LUCIO ESTEVES;1042;;95.611-018;SAGRADA FAMÍLIA;TAQUARA;RS;CONTABILIDADE1@AHVN.COM.BR;(51) 3245-8900;;ATIVA;20/04/2020;;;;
04199009000124;MATRIZ;19/12/2000;IMP INSTITUTO DE MEDICINA E PROJETO;IMP;330-1 - Organização Social (OS);AV DAS AMERICAS;700;BLC 3 SAL 212;22.640-100;BARRA DA TIJUCA;RIO DE JANEIRO;RJ;ASSESSORIA@IMPRJ.ORG;(21) 3598-2433;;ATIVA;19/12/2000;;;;
02954994000100;MATRIZ;16/10/1998;ANAESP - ASSOCIACAO NACIONAL DE APOIO AO ENSINO, SAUDE E POLITICAS PUBLICAS DE DESENVOLVIMENTO;ANAESP;399-9 - Associação Privada;AL RIO NEGRO;1030;COND STADIUM ESCR 206;06.454-000;ALPHAVILLE CENTRO INDUSTRIAL E EMPRESARIAL/ALPHAV;BARUERI;SP;ANAESP@ANAESP.ORG.BR;(11) 4890-2384;;ATIVA;03/11/2005;;;;
04903422000128;MATRIZ;04/02/2002;CONSORCIO INTERMUNICIPAL DO VALE DO PARANAPANEMA: SAUDE - CIVAP/SAUDE;CIVAP/SAUDE;121-0 - Consórcio Público de Direito Público (Associação Pública);R DOS COMERCIARIOS;152;;19.816-215;VILA OURO VERDE;ASSIS;SP;CIVAP@FEMANET.COM.BR;(18) 3323-2368;MUNICÍPIO DE ASSIS;ATIVA;04/02/2002;;;;
07267476000132;MATRIZ;16/02/2005;INSTITUTO DE GESTAO ALIANCA - IGA;INSTITUTO DE GESTAO ALIANCA - IGA;399-9 - Associação Privada;AV LUIZ TARQUINIO PONTES;2576;SALA 503;42.709-190;BURAQUINHO;LAURO DE FREITAS;BA;IBDAHCORRESPONDENCIAS@GMAIL.COM;(71) 3508-9080;;ATIVA;16/02/2005;;;;
08776971000130;MATRIZ;16/02/2007;INSTITUTO SANTE;SANTE;399-9 - Associação Privada;AV ALMIRANTE TAMANDARE;94;ANDAR 8 SALA 805;88.080-160;COQUEIROS;FLORIANOPOLIS;SC;INSTITUTOSANTE@INSTITUTOSANTE.COM.BR;(48) 3224-5488;;ATIVA;16/04/2007;;;;
03969808001060;FILIAL;03/04/2018;INSTITUTO SOCRATES GUANAES - ISG;HOSPITAL REGIONAL DE SAO JOSE DOS CAMPOS;399-9 - Associação Privada;R GOIANIA;345;;12.235-625;PARQUE INDUSTRIAL;SAO JOSE DOS CAMPOS;SP;MARCELO.POLLINI@ISGSAUDE.ORG;(11) 9148-2823;;ATIVA;03/04/2018;;;;
09538688000566;FILIAL;29/12/2011;INSTITUTO DE RESPONSABILIDADE SOCIAL SIRIO LIBANES;O.S. I.R.S. SIRIO LIBANES UNIDADE HOSPITAL GERAL GRAJAU;399-9 - Associação Privada;R FRANCISCO OCTAVIO PACCA;180;;04.822-030;GRAJAU;SAO PAULO;SP;FISCAL@IRSSL.ORG.BR;(11) 5200-0946/ (11) 5200-0900;;ATIVA;29/12/2011;;;;
01476404000461;FILIAL;10/01/2019;INSTITUTO DE ATENCAO A SAUDE E EDUCACAO;;399-9 - Associação Privada;R CAPITAO ALBERTO GRAFF (JD STO ANTONIO);271;SALA 02;07.700-650;REGIAO CENTRAL;CAIEIRAS;SP;CONTATO@ACENI.ORG.BR;(11) 4330-2161;;ATIVA;10/01/2019;;;;
07231827000155;MATRIZ;16/02/2005;INSTITUTO BRASIL DE GESTAO PUBLICA - IBRAGESP;IBRAGESP;399-9 - Associação Privada;AV ANAPOLIS;100;CONJ 5 PAVMTO16 EDIF NBC;06.404-250;BETHAVILLE I;BARUERI;SP;FINANCEIRO@IBRAGESP.ORG.BR;(11) 8975-5502;;ATIVA;16/02/2005;;;;
03969808001141;FILIAL;22/05/2018;INSTITUTO SOCRATES GUANAES - ISG;AMBULATORIO MED DE ESPECIALIDADES DE S. JOSE DOS CAMPOS;399-9 - Associação Privada;AV ENGENHEIRO FRANCISCO JOSE LONGO;925;;12.245-000;JARDIM SAO DIMAS;SAO JOSE DOS CAMPOS;SP;ADMINISTRACAO@ISGSAUDE.ORG;(12) 3519-3100;;ATIVA;22/05/2018;;;;
07868290000139;MATRIZ;24/02/2006;INSTITUTO BRASILEIRO DE GESTAO E ASSISTENCIA A SAUDE - IBRAGAS;;399-9 - Associação Privada;AV PEREIRA BARRETO;1395;SALA 25;09.190-610;PARAISO;SANTO ANDRE;SP;CONTATO@IBRAGAS.COM.BR;(11) 9779-6642;;ATIVA;24/02/2006;;;;
;;;;;;;;;;;;;;;;;;;;;
;;;;;;;;;;;;;;;;;;;;;
;;;;;;;;;;;;;;;;;;;;;
;;;;;;;;;;;;;;;;;;;;;
;;;;;;;;;;;;;;;;;;;;;
;;;;;;;;;;;;;;;;;;;;;
;;;;;;;;;;;;;;;;;;;;;
;;;;;;;;;;;;;;;;;;;;;
;;;;;;;;;;;;;;;;;;;;;
;;;;;;;;;;;;;;;;;;;;;
;;;;;;;;;;;;;;;;;;;;;
;;;;;;;;;;;;;;;;;;;;;
;;;;;;;;;;;;;;;;;;;;;
;;;;;;;;;;;;;;;;;;;;;
;;;;;;;;;;;;;;;;;;;;;
